,gender,customer_type,fio,login
0,Female,1,Deborah Cruz,gdavid
1,Male,1,Brian Garcia,jonesrachel
2,Male,2,Phillip Johnston,briangallegos
3,Female,2,Lisa Jones,glovermelissa
4,Female,1,Michelle Hammond,john32
5,Female,2,Angela Munoz,delgadodebra
6,Female,1,Jenna Jackson,jeffreyjohnson
7,Female,1,Stephanie Gomez,zruiz
8,Male,2,Daniel Knox,scottashley
9,Female,1,Tasha Ellis,alex29
10,Male,1,Christopher Parker,cookwhitney
11,Female,2,Tiffany Elliott,ashley45
12,Female,2,Linda Powell,evansbarbara
13,Female,1,Sheena Fuentes,ericmiller
14,Female,1,Suzanne Parsons,jesusnguyen
15,Male,2,John Smith,thomasgates
16,Male,2,Lucas James,wellsrobert
17,Male,2,Justin Anderson,amandahull
18,Female,1,Lisa Young,benjamin44
19,Female,2,Laura Smith,kyle30
20,Female,1,Veronica Carpenter,nboyd
21,Female,1,Michele Atkins,ccobb
22,Male,1,Steven Levine,justin80
23,Male,2,Ricky Wagner,lrodriguez
24,Male,2,Jacob Turner,billy21
25,Male,1,Christopher Huffman,stefaniemccormick
26,Male,2,Charles Riley,srodriguez
27,Male,1,Anthony Phillips,rknapp
28,Male,2,Steven Cooper,christopher56
29,Female,2,Angela Howe,dconner
30,Female,1,Madison Lopez,jasonenglish
31,Female,2,Tiffany Cochran,pamela88
32,Female,2,Nicole Payne,richard78
33,Male,1,David Williams,kenneth80
34,Male,2,Robert Cantrell,davidhall
35,Male,2,Norman Miller,jordan57
36,Male,2,David King,mrussell
37,Male,1,Travis Dixon,shannonlevy
38,Male,2,Stephen Snyder,victoria74
39,Female,1,Beverly Mcdonald,gdunn
40,Male,2,Robert Holland,bhowell
41,Female,2,Susan Anderson,thomas68
42,Female,1,Anita Torres,wmosley
43,Female,2,Jordan Velez,xfletcher
44,Female,2,Samantha Jordan,michaelmedina
45,Female,1,Heather Hampton,johnsonvictor
46,Male,1,Benjamin Kelly,john64
47,Female,1,Jamie Taylor,heidifuller
48,Female,1,Stephanie Riley,brucewright
49,Male,2,Justin Glass,jamespeterson
50,Male,1,Christian Moore,veronicawilliams
51,Female,2,Christy Kim,wusara
52,Male,2,Dennis Moses,susanwashington
53,Female,1,Christina Greene,ashleysanchez
54,Male,2,Eric Saunders,jamiewebb
55,Male,2,Larry Ramirez,meyersamantha
56,Male,2,David Davis,smithcarolyn
57,Female,2,Melissa Page,vmorales
58,Female,1,Erika Love,maria03
59,Male,2,Francisco Mullins,heidi03
60,Female,2,Annette Butler,browndaniel
61,Female,1,Katrina Morales,briancollins
62,Male,2,David Williams,xglover
63,Female,2,Amber Hansen,vvega
64,Female,2,Donna Hogan,evan41
65,Male,1,Sean Santiago,youngchristina
66,Female,1,Brittany Delgado,shawncruz
67,Female,2,Jessica Taylor,frosttracy
68,Female,1,Donna Jordan,matthewlopez
69,Female,2,Jennifer Stephenson,keith08
70,Male,1,Christopher Yang,william57
71,Female,2,Cynthia Reyes,lparker
72,Female,2,Lauren Collins,josephbecker
73,Male,1,Ryan Dorsey,lorilee
74,Female,2,Tina Smith,thomasallison
75,Male,2,Eric Garcia,bellbrian
76,Female,2,Maria Perry,allisonmartin
77,Male,2,Darrell Lester II,jacobmiller
78,Female,2,Morgan Freeman,anthonyrodriguez
79,Female,2,Melissa Bennett,katherine75
80,Female,1,Pamela Robinson,julialarson
81,Male,2,Blake Butler,econtreras
82,Male,1,Dr. Christopher Wyatt,umedina
83,Female,2,Tammie Obrien,benjamin50
84,Male,1,Timothy Bennett,albert60
85,Male,2,Joseph Novak,fergusonshelley
86,Male,1,Mark Maddox,xsimon
87,Female,2,Michelle Mann,janderson
88,Male,2,Gregory Bradshaw,nicole44
89,Female,2,Susan Martinez DVM,rrodriguez
90,Male,2,Eric Diaz,katherinepatterson
91,Female,2,Sharon Smith,cassidykim
92,Female,2,Tricia Brown,spencerjustin
93,Female,2,Renee Rodgers,escobaramanda
94,Male,1,Edward Rodriguez,george40
95,Female,2,Brianna Clark,stephenking
96,Female,2,Sarah Pope,xanderson
97,Female,2,Katelyn Russo,william10
98,Female,2,Tanya Roman,orojas
99,Female,2,Rachel Curry,whitepaul
100,Male,1,Christopher Solomon,stacy49
101,Male,2,Ronald Jennings,briannalindsey
102,Female,2,Nancy Powell,jane25
103,Female,2,Carly Owen,earl37
104,Female,1,Ashley Ortega,ibarrayesenia
105,Male,2,John Davis,alisonmaxwell
106,Female,1,Laura King,jonathanscott
107,Female,1,Deborah Phillips,tracylamb
108,Male,2,Jeremy Alexander,susanwells
109,Female,1,Connie Reeves,sarahboyd
110,Female,2,Debbie Hunter,gwhite
111,Female,1,Christine Mcgee,kevinballard
112,Female,2,Joanne Bradshaw,charlesnorman
113,Female,2,Amy Austin,brenda69
114,Female,1,Lisa Reynolds,curtis66
115,Female,2,Sara Carter,vkent
116,Female,1,Traci Fowler,caseyroach
117,Male,2,David Moore,banksmichael
118,Male,2,David Long,garnerjessica
119,Female,1,Joanne Hebert,slittle
120,Female,2,Amanda Rivera,kristenmurphy
121,Female,2,Margaret Vega,vwhite
122,Female,2,Mariah Hanna,alec76
123,Female,2,Cheryl Anderson DVM,rhernandez
124,Male,2,Daniel Weaver,shariking
125,Female,2,Wanda Braun,whiteanthony
126,Male,1,Jesus Ramirez,millerjessica
127,Female,1,Robin Smith,mccormickjill
128,Female,2,Isabel Callahan,casey31
129,Male,1,Andrew Webb,vincent44
130,Male,1,Steven Moore,vbush
131,Female,1,Mary Navarro,joneshenry
132,Male,2,Kevin Simmons,derrick05
133,Female,1,Amy Zimmerman,roberta07
134,Female,2,Paula Chandler,erinenglish
135,Male,2,Nathaniel White,warrenbarbara
136,Female,2,Savannah Oconnell,zacharyanthony
137,Female,2,Sarah Martinez DDS,rachel09
138,Female,2,Kimberly Thomas,williecarney
139,Male,1,Nicholas Allen DDS,gonzalezjennifer
140,Female,2,Chelsea Taylor,erin57
141,Male,2,Kevin Gaines,crogers
142,Female,2,Kathleen Scott,gbrown
143,Female,1,Suzanne Jones,bwu
144,Female,2,Heather Ford,laura14
145,Female,2,Rachel White,michaeldecker
146,Male,1,Michael Robinson,sydneyhall
147,Male,2,Andre Williams,nicole50
148,Female,2,Natalie Williams,fmurray
149,Male,1,Jon Steele,jonescourtney
150,Male,2,Jeffrey Harris,xchen
151,Female,2,Wendy Mcknight,jason81
152,Male,2,Ryan Jackson,bryantmark
153,Male,2,Justin Hunter,whanson
154,Male,2,James Gordon,vaughnsheri
155,Male,1,Aaron Smith,harrisfred
156,Female,2,Melissa Porter,manuel40
157,Female,2,Alyssa Chambers,nelsongregory
158,Female,1,Charlene Bautista,grogers
159,Female,1,Lisa Mullen,bmartin
160,Female,1,Colleen Shepard,spencercarlos
161,Male,2,Zachary Anthony,melissapeck
162,Female,2,Sarah Wright,amyallen
163,Male,1,Juan Herrera,ofischer
164,Male,1,Anthony Carter,mosleysheila
165,Male,1,Benjamin Thompson,sheltonemma
166,Male,1,John Anthony,beckerjeremiah
167,Female,2,Maria Mcgee,kimberlyyoung
168,Female,2,Karen Jenkins,howarddestiny
169,Male,2,Dwayne Carter,latoya71
170,Male,1,Todd Schneider,rebeccawhite
171,Male,2,Andre Walls,taylor19
172,Female,1,Michelle Jimenez,nelsondawn
173,Female,1,Kelly Thomas,deborahshepard
174,Male,2,Alexander Hensley,johnnystephens
175,Male,2,Robert Williams,andrewsmith
176,Female,1,Latoya Alexander,sloanrichard
177,Female,2,Dominique Miller,jwhite
178,Female,2,Sandra French,joseph55
179,Male,2,Frank Moore,genglish
180,Male,1,Nathan Howe,nhurley
181,Male,1,Tony Roberts,taylorjennifer
182,Male,1,James Graham,ramirezvictoria
183,Male,2,Joseph Weaver,sheilanolan
184,Male,2,Brad James,wallaceannette
185,Male,1,Brian Nguyen,monicapacheco
186,Female,1,Natasha Robinson,nphillips
187,Female,2,Pam Lara,hsavage
188,Male,1,James Booth,urobinson
189,Female,2,Sylvia Guerrero,geoffreywall
190,Female,1,Megan Kelly,williamerickson
191,Female,1,Sarah Baker,melissajohnson
192,Female,1,Pamela Myers,iperez
193,Female,1,Lisa Phillips,harrymcdaniel
194,Male,1,Frank Garcia,kristinwhite
195,Male,2,Paul Wolf,gabrielavelazquez
196,Male,2,Michael Flores,mariowilson
197,Female,2,Laura Warren,anthony47
198,Female,2,Annette Jackson,matthewlyons
199,Female,1,Kristine Wheeler,rknight
200,Male,2,William Ellis,thomas74
201,Male,1,Timothy Lyons,emilykelly
202,Male,2,Sean Henry,mathismark
203,Male,2,Patrick Ellis,castrojacob
204,Male,1,Gregory Mckay,dsampson
205,Male,2,Robert Taylor,whitejennifer
206,Female,2,Laurie Williams,awilliams
207,Female,2,Kelly Silva,moralesvincent
208,Male,1,James Pena,lisa72
209,Female,1,Mary Aguilar,eyoung
210,Male,1,Brian Petty,hendersonross
211,Male,2,Dalton Harrington,zellis
212,Male,2,Jason Lamb,mmarshall
213,Female,1,Jennifer Maddox,marissa23
214,Female,2,Lauren Collins,sandersmark
215,Female,1,Amanda Shepherd,holtkaitlyn
216,Male,1,Ryan Solis,victor84
217,Male,2,John Fox,davidcamacho
218,Male,1,Calvin Campbell,kathrynmiller
219,Female,2,Ashley Farmer,michael24
220,Male,1,Brian Walsh,rmay
221,Female,2,Sandra Arnold,oevans
222,Male,1,Michael Durham,mark42
223,Female,2,Susan Phillips,megan18
224,Male,1,Ryan Hebert,adam06
225,Male,1,William Compton,sperkins
226,Male,2,Dakota Lopez,robindaniels
227,Male,2,John Ramirez,lisa38
228,Male,2,Adam Diaz,adrianperez
229,Female,2,Megan Jones,rebeccalogan
230,Male,2,Mr. Dominic Vazquez,vaustin
231,Male,1,Lawrence Gill,john37
232,Female,1,Bethany Martinez,daniel05
233,Male,2,Keith Chapman,henrypratt
234,Female,1,Brittney Avery,kelleyamanda
235,Female,1,Kathryn Fleming,juarezpamela
236,Female,1,Debbie Campos,michaelarellano
237,Female,2,Christina Russo,melissa63
238,Female,2,Samantha Jones,rbrown
239,Female,1,Ana Miller,tylergay
240,Male,2,Joshua Alexander,zoliver
241,Female,2,Amber Brown,fking
242,Female,1,Michelle Hall,alyssa24
243,Female,1,Laurie Kelly,coopervictoria
244,Male,1,Gregory Ochoa,austinlarry
245,Female,2,Yolanda Strickland,floresshannon
246,Male,1,Miguel Snyder,daviselizabeth
247,Female,1,Kristina Woods,qmoore
248,Male,2,Aaron Armstrong,jennifer51
249,Female,2,Latoya White,adamsanchez
250,Male,2,Stephen Miller,scott82
251,Female,2,Nicole Smith,karen38
252,Female,1,Tamara Hampton,matthewingram
253,Female,2,Samantha Lewis,quinncarl
254,Female,2,Kristina Richardson,znavarro
255,Male,2,Tyler Hayes,heatherdavis
256,Male,2,Larry Griffin,sean50
257,Female,2,Melissa Meyer,xmitchell
258,Male,1,Daniel Wells,osanchez
259,Male,1,Timothy Wagner,floressharon
260,Male,1,John Howe,bwallace
261,Female,2,Jackie Baker,eric96
262,Male,2,Aaron Rogers,rrodriguez
263,Female,1,Alison Williams,wjimenez
264,Female,1,Heather Shaw,kimberlywilson
265,Female,2,Emily Garrison,davisashley
266,Male,2,William Villarreal DVM,dhodges
267,Male,2,Duane Wallace,watsonholly
268,Male,1,Thomas Robinson,eatonbrenda
269,Male,1,Sean Rodgers,diana84
270,Female,2,Gina White,panderson
271,Male,1,William Leach,cassandrafletcher
272,Male,1,Jimmy Mooney,tonyacooper
273,Female,2,Maria Perez,eddie27
274,Female,2,Carolyn Sanchez,vtaylor
275,Male,1,Gregory Hoover,dominguezjohn
276,Female,1,Melissa Kennedy,robertharris
277,Female,2,Madison Mckinney,amypowers
278,Female,2,Kendra Brown,whorne
279,Male,1,Jorge Turner,regina75
280,Male,2,David Martinez,hallmary
281,Male,1,James Lopez,whitemichael
282,Female,1,Erin Mcgrath,munozjames
283,Male,1,Sean Strickland,davisrobert
284,Male,2,Edward King,jonathan37
285,Female,1,Michelle Shaw,krystal25
286,Male,1,Wesley Williams,desiree84
287,Male,2,Marcus Booker,vjensen
288,Female,2,Jessica Day,dhopkins
289,Male,1,Michael Washington,jacob23
290,Female,1,Amanda Hendrix,kjohnson
291,Female,1,Heidi Huang,laura77
292,Male,1,Steven Cunningham MD,jsutton
293,Male,2,Don Lee,tannerdonna
294,Female,2,Julie Huynh,stacy79
295,Female,2,Alison Choi,nathan74
296,Female,2,Emily Cooke,patricia03
297,Male,2,Eric Wright,lindsay16
298,Male,1,Ronald Brady,kevinbuckley
299,Female,1,Sabrina Smith,sanchezconnie
300,Male,1,Troy Gutierrez,joseph19
301,Female,2,Christina Campbell,schmidtpaige
302,Female,1,Carla Mann,bruce17
303,Female,1,Mary Fernandez,zamoraalexander
304,Male,1,Timothy Alexander,dkey
305,Female,2,Brittany Hunter,emilydyer
306,Female,2,Dr. Sara Hanson,mackrebecca
307,Male,1,Steve Hardy,williamsjon
308,Female,1,Elizabeth Meyer,murphycrystal
309,Male,1,Chad Camacho,longheather
310,Female,2,Alicia Braun,james97
311,Male,1,James Bell,davidjackson
312,Male,1,Michael Sampson,mary92
313,Male,2,Alexander Johnson,mcfarlandchase
314,Female,2,Teresa Anderson,ashleyrich
315,Female,2,Amanda Payne,justinyoung
316,Female,1,Mrs. Natasha Martin,gsmith
317,Female,2,Pamela Quinn,james05
318,Female,1,Shari Floyd,michaelpaul
319,Male,2,Michael Daniel,xnunez
320,Female,2,Adrienne Mccormick,christine51
321,Female,2,Shannon Reyes,lbarnes
322,Male,1,Eugene Neal,ewiley
323,Female,2,Dawn Fischer,lawrencerobert
324,Male,2,Justin Cooper,mariahbailey
325,Male,1,Robert Andrews,medinamelissa
326,Male,2,Shane Kim,jasonparker
327,Male,1,Gene Tucker,rmonroe
328,Female,2,Nicole Santos,adamrobinson
329,Male,1,Leonard Elliott,jamesknight
330,Male,2,Joe Phelps,kelly58
331,Male,1,Nicholas Martin,john11
332,Male,1,Elijah Ramirez,groberts
333,Female,1,Emma Meyer,joeloliver
334,Male,2,Jonathan Crane,aaron63
335,Female,2,Emily Jackson,xmartinez
336,Female,2,Elizabeth Harrison,greenlisa
337,Male,2,Gregory Davis,fpark
338,Male,2,Zachary Parker,michael53
339,Female,2,Jasmine Dawson,cody49
340,Female,1,Vickie Simpson,allenkimberly
341,Male,1,Jason Russell,stephanie24
342,Male,2,Jeffery Parker,angela74
343,Female,1,Nicole Cox,osmith
344,Female,1,Hannah Hays,bhill
345,Male,2,David Brock,gcarroll
346,Female,2,Robin Richardson,johnneal
347,Male,2,Jeffrey Harris,kelly12
348,Male,2,Thomas Clark,josephchapman
349,Female,1,Tonya Arnold,englishmaria
350,Female,1,Laura Sanchez,cheryl52
351,Female,1,Michelle Rose,qmcdaniel
352,Female,2,Krista Howard,davisjames
353,Female,1,Elizabeth Melton,mark89
354,Male,1,Timothy Wilson,mitchellshah
355,Male,2,Austin Solomon,bklein
356,Male,1,Richard Campbell,stephaniehansen
357,Female,2,Laura Byrd,sotorichard
358,Female,2,Stephanie Guerrero,carrolloscar
359,Male,1,Cameron Kennedy,barajasjulie
360,Female,2,Jennifer Short,ppotter
361,Female,1,Kimberly Carr,josephmelendez
362,Male,1,Earl Bennett,coxshannon
363,Female,1,Jennifer Sherman,hroth
364,Male,1,Timothy Smith,jameswong
365,Male,1,Brian Douglas,victoriariggs
366,Female,2,Lauren Smith,sharondiaz
367,Male,1,Billy Herrera,allensharp
368,Male,1,Travis Nichols,parkermichele
369,Female,1,Yvonne Jones,linda73
370,Female,2,Rebecca Dominguez,john35
371,Male,2,Richard Kelly,sandra96
372,Female,2,Denise Richards,robert41
373,Female,1,Virginia Garza,william80
374,Male,2,Phillip Salazar,porterandre
375,Female,2,Heather Pollard,richardskatrina
376,Male,2,Jeffrey Gilbert DDS,paulatodd
377,Male,2,Benjamin Gardner,jmartin
378,Male,1,Chad Brown,olynch
379,Female,2,Traci Barrett,phillip11
380,Female,1,Joy Gill,ocollins
381,Female,2,Jamie Heath,jennifer85
382,Female,2,Shannon Horton,jodijordan
383,Male,2,John Smith,brianna01
384,Female,2,Sally Garner,smorgan
385,Male,1,Jason Yu,joelwood
386,Female,2,Kimberly Butler,nicholas83
387,Female,2,Claudia Cuevas,brandy49
388,Male,1,Gary Johnson,floresheidi
389,Female,2,Sarah Moore,imejia
390,Female,1,Natasha Skinner,robertmitchell
391,Male,2,Todd Downs,levyfrederick
392,Male,2,Joshua Gonzalez,owenseddie
393,Male,1,Matthew Fernandez,jmiller
394,Male,1,Raymond Rodriguez,yvette08
395,Female,2,Amanda Wyatt,amandaalvarez
396,Male,2,Charles Rodgers,dsheppard
397,Female,2,Patricia Johnson,martinjohn
398,Male,2,Kenneth Graham,mgrant
399,Female,2,Samantha Dorsey,phillipjackson
400,Male,1,Richard Smith,brandygriffin
401,Female,1,Christine Simmons,fparrish
402,Female,2,Christy Smith,debra74
403,Male,2,Chad Garcia,ndiaz
404,Male,2,Joseph Rubio,james01
405,Male,2,Brian Thomas,josephmccullough
406,Male,2,Michael Bishop,wilkinsoncassidy
407,Male,1,Russell Boyle,rfernandez
408,Male,1,Dr. James Campbell,nrobertson
409,Female,2,Sheila Benton,galvandavid
410,Female,1,Nicole Brown,fieldscourtney
411,Female,1,Kelly Lee,aeverett
412,Female,2,Alexis Lawson,oliverjames
413,Male,1,Paul Bass,coxbeth
414,Female,2,Melanie Green,erin96
415,Female,2,Jennifer Rowe,melindalopez
416,Female,2,Rachel Allen,shannonguerrero
417,Male,1,James Evans DDS,avilaandres
418,Male,1,Mr. Gerald Flores DDS,todddrew
419,Female,1,Ashley Williams,kristi48
420,Male,2,Robert Adkins,whitneycameron
421,Male,2,Scott Peters,michael94
422,Male,1,Michael Thomas,lawrence13
423,Female,1,Diane Wells,lawrence20
424,Female,2,Evelyn Juarez,sylvia44
425,Male,2,Andrew Hall,bdunn
426,Male,1,Christopher Walker,david66
427,Male,1,Zachary Manning,robertgibson
428,Male,2,Philip Hunter,zachary46
429,Female,2,Rachel Griffith,justinreeves
430,Female,2,Bianca Romero,patricia11
431,Female,2,Jessica Martin,emilyhayes
432,Male,2,Jeffrey Payne,gregoryharris
433,Female,1,Shannon Garcia,keydeanna
434,Male,1,Alan Estrada,manntiffany
435,Male,2,Mr. Robert James,xcox
436,Female,2,Hailey Brennan,taylorkayla
437,Female,1,Mary Ferguson,james39
438,Male,1,Thomas Ochoa,dianacarney
439,Male,1,John Ford,jessicaharris
440,Male,1,John Mitchell,stephaniecamacho
441,Female,1,Nichole Reeves,rphillips
442,Male,1,Sean Carter,jeremy52
443,Female,2,Misty Brown,johnny59
444,Male,2,Casey Houston,jessicamorales
445,Female,2,Cindy Leblanc DDS,myersjohn
446,Male,2,Allen Wilkerson,angelaroberts
447,Female,2,Heather Spencer,berryerica
448,Male,1,Danny Mejia,scarlson
449,Male,2,Daniel Reed,megansmith
450,Female,1,Jasmine Hendrix,brownjonathan
451,Female,2,Deborah Robles,dlawrence
452,Male,1,Jacob Long,miguelchapman
453,Female,2,Maria Perry,tgarza
454,Female,1,Cheryl Orozco,hturner
455,Male,1,Seth Pacheco,petersondave
456,Female,2,Laura Miller,xbowman
457,Female,1,Julie Delgado,patrick20
458,Female,1,Haley Lewis,kurtsmith
459,Female,1,Andrea Thomas,ellen36
460,Female,1,Cindy Riley,brandonharris
461,Female,2,Stephanie Duncan,bryantdiane
462,Male,1,Brad Dominguez,erinholmes
463,Male,2,Mr. Miguel Jimenez,matthewalexander
464,Female,1,Pamela Robles,ericacalderon
465,Male,1,Grant Holland,gibsonjennifer
466,Male,1,David Francis,qmcintyre
467,Male,2,Kevin Moore,michelle21
468,Male,2,Chad Ryan,mjackson
469,Female,1,Lauren White,patrickelizabeth
470,Female,2,Rebecca Hawkins,sherrera
471,Female,1,Crystal Jones,russell83
472,Female,1,Jane Cox,katherine08
473,Female,2,Bonnie Harris,maryrobles
474,Male,2,Logan Flores,hector48
475,Female,2,Felicia Chavez,jenniferpark
476,Female,2,Shelley Wright,nancysantiago
477,Female,1,Elizabeth Garcia,elizabeth74
478,Female,2,Jessica Ritter,matthew28
479,Male,1,Thomas Harrison,kennethhernandez
480,Male,1,Christopher Green,kellyleah
481,Male,1,Jason Bailey,stricklandcaroline
482,Female,2,Stephanie Knight,gatesmichelle
483,Male,1,Robert Jones,ojones
484,Male,1,Aaron Weiss,michaelrussell
485,Female,2,Laura Ochoa,gwillis
486,Female,2,Mariah Henderson,debra27
487,Male,1,Kyle Ochoa,roy99
488,Male,1,Sean Lam,ashley62
489,Male,1,Daniel Miller,yarmstrong
490,Female,2,Miranda Norman,sara43
491,Male,1,Russell Matthews,jamesnelson
492,Female,2,Jennifer Smith,scottandrew
493,Female,1,Sheila Rollins,lisayoung
494,Male,1,Steven Norton,joseph71
495,Male,2,Joe Boone,matthewmason
496,Male,1,Kevin Davis,gloriaforbes
497,Female,2,Nicole Nunez,catherineburke
498,Female,2,Crystal Murphy,johnsonleah
499,Female,2,Colleen Ferguson,william02
500,Female,2,Amber Stokes,rebeccaharding
501,Male,1,James Taylor,brent60
502,Female,1,Denise Huang,ehaynes
503,Male,1,Paul Day,mary19
504,Female,2,Tonya Campbell,iwilliams
505,Male,2,David Floyd,walkersabrina
506,Female,2,Grace Baldwin,vincentmargaret
507,Female,2,Emily Butler,newtoneric
508,Male,1,James Myers,kyleortiz
509,Female,1,Gabriella Thompson DVM,madisonhancock
510,Male,1,Joshua Smith,vlopez
511,Male,1,Kurt Wright,laura32
512,Male,1,Steven Holland,salazarscott
513,Male,1,Michael Burns,mary03
514,Male,2,Dave Sullivan,melinda41
515,Male,1,David Gonzalez,grant50
516,Female,1,Sherry Green DDS,cynthiajackson
517,Female,1,Melissa Johnson,pbeck
518,Male,2,Alexander Bird,yhoward
519,Male,2,Jeremy Boyd,nicholscharles
520,Male,1,Michael Manning,zachary75
521,Female,1,Courtney Guerrero,broberts
522,Male,2,Ryan Perez,calebfinley
523,Male,2,Richard Adams,hawkinskimberly
524,Female,2,Morgan White,andreevans
525,Female,1,Pamela Foster,mark20
526,Male,2,Robert Best,ronald80
527,Male,1,Brian Watson,uzamora
528,Female,1,Katherine Washington,jgonzales
529,Male,2,Bill Johnson,blackwellalexander
530,Male,1,William Kelly,brodriguez
531,Male,2,Joshua Moses,gilbertmadison
532,Female,1,Kathleen Bryant,raymond01
533,Female,1,Nicole Austin,rickygonzales
534,Female,2,Samantha Miller,fgeorge
535,Male,1,Dan Schroeder,smithshannon
536,Male,1,Benjamin Cunningham,moorealyssa
537,Male,2,Richard Allen,kelly16
538,Female,2,Cynthia Hall,valdezheather
539,Male,1,Dylan Gonzalez,crystalbrown
540,Male,2,Shawn Haley,oliviareeves
541,Female,2,Chelsey Taylor,kenneth06
542,Male,2,Wayne Foley,catherinedecker
543,Female,2,Terry Rice,melissamcdonald
544,Male,2,Jake Graves,cannontyrone
545,Female,1,Allison Garza,gabrielle00
546,Male,1,Christopher Martinez,landrykenneth
547,Male,1,Jared Roberts,combslaura
548,Female,2,Tara Wright,kelly74
549,Female,2,Erin Jones,brian90
550,Female,1,Crystal Mitchell,kyliejones
551,Male,2,James Glover III,julian26
552,Male,2,Alexander Terry,joshua04
553,Male,1,Terrance Haynes,onunez
554,Female,1,Denise Miles,huntergary
555,Female,1,Rachel Nelson,natasha04
556,Male,1,Edward Brooks,christyjones
557,Female,2,Mary Thomas,awest
558,Female,1,Melissa Patton,igibson
559,Male,2,Christopher Hicks,jason27
560,Female,2,Patricia Powell,austinwilliams
561,Male,2,James Olsen,amy61
562,Female,1,Jodi Smith,ramirezamy
563,Female,2,Karen Martin,rodrigueztasha
564,Female,1,Cheryl Jones,jamesfreeman
565,Male,2,Kevin Mejia,donaldsonkristen
566,Male,1,David Simpson,valeriehoward
567,Male,1,Kyle Ryan,jonnguyen
568,Male,2,Douglas Escobar,johnsonmary
569,Male,1,Travis Bean,vadkins
570,Female,1,Theresa Wilkerson,gcampbell
571,Female,2,Kaitlyn Brennan,suzanneraymond
572,Female,2,Lauren Perez,youngchristina
573,Male,1,Patrick Brown,andreamoore
574,Male,2,David Matthews,daniel34
575,Male,1,Jaime Fry,summersdavid
576,Male,1,Pedro Spence,ibarker
577,Female,2,Stacy Hall,elliottsteve
578,Female,1,Lisa Randolph,laurabuckley
579,Male,1,Jerry Dyer,lpope
580,Female,1,Amy Rodriguez,ianrosario
581,Male,2,Eric Smith,jennifer44
582,Male,1,Dr. David Maldonado MD,jacksongilbert
583,Male,2,Ryan Gibbs,mark47
584,Female,2,Taylor Zimmerman,holly43
585,Male,2,Ruben Chung,theresa14
586,Male,1,Nicholas Thomas,jonesmichael
587,Female,2,Tina Davis,jrodriguez
588,Female,2,Mariah Stafford,kathygeorge
589,Male,1,Lonnie Burke,acevedosarah
590,Male,1,Anthony Sellers,mjones
591,Female,1,Michelle Hill,leon94
592,Male,1,Michael Hunt,ucarter
593,Male,1,Craig Kennedy,charlesturner
594,Male,1,Nathan Murphy,steinnicholas
595,Female,1,Kimberly Martin,tyler01
596,Male,2,Justin Burch,heathermccormick
597,Female,1,Kimberly Hooper,pthomas
598,Male,2,Andrew Becker,christinanguyen
599,Female,1,Kaitlin Sampson,karen02
600,Female,2,Emily Ellis,amanda19
601,Male,2,Jacob Cooper,sortiz
602,Male,2,Jose James,kscott
603,Male,1,Aaron Stevenson,matthew33
604,Female,2,Kathryn Hardy,sullivanjose
605,Male,1,Duane Morgan,kgreen
606,Male,2,Dr. Christopher Miller,mpeters
607,Male,2,Robert Cole,acarter
608,Female,1,Dr. Allison Miller,roberto55
609,Male,1,Ryan Dodson,susan00
610,Female,2,Karen Bryant,imiles
611,Female,1,Jacqueline Rodriguez,dawndonaldson
612,Female,1,Andrea Gonzalez,jodylynn
613,Male,2,Joshua Rodgers,rebeccabennett
614,Female,1,Brittany Wilson,tiffanygay
615,Female,1,Jillian Smith,nsmith
616,Male,1,Jimmy Miller,pricecolleen
617,Male,1,Zachary Burch,traceyvasquez
618,Female,1,Crystal Silva,stanleyamanda
619,Male,2,Matthew Cook,mbruce
620,Female,1,Stacey James,james80
621,Male,2,Jonathan Martin,aheath
622,Male,1,Joshua Williams,joann75
623,Female,1,Heather Miller,cynthiayoung
624,Female,1,Claudia Turner,eholden
625,Male,1,Dr. Lawrence Beck II,judithanderson
626,Male,2,David Lopez,nsmith
627,Male,2,Michael Jones,robertsanchez
628,Male,1,Derek Wells,lwells
629,Female,2,Carol Pitts,susan76
630,Female,2,Patricia Johnson,pamelacompton
631,Female,2,Nicole Simpson,michelle79
632,Male,2,Zachary Walton,eduran
633,Male,2,Christopher Vasquez,jeffrey75
634,Male,1,Gary Martin,randy34
635,Female,2,Laura Franklin MD,mccormickbrandon
636,Male,2,Eric Riggs,icain
637,Female,2,Sarah Williams,ashleylawrence
638,Female,1,Barbara Skinner,andreameyer
639,Male,2,Shawn Vazquez,melissastuart
640,Female,2,Patricia Cooley,jerryjohnson
641,Female,2,Donna Curry,iparks
642,Female,2,Samantha Graham,xmolina
643,Male,2,Ryan Thomas,uchaney
644,Male,2,Mr. John Neal,cunninghamcheryl
645,Female,1,Lori Lowery,matthew81
646,Male,1,Parker Jones,moralesnicholas
647,Female,2,Kirsten Robinson,charles94
648,Female,1,Krystal Cooper,mckeeseth
649,Female,2,Brianna Gray DDS,smithryan
650,Female,1,Patricia Barr,hendrixdaniel
651,Female,2,Erika Townsend,jessica54
652,Female,2,Amber Alexander,dicksonrobin
653,Male,2,William Cummings,samanthagutierrez
654,Female,1,Leslie Shaw,rgibson
655,Male,2,Nathan Huynh,christopherwheeler
656,Female,2,Alyssa James,daviesgary
657,Male,2,Scott Mora,michaelbest
658,Male,2,Phillip Grimes,thomasapril
659,Male,1,Thomas Nielsen,xsmith
660,Male,1,Derek Thomas,hbyrd
661,Male,2,Marcus Blake,michele64
662,Female,2,Tina Warren,richard27
663,Male,2,Jonathan Jackson,crawfordwilliam
664,Female,1,Erica Martinez,michaelboyd
665,Female,2,Tina Oconnor,nathanduke
666,Female,1,Stephanie Juarez,jennifer95
667,Male,1,Tony Scott,fsmith
668,Female,1,Barbara Allen,andersonjustin
669,Female,1,Kristen Higgins,perezdavid
670,Female,2,Sandra Bell,joneschristopher
671,Male,2,Billy Higgins,mary79
672,Male,2,Mr. Shane Davis,vwhite
673,Male,2,Jordan Cohen,ecohen
674,Female,2,Elizabeth Hudson,michellemoore
675,Male,2,Michael Morris,craig47
676,Female,1,Ashley Smith,pnichols
677,Female,2,Ashley Dixon,valeriemiles
678,Male,2,Robert Roy,tmoore
679,Female,1,Amanda Diaz,rachel07
680,Female,1,Jennifer Melton,terrimiller
681,Female,2,Michelle Diaz MD,daniel05
682,Male,1,Sean Velez,vincent30
683,Male,2,Stanley Evans MD,elizabethluna
684,Male,2,David Wilson,james78
685,Female,2,Nancy Garcia,kmccormick
686,Male,1,Anthony Acosta,chrisleonard
687,Female,2,Diamond Decker,kgarcia
688,Male,1,Thomas Parker,howard52
689,Female,2,Carla Crawford,victorlewis
690,Male,2,Mark Hanson,michaelturner
691,Female,1,Melissa Gonzalez,judyhicks
692,Male,1,Tyler Andrews,perkinsrebecca
693,Male,2,Albert Riley,nicholasrivas
694,Female,1,Janet Gordon,briansmith
695,Female,2,Elizabeth Brooks,sandra05
696,Male,1,Eric Duncan,carriebarrett
697,Female,1,Kim Hawkins,nicole19
698,Male,2,Jason James,edaugherty
699,Female,1,Jennifer Cruz,michelle03
700,Male,1,Joseph Smith,jgardner
701,Male,2,Travis Proctor,ingramjames
702,Male,2,Troy Owen,ysolis
703,Male,1,Daniel Wilson,bfoster
704,Male,2,Jacob Knight,taylor59
705,Female,2,Sandra Larsen,murphyjenny
706,Female,2,Cathy Vaughn,cole18
707,Female,1,Shannon Nash,benjamin55
708,Male,2,Aaron Peters DVM,melissa76
709,Male,1,Joshua Cline,reidbrandi
710,Female,2,Kelly Lawrence,samuelallen
711,Male,2,Brad Hill,michael45
712,Male,1,Jonathan Tucker,ltaylor
713,Male,2,James Miller,callen
714,Female,1,Angela Moss,perezbrandon
715,Female,1,Jodi Massey,david60
716,Male,1,Jeffrey Cruz,morenotracy
717,Female,2,Teresa Reynolds,louis37
718,Female,2,Melanie Harris,jonesadam
719,Male,1,Daniel Martinez,kimberlybates
720,Male,1,Mark Rodriguez,rthompson
721,Female,2,Taylor Smith,karenlong
722,Male,1,Sean Davis,leslie69
723,Female,1,Janet Williams,gmoore
724,Female,2,Beth Bennett,allensue
725,Female,2,Mrs. Laura Neal,taraspencer
726,Male,1,Eric Smith,sally83
727,Female,1,Stephanie Jackson,michaelwoods
728,Male,1,Timothy Carlson,qcrane
729,Male,2,James Berry,robertrussell
730,Male,1,Jason Garcia,morrowcarrie
731,Male,1,Joel Delgado,lecarol
732,Female,1,Barbara Jones,edwardphillips
733,Female,2,Jennifer Williams,katelynalexander
734,Female,1,Joy Gordon,tinathompson
735,Male,2,Curtis Lawrence,zjones
736,Male,1,Scott Carroll,lopezsusan
737,Female,2,Jessica Mcpherson,makayla93
738,Male,2,Daniel White,lindseymartin
739,Male,1,Mr. Gregory Castillo,williamsamy
740,Male,1,Matthew Day,georgerichards
741,Male,1,Willie Smith,robert59
742,Male,1,Brian Willis,schwartzdalton
743,Male,1,Dylan White,brownjeremiah
744,Male,2,Douglas Young,meghan14
745,Female,1,Christine Ochoa,debrawatkins
746,Female,1,Erika Daniels,douglas86
747,Male,1,Cory Brandt,jill55
748,Male,2,Kyle Cox,dburgess
749,Male,2,Charles Hayden,fjackson
750,Female,2,Jill Grant,curtis20
751,Female,2,Vanessa Martin,eflores
752,Male,2,Micheal Montgomery,yadkins
753,Male,1,Calvin Edwards,sarahjohnson
754,Female,2,Taylor Tran,murphyangela
755,Female,1,Mrs. Victoria Hernandez,angelacherry
756,Female,2,Mary Jefferson,petersenjennifer
757,Male,1,Nicholas Wilson,mary46
758,Female,2,Amy Smith,sandraphillips
759,Female,2,Jennifer Taylor,hayskenneth
760,Female,2,Gabrielle Smith,aarmstrong
761,Female,2,Teresa Wilson,morganjames
762,Female,1,Audrey Chavez,aaronlogan
763,Female,2,Christine Woods,vmack
764,Male,2,Kevin Jones,xlynch
765,Female,2,Whitney Horne,david66
766,Female,2,Courtney Miller,scott87
767,Female,2,Mary Green,bobbylowery
768,Male,2,Jonathan Russell,cynthia66
769,Male,1,Gregory Martinez,michael10
770,Female,2,Valerie Rodriguez,rosebrian
771,Female,1,Heidi Carroll,agardner
772,Female,2,Vanessa Stephens,ypowell
773,Female,1,Rebecca Benson,pamela64
774,Male,2,David Price,echan
775,Female,2,Brenda Dalton,yflynn
776,Male,2,Justin Turner,rachelbarrett
777,Female,2,Karen Hernandez,tracy09
778,Male,2,Christopher Olsen,mullinschristina
779,Male,1,Reginald Sparks,sabrina39
780,Male,2,Brian Brown,cartercarolyn
781,Female,2,Michelle Davis,sschneider
782,Male,1,Dr. Randall Pham MD,cordovajennifer
783,Female,1,Danielle Vaughan,jonesamanda
784,Male,2,Matthew Underwood,vicki33
785,Female,1,Ellen Whitaker,cranekenneth
786,Male,2,Matthew Garcia,lauren64
787,Female,1,Tammy Allen,vincenterica
788,Male,1,Kevin Roberts,latasha09
789,Female,1,Cassandra Salazar,dlee
790,Female,2,Sandra Davis,jennifer53
791,Female,2,Kristen Gibson,rcummings
792,Female,1,Amanda Suarez,ashley57
793,Male,2,Timothy Cisneros,wardbrittany
794,Female,2,Norma White,hannachristopher
795,Male,1,Timothy Pena,alan05
796,Male,1,Michael Davis,khernandez
797,Male,1,Thomas Harrell,gilbertdavid
798,Male,2,Rodney Riddle,bhernandez
799,Female,1,Lori Boyer,kenneth72
800,Female,1,Brittney Donaldson,fnicholson
801,Male,2,Kyle Mahoney,kmoody
802,Male,1,Curtis Marsh,fsmith
803,Female,1,Erin Stein,charles62
804,Female,1,Elizabeth Norris,hayesashley
805,Female,2,Brooke Roman,jennyschneider
806,Male,1,Justin Thomas,timothymartin
807,Male,1,Brian Lee,debra80
808,Male,2,Matthew Ross,adamscassandra
809,Female,2,Julie Porter MD,andersontammy
810,Male,1,Richard Scott,ashleydavis
811,Female,2,Barbara Elliott,vanessa50
812,Male,1,Brian Jacobs,rvaughan
813,Male,1,Richard Kemp,xshannon
814,Female,1,Susan Simmons,schmittmichael
815,Male,1,Craig Valentine,tiffany22
816,Male,2,Perry Martinez,anthonybaker
817,Female,1,Taylor Olson,gfisher
818,Male,1,Luis Miller,wilsoncindy
819,Male,2,Jimmy Warren,aliceblake
820,Male,2,Christopher Maldonado Jr.,johnny51
821,Female,2,Wendy Church,wcruz
822,Female,1,Hannah Kennedy,schneidertyler
823,Male,2,Anthony Irwin,nicholassanders
824,Female,1,Leah Clark,jking
825,Female,2,Victoria Jimenez,miranda58
826,Female,1,Jessica Alvarado,grodriguez
827,Male,1,Brian Jones,ernest52
828,Female,2,Jennifer Jordan,brewerbryan
829,Male,2,Randy Gonzalez,edward34
830,Female,1,Jo Gonzales,kdaniels
831,Female,1,Brooke Gonzalez,williamwright
832,Female,2,Jill Long,richardsclaudia
833,Male,2,Michael Sanchez,aprilgrimes
834,Female,2,Christine Buck,stewarteddie
835,Female,2,Victoria Garcia,sherrywu
836,Male,1,Richard Evans,misty04
837,Female,2,Rose Young,anncollins
838,Female,2,Nicole Flores,rebecca91
839,Male,1,Trevor Grant,stacy31
840,Male,2,Matthew Bryant,ralph61
841,Female,1,Charlotte Jones,charles36
842,Male,2,Joseph Patterson,yeseniachen
843,Female,1,Sonya Lopez,georgedavid
844,Male,1,Stephen Charles,ftodd
845,Female,2,Tiffany Williams,porterdavid
846,Male,1,Jason Skinner,tcook
847,Male,2,Brian Wiley,michaelcampbell
848,Female,2,Natalie Byrd,ljackson
849,Male,1,Patrick Levine,leachjames
850,Male,1,Johnathan Hebert,brian91
851,Female,2,Bailey Hodges,chad31
852,Male,1,Benjamin Davenport,andrew39
853,Male,1,Ernest Gibson,johnny12
854,Male,2,Gregory Newman,corey94
855,Female,2,Andrea Lee,edward25
856,Male,1,Christopher Edwards,jodi39
857,Male,1,Jason Murray,perezlisa
858,Female,1,Kaitlyn Blankenship,corey70
859,Female,2,Shannon Estes,ahoffman
860,Female,2,Ariel Shields,moorejacob
861,Male,1,Douglas Harris,ibailey
862,Male,2,Scott Williams,antonio58
863,Male,2,Timothy Gonzalez,michael03
864,Female,2,Sheryl Kirk,anthony27
865,Female,1,Erika Martin,gina79
866,Male,2,Scott Torres,jrogers
867,Male,2,Francisco Chang,jonathanwilliams
868,Male,2,Victor Jackson,changbrandon
869,Female,1,Kimberly Cameron,whiteheather
870,Female,1,Leslie Campbell,cynthia34
871,Male,1,James Thomas,brownjoseph
872,Male,1,Gregory Wong,martha96
873,Male,1,Grant Thompson,jamiebrown
874,Female,2,Elizabeth Daniels,beth05
875,Female,2,Ashley Hamilton,johnathanmejia
876,Male,1,Samuel Pearson,lorrainetucker
877,Male,1,James Rodriguez,tomcallahan
878,Male,1,Thomas Lopez,kevin07
879,Male,1,Anthony Harris,randolphjeremiah
880,Male,1,Ryan Johnson,malonedavid
881,Male,1,Richard Nelson,michele05
882,Male,1,Spencer Hartman,stewartsean
883,Female,2,Karen Allen,brookewells
884,Male,1,Jonathan Livingston,garciaronald
885,Male,2,Paul Watkins,kylerodgers
886,Male,1,Eric Khan,emilymatthews
887,Male,2,Jacob Santana,brad61
888,Female,1,Kristina Williams MD,pmonroe
889,Male,1,Don Nguyen,fordcurtis
890,Female,1,Sara Smith,grant76
891,Male,2,Joseph Atkins,jamessusan
892,Female,2,Kathryn Phillips,heathersullivan
893,Male,2,David Williams,vbarnes
894,Female,1,Kari Caldwell,zachary15
895,Male,2,Michael Hayes,angelaschmidt
896,Male,1,Phillip Moses,baileycastillo
897,Male,2,Todd Lyons,andrewcunningham
898,Male,2,Mr. Jason Christensen,mbutler
899,Male,2,Thomas Rowe,samanthasalazar
900,Male,1,Alexander Ward,michelleward
901,Male,1,Ian Hicks,stacy20
902,Male,1,Michael Ortiz,kristinnelson
903,Female,1,Rachel Higgins,jacksonashley
904,Female,1,Jessica Yates,rthompson
905,Female,2,Elizabeth Sims,johnsoncory
906,Male,2,David Williams,ryan98
907,Female,2,Lisa Coleman,nealvanessa
908,Male,2,Ryan Delgado,leeethan
909,Male,2,Jason Moore,gary20
910,Male,2,Jeffrey Brown,danielsamy
911,Male,1,Kenneth Taylor,youngsamantha
912,Female,1,Stacy Rodriguez,ecollins
913,Male,2,James Holmes,krobinson
914,Female,2,Madison Johnson,mrasmussen
915,Male,2,Brad Bonilla,aaronedwards
916,Male,2,William Harris,greenandrew
917,Male,2,Nathan Wood,psherman
918,Male,2,Charles Reid,jack27
919,Female,2,Alexandra Dawson,cookkenneth
920,Male,2,Larry Conway,dgilbert
921,Female,2,Sandra Moses,brandy30
922,Female,1,Shelley Henry,emily71
923,Male,2,Michael Gonzales,melvin37
924,Male,1,Ryan Stevenson,ykidd
925,Female,2,Teresa Bailey,seanwilson
926,Female,2,Jessica Freeman,cbranch
927,Male,1,Steven Bryant,rosejohn
928,Male,2,James Weiss,ealvarado
929,Female,1,Margaret Charles,reedcarol
930,Male,2,Joseph Brown,michelle52
931,Male,2,Philip Stevens,nicholas73
932,Female,2,Briana Skinner,omar60
933,Female,1,Stephanie Williams,williamsglenn
934,Male,1,Paul Walter,ogarcia
935,Male,1,Brian Cabrera,denise52
936,Male,1,Michael Johnson,jessica44
937,Male,1,Richard Le,elliottkatherine
938,Male,2,Douglas Curtis,obrienscott
939,Female,2,Melissa Haynes,eric76
940,Female,1,Amy Mcgrath,pamela34
941,Male,1,Stephen Walker,olivia08
942,Male,1,Troy Duffy,joannele
943,Female,1,Brittany Jones,lford
944,Female,2,Amanda Jones,kelly71
945,Male,1,Tyler Collins,kaylarivas
946,Female,2,Karen Howard,usalazar
947,Male,2,Martin White,gilbertsteven
948,Male,1,John Sullivan,rachelburgess
949,Female,2,Jennifer Jones,cclark
950,Female,1,Amy Roberts,susan18
951,Female,2,Donna Foley,eross
952,Female,2,Mrs. Stacey Sanchez,larryhayes
953,Female,1,Amanda Huang,plarson
954,Male,2,Justin Jones Jr.,rebeccaoliver
955,Female,2,Tanya Warner,cmyers
956,Female,2,Christine Gomez,uhenry
957,Female,2,Diamond Stevens,timothy84
958,Male,2,Ryan Lucas,hwalter
959,Female,2,Michelle Johnston,jasonreyes
960,Female,2,Melissa Rodriguez,smartin
961,Male,1,Jack Davis,moralesjonathan
962,Female,1,Gina Sullivan,gilesmallory
963,Female,1,Lisa Downs MD,anntucker
964,Male,2,Clifford Scott,staffordcaleb
965,Female,1,Claudia Carson,sotobob
966,Male,1,Kevin Hutchinson,sstevenson
967,Female,1,Colleen Byrd,jenniferjohns
968,Female,1,Samantha Hawkins,andrew68
969,Female,2,Jillian Long,robert49
970,Male,1,Robert Cole,ericjoseph
971,Male,1,Nathan Le,msalazar
972,Male,1,Curtis Alvarez,turnertony
973,Male,2,Louis Watkins,mary67
974,Male,1,Andrew Wright,kristina41
975,Male,2,Jonathan Mitchell,crystal66
976,Male,1,Ronald Flores,careystephanie
977,Male,1,David Fisher,ewong
978,Male,1,Jacob Beck,charlesmcintyre
979,Male,2,Gary Johnson,tmacdonald
980,Male,2,Vincent Watson,cmitchell
981,Male,2,Jacob Lewis,jennifermccarty
982,Female,2,Katherine Simon,cynthia34
983,Female,2,Stephanie Nguyen,ramosjames
984,Female,1,Lisa Brown,nicholasharris
985,Male,2,Brian Peck,lloydjeremy
986,Male,1,Brian Lee,qrogers
987,Male,2,James Walker,anita56
988,Male,1,John King,roger58
989,Male,2,David Mccoy,brayamanda
990,Male,1,Jerry Bryant,david03
991,Female,1,Tiffany Hernandez,payneangela
992,Female,2,Brenda Watson,vsmith
993,Male,2,Wayne Washington,nwebb
994,Female,2,Brianna Foster,josepowell
995,Female,2,Teresa Payne,davidharris
996,Female,2,Angela Elliott,mirandagreen
997,Female,1,Tiffany Murphy,kathy15
998,Male,2,Gary Winters,anne96
999,Female,2,Erika Moreno,zpatterson
1000,Male,1,Wayne Davidson MD,progers
1001,Male,2,Derek Jenkins,ghowell
1002,Male,2,George Payne,qjones
1003,Female,2,Denise Mclaughlin,mullinsgrace
1004,Female,1,Renee Turner,irobinson
1005,Female,1,Beverly Robinson,sheila14
1006,Female,1,Lisa Valentine,andrewbishop
1007,Male,2,Dwayne Bridges,pchavez
1008,Male,1,Jeremiah Snyder,amysmith
1009,Female,2,Lindsey Conner,lsullivan
1010,Female,2,Lisa Harris,kvargas
1011,Male,2,Christopher Smith,kedwards
1012,Male,2,Dylan Meyer,frank18
1013,Female,1,Brittney Klein,rodriguezamy
1014,Female,2,Michelle Brown,tgreen
1015,Male,1,Michael Taylor,karen63
1016,Male,1,Martin Dixon,elizabethbrown
1017,Female,2,Ann Burnett,hillsteve
1018,Female,2,Mrs. Stacey Morgan,kevinmoore
1019,Female,2,Kimberly Webster,ghansen
1020,Female,1,Tiffany Morales,michelle33
1021,Male,1,Nicholas Bell,michelleschroeder
1022,Female,1,Taylor Rivera,mthompson
1023,Female,1,Rebecca Mosley DDS,evanschris
1024,Female,2,Valerie Dunn,derrickedwards
1025,Female,1,Heather Williams,mvega
1026,Male,2,Tristan Perez,gary46
1027,Female,1,Angelica Pearson DDS,jamiedawson
1028,Female,2,Danielle Mcneil,amanda58
1029,Female,2,Danielle Espinoza MD,john36
1030,Male,2,James Lee,teresa05
1031,Female,2,Carla Warren,stephanie41
1032,Female,1,Amber Lopez,stacymitchell
1033,Female,1,Crystal Duncan,pjones
1034,Female,2,Pamela Horton,mvillanueva
1035,Female,2,Jamie Black,qhart
1036,Female,2,Nicole Thomas,nhartman
1037,Female,2,Christina Little,laura71
1038,Male,2,Alexander Jackson,zimmermanjames
1039,Male,2,Cody Wilson,kristina04
1040,Male,2,Todd Wilson,andersonnancy
1041,Female,1,Sheila Morgan,corey30
1042,Female,1,Elizabeth Jackson,davidjones
1043,Female,2,Angela Booker,elizabeth37
1044,Female,2,Jane Stewart,feliciamorris
1045,Female,1,Tracey Stevenson,mooreshannon
1046,Male,1,Christopher Morales,qroberts
1047,Female,1,Brittany Nelson,stanleynicole
1048,Male,2,Michael Gregory,fmason
1049,Male,1,Jeffrey Mcgee,ginasampson
1050,Female,1,Regina Park,huangjeremy
1051,Female,1,Mrs. Debra Tucker DVM,valenzuelacandice
1052,Female,2,Mrs. Ashley Alvarez DVM,udixon
1053,Male,2,Douglas Brown,cheryl68
1054,Male,2,Steven Nelson,tina11
1055,Female,1,Diana Chan,banderson
1056,Female,1,Tina Wilson,judy31
1057,Male,2,Robert Cervantes,kristina04
1058,Female,2,Cynthia Kelly,stephenmorrow
1059,Male,1,John Mason,wpacheco
1060,Female,1,Phyllis Clark,dramirez
1061,Female,2,Felicia Brown,santosdebbie
1062,Female,2,Kim Rhodes,annaklein
1063,Female,1,Erika Thompson,katherinelivingston
1064,Male,1,Cory George,carsonrobert
1065,Male,2,Jamie Vega,cynthia09
1066,Female,1,Teresa Mercer,sara08
1067,Female,2,Jennifer Soto,vward
1068,Female,2,Taylor Gilmore,ewolf
1069,Male,2,Michael Kirby,ckim
1070,Female,1,Amber Conley,normanwilliam
1071,Female,2,Victoria Brooks,jacksonjames
1072,Female,1,Stefanie Castillo,elizabethjohnson
1073,Female,2,Melissa Walker,dalemccall
1074,Male,1,Russell Morales,neaton
1075,Male,1,Timothy Hayes,rstuart
1076,Female,1,Jennifer Weber,michellediaz
1077,Female,2,Christine Lopez,jonathan15
1078,Male,2,Mr. Donald Small,anna21
1079,Female,2,Monica Sanders PhD,wnovak
1080,Female,2,Lori Ortiz,victor08
1081,Male,1,Jose Stanton,troyobrien
1082,Male,1,James Thompson,rlopez
1083,Female,2,Hayley Jackson,scott11
1084,Male,1,Brian Chaney,jack68
1085,Female,1,Rachael Wright,stanleyantonio
1086,Male,2,Justin Edwards,alexanderbrooks
1087,Female,2,Regina Henderson MD,rodriguezkevin
1088,Male,1,Joseph Spencer,jeremybaker
1089,Female,2,Rebecca Floyd,plong
1090,Male,2,Grant Combs,smithjared
1091,Female,1,Allison Fields,jhall
1092,Female,1,Anna Oconnor,johnbrewer
1093,Male,2,Tom Ross,michaelherrera
1094,Female,1,Catherine Lynch,lisadiaz
1095,Male,2,Bobby Cook,khamilton
1096,Male,1,Joseph Walker,tmartin
1097,Female,2,Kimberly Fleming,gfoster
1098,Male,2,Michael Patterson,zgreen
1099,Female,1,Melissa Wilson,johnsonlindsay
1100,Female,2,Jane Beltran,xmartinez
1101,Female,1,Jessica Allen,claudiavasquez
1102,Male,1,William Ross,nguyentimothy
1103,Male,2,Douglas Wade DDS,steven01
1104,Male,1,Mr. Steven Hill,wilkinsgregory
1105,Female,2,Doris Richards,colewilliam
1106,Female,1,Stephanie Durham,jamesjohnson
1107,Male,1,Gregory Martinez,perezdaniel
1108,Male,1,Patrick Carlson,parkertommy
1109,Male,2,Jay Wall,gardnerscott
1110,Male,1,Eric Rivera,melissa63
1111,Female,2,Cheryl Hendrix,matthewlong
1112,Female,2,Kara Gonzales,chad34
1113,Female,2,Brittney Collins,odennis
1114,Female,2,Victoria Kaufman,davischristopher
1115,Female,1,Jennifer Salazar,mullinssusan
1116,Female,1,Deanna Stout,frankcastillo
1117,Male,2,Charles Duran,keithknight
1118,Female,1,Kristi Simon,nroberson
1119,Female,1,Rhonda Nichols,tkent
1120,Female,1,Victoria Young,jsilva
1121,Female,1,Lori Harris,mtaylor
1122,Male,1,Anthony Watson,johndurham
1123,Male,2,Jesse Thomas,seancole
1124,Female,1,Andrea Contreras,freystephanie
1125,Female,1,Monique Drake,colinowen
1126,Female,2,Monica Odonnell DDS,vickigalvan
1127,Female,1,Jessica Robinson,alexander66
1128,Male,1,Patrick Williams,erik25
1129,Female,2,Alice Delgado,connernorman
1130,Male,1,Daniel Rasmussen,feliciamarshall
1131,Female,1,Rachael Ochoa,lisaavery
1132,Male,1,Jack Martinez,warnerjennifer
1133,Male,2,Stephen Johns MD,linda10
1134,Female,2,Christy Stewart,smartin
1135,Male,2,Michael Griffith,srojas
1136,Male,1,Taylor Young,jonesryan
1137,Male,2,Charles Dougherty,juannelson
1138,Female,1,Rebecca Mata,jenningsrebecca
1139,Female,1,Lindsay Wells,lparker
1140,Female,1,Michelle Stephens,nathanwhite
1141,Female,2,Helen Shea,jayhartman
1142,Male,2,James Quinn,rsmith
1143,Male,2,Dr. Justin Sawyer,gregory09
1144,Male,2,Harry Mccullough,andreaflowers
1145,Male,2,Darrell Hudson,farmerlisa
1146,Male,2,Keith Reed,michael23
1147,Female,2,Laura Oliver,jefferyrobinson
1148,Female,1,Miss Shelby Smith,brian42
1149,Female,1,Carrie Bishop,gomezabigail
1150,Male,2,Corey White,roberthood
1151,Male,2,Dennis Fox,durannorman
1152,Male,2,Joshua Craig,lharris
1153,Male,1,Tracy Williams,mcbridebrittany
1154,Female,2,Michelle Harris,daniel25
1155,Male,2,Brendan Miller,epatterson
1156,Female,1,Rachael Williams,steve09
1157,Female,2,Katie Rogers,michael74
1158,Female,1,Jessica Baker,judymartin
1159,Female,1,Brittany Lewis,josephmedina
1160,Female,1,Sandra Hardin,gloria33
1161,Female,1,Katherine Allen,pamela99
1162,Female,2,Maria Turner,shannonanderson
1163,Male,2,Daniel Moore,shawn73
1164,Female,2,Jennifer Watson,dstewart
1165,Female,1,Alyssa Sosa,reesejason
1166,Male,2,Scott Garza,alicia46
1167,Male,1,David Blair,randallsteven
1168,Male,1,Larry Bradley,ehuff
1169,Male,1,Devin Johnson,christopher06
1170,Male,2,John Davis,aliciaadkins
1171,Female,2,Christina Young DDS,bauerholly
1172,Female,1,Pamela Robinson,thompsondonna
1173,Male,1,Jeffrey Wiley,rheath
1174,Male,2,David Gonzalez,christopherhale
1175,Male,1,William Lopez,diana11
1176,Male,1,Christopher Rodriguez,heidimurphy
1177,Male,1,Casey White,swilson
1178,Male,1,Mark Flores,joseberry
1179,Female,2,Laura Johnson,cheyenne51
1180,Female,2,Elizabeth Shaw,lauren59
1181,Male,2,Joshua Smith,kevinwilkinson
1182,Male,1,Joshua Stone,nataliefowler
1183,Female,2,Donna Mcguire,ygonzalez
1184,Male,2,Michael Sharp MD,antonio04
1185,Female,2,Kimberly Williams,nicolegonzalez
1186,Female,1,Brenda Jones,mejiaclaudia
1187,Male,1,Phillip Wall,edward91
1188,Male,1,David Sanchez,adkinserin
1189,Female,2,Julie Rogers,zjohnson
1190,Female,2,Judy Smith,calebware
1191,Female,1,Cynthia Hernandez,oharris
1192,Female,2,Cindy Wright,jeffrey88
1193,Male,2,Andre Taylor,stephaniematthews
1194,Female,2,Nancy Woods,ruizerin
1195,Female,2,Patricia Griffin,awilson
1196,Female,1,Erica Durham,donaldwelch
1197,Male,1,Michael Hancock,stevenhayes
1198,Male,1,William Ayers,heatherpope
1199,Female,2,Pamela Young,brenda37
1200,Male,2,David Jones,davidferguson
1201,Male,1,Jason Martinez,uhoffman
1202,Male,2,Victor Gibson,spruitt
1203,Female,2,Brianna Good,reyesjamie
1204,Female,1,Melanie Hamilton,bonniegriffin
1205,Male,1,Robert Brown,sean84
1206,Male,2,Mr. Christopher Manning,jthomas
1207,Female,2,April Haas,swilliams
1208,Female,2,Lauren Gonzalez,seanadkins
1209,Male,2,Mr. Reginald Sellers DDS,hrojas
1210,Male,1,Ryan Odonnell,ladkins
1211,Male,1,Eric Aguirre,michaelhoward
1212,Female,2,Amanda Marsh,thomasrivas
1213,Male,2,Ronald Owens,christophercarter
1214,Male,2,Christopher Sullivan,stephenmosley
1215,Male,2,James Boyd,brianfaulkner
1216,Male,1,Eddie Ramos,sarahramos
1217,Female,1,Shannon Howe,vwalsh
1218,Male,1,William Hester,kwhite
1219,Male,1,Timothy York,felicia86
1220,Female,2,Tammy Hernandez,scottshelby
1221,Female,2,Rachael Arellano,uwoodard
1222,Male,2,Dennis Jordan,dawnsanchez
1223,Male,1,Paul Farley,kendra19
1224,Male,2,Michael Edwards,ashley32
1225,Female,2,Nicole Rocha,richard90
1226,Male,2,Mr. Troy Lozano,brownpaul
1227,Female,1,Janice Cline,zimmermanjean
1228,Female,2,Brittany Carroll,goodwinbethany
1229,Male,2,Richard Morrison,walshtracy
1230,Female,2,Amanda Mendez,tammypaul
1231,Female,1,Diana Gates,bmclean
1232,Male,2,John Velez,jjones
1233,Female,2,Jackie Johnson,akhan
1234,Male,1,Jonathan Davis,ycarr
1235,Male,1,John Nichols,jacobsamy
1236,Female,2,Megan Bryan,tiffanybecker
1237,Female,2,Kathy Bowers,jasmine25
1238,Male,1,Anthony Bailey,sharon47
1239,Female,1,Kimberly Caldwell,johnsonalicia
1240,Female,1,Emma Kidd,catherineboone
1241,Female,1,Dr. Elizabeth Jennings DVM,whitecatherine
1242,Female,2,Michelle Brown,jaclyn44
1243,Male,2,Benjamin Ford,shannonrenee
1244,Female,2,Gail Stevenson,sonya43
1245,Female,1,Ann Newton,mendozalynn
1246,Male,2,Nathaniel Holmes,rsmith
1247,Female,2,Dawn Smith,conradalison
1248,Male,2,Christian Snyder,jdavis
1249,Male,2,Michael Cochran,tylerchristopher
1250,Female,2,Erika Larson,hillisabel
1251,Female,2,Renee Ellis,carrollallen
1252,Male,1,Charles Solis,john94
1253,Female,1,Jennifer Henry,jfrazier
1254,Female,1,Deborah Gill,wwagner
1255,Female,1,Tara Chandler,xhale
1256,Female,2,Jenna Hoffman,maryfrank
1257,Male,2,Timothy Harris Jr.,luislopez
1258,Male,2,Christopher Sanchez,cantusteven
1259,Male,2,Robert Byrd,patrickcummings
1260,Male,1,James Hamilton,clarkmarcus
1261,Female,2,Sierra Savage,james31
1262,Male,2,David Evans,donald76
1263,Female,1,Danielle Jackson,shane83
1264,Male,2,James Dunn,pvargas
1265,Female,1,Debra Young,craig17
1266,Male,1,Dale Williams,phoward
1267,Female,2,Julia Rodriguez,kellycunningham
1268,Male,1,Jonathan Jones,wsawyer
1269,Male,2,Robert Stewart,calexander
1270,Male,2,Tyler Baker,victoriaduncan
1271,Male,2,Stephen Medina,tiffany65
1272,Female,2,Charlene Preston,goodmanrobin
1273,Male,1,Jeremy Norton,laurie15
1274,Female,1,Theresa Roberts,jacobjordan
1275,Male,1,Timothy Lucero,hrobles
1276,Female,2,Marie Williams,christophergarcia
1277,Female,1,Kimberly Cunningham,michaelmorales
1278,Female,2,Carol Campbell,hortonmaria
1279,Male,2,William Weaver,lisareid
1280,Female,1,Laura Perkins,william24
1281,Male,2,David Kelly,cferguson
1282,Female,2,Hannah Harris,andersonaustin
1283,Female,2,Christina Herring,blankenshipgeorge
1284,Male,1,John Durham,daviddecker
1285,Male,1,Barry Williams,blopez
1286,Female,1,Denise Hubbard,ijackson
1287,Female,1,Megan Nelson,mosescharles
1288,Female,1,Charlotte Fitzgerald,xmartin
1289,Male,2,Curtis Bush,alexandra07
1290,Female,1,Ms. Kathleen Mueller,zcherry
1291,Male,1,Eugene Ellis,jamesherrera
1292,Female,2,Shannon Fry,xgarcia
1293,Male,1,Christopher Wright,wmaldonado
1294,Female,1,Jessica Bauer,thomasjerry
1295,Male,1,Gregory Coleman,vchase
1296,Female,2,Christy Moore,vbrown
1297,Male,2,Carlos Nunez,icarroll
1298,Female,2,Krystal Montoya,zhernandez
1299,Female,1,Crystal Silva,chasejake
1300,Female,1,Ebony Ortega,patriciaherrera
1301,Female,1,Jennifer Hamilton,jacob51
1302,Male,1,Chase Daniels,pcooper
1303,Female,1,Mrs. Pamela David,smithdavid
1304,Female,1,Jill Savage,nicole35
1305,Male,2,Joshua Chase,traceywalter
1306,Female,1,Betty Cook,chelseakelly
1307,Male,1,Taylor Rodriguez,rickywhite
1308,Female,1,Erika Boyle,holmesronald
1309,Male,1,Paul Williams,jeremy38
1310,Female,1,Desiree Lopez,williambowers
1311,Male,1,Tony Robbins,andradejames
1312,Male,2,Kenneth Johnson,pamelavaughn
1313,Female,2,Adrienne Martin,donnaphillips
1314,Female,2,Patricia Walsh,denniswatts
1315,Female,2,Rhonda Reed,sierra94
1316,Male,2,Brandon Green,patricia91
1317,Male,1,Frederick Marks,lemonica
1318,Male,2,Christopher Cunningham,butlermary
1319,Male,2,Jason Jenkins,mathisjason
1320,Female,1,Dominique Henderson,beardjoshua
1321,Female,1,Veronica Gray,tcurry
1322,Male,1,Clinton Smith,ruizcody
1323,Male,2,David Simmons,bridgetdiaz
1324,Female,1,Christine Lopez,robertbaker
1325,Female,2,Tara Hall,staceysanchez
1326,Male,2,Nicholas Ortiz,ecurtis
1327,Female,1,Cynthia Carter,gvalenzuela
1328,Male,1,Ricardo Thompson,john00
1329,Female,1,Denise Richardson,amy51
1330,Male,1,Keith Thomas,kgiles
1331,Male,2,Jason Boyd,megan94
1332,Female,2,Lori White,leefaith
1333,Male,1,Donald Robinson,brandon97
1334,Male,1,Christopher Schmitt,williamsvictoria
1335,Female,1,Teresa Michael,victoriaduncan
1336,Male,1,Malik Campbell,henrykelly
1337,Female,1,Julie Gibson,evansmichael
1338,Male,2,Dylan Matthews,jorge88
1339,Female,2,Emily Fernandez,simmonsjennifer
1340,Male,2,Stephen King,douglashunter
1341,Male,1,Joseph Hutchinson,david44
1342,Male,1,Cory Hart,garciadarlene
1343,Male,2,Brian Clark,melissagonzalez
1344,Male,2,Jacob Barnett,guy00
1345,Male,2,James Wilkerson,brendadavis
1346,Male,1,Andrew Estrada,stonekatie
1347,Male,1,Terrance Johnson,autumnyork
1348,Male,2,Eric Cox,jonathan70
1349,Female,2,Lisa Thomas,smccann
1350,Female,1,Cheyenne Smith,rodneytaylor
1351,Female,2,Heather Rubio,thomasweber
1352,Male,2,Timothy Fletcher,frazierroberta
1353,Female,2,Ashlee Welch,amurray
1354,Male,1,Dwayne Thompson,douglassmith
1355,Male,2,Derek Cole,dawnshelton
1356,Female,1,Christine Hernandez,imcgee
1357,Male,2,Jason Cunningham,dawncook
1358,Male,1,Thomas Cannon,kelly36
1359,Female,2,Barbara Harmon,ambercunningham
1360,Male,1,Christopher Todd,nhess
1361,Male,2,Austin Cannon,christopherjohnston
1362,Male,1,Hector Dillon,juanmcgee
1363,Male,2,Christopher Marquez,tkelly
1364,Female,2,Jenna Hood,whitejason
1365,Female,1,Carrie Church,xnorton
1366,Female,2,Linda Bridges MD,kristen21
1367,Male,2,Jerry Munoz,xbennett
1368,Male,2,Keith Clarke,tiffany28
1369,Male,2,Christopher Brewer,munozmary
1370,Female,1,Lisa Reeves,jacob26
1371,Female,2,Laura Richards,mallory71
1372,Male,1,William Erickson,holmesstephanie
1373,Male,2,Calvin Phillips,alvarezhannah
1374,Female,1,Christina Walton,jyang
1375,Male,1,Larry Patrick,vthomas
1376,Male,2,James Garrett,shernandez
1377,Female,2,Heidi Thomas,michael01
1378,Female,2,Madison Cunningham,latoya62
1379,Female,1,Crystal Love,hmorris
1380,Male,2,Austin Walker,brookecruz
1381,Female,2,Jordan Hill,johnlee
1382,Female,1,Erin Hogan,mckayalexis
1383,Female,1,Nancy Jenkins,donaldbrown
1384,Male,2,Albert Barron,michaelferguson
1385,Female,2,Alexis Smith,lisadavila
1386,Male,2,David Smith,rhonda54
1387,Female,2,Kathleen Duffy,theresahughes
1388,Female,2,Loretta Diaz,jessica02
1389,Female,1,Angela Davis,ccochran
1390,Male,1,Steve Davis,vazquezchristina
1391,Male,2,Ricky Thomas,hunter60
1392,Male,2,James Walters,keiththomas
1393,Female,1,Jessica Trujillo,nwarren
1394,Male,2,James Smith,william99
1395,Male,2,Tracy Sullivan,michelle38
1396,Male,2,Isaiah Lewis,englishangela
1397,Female,1,Shannon Finley,robertperez
1398,Male,2,Tyler Stone,harrisonamber
1399,Female,1,Carolyn Webb,gpowers
1400,Female,1,Melissa King,rgarza
1401,Male,2,James Clark,elizabeth62
1402,Male,2,Benjamin Bird,katherine63
1403,Female,1,Tina Walsh,owolf
1404,Female,2,Emily Brown,april34
1405,Male,1,Anthony Davis,gnguyen
1406,Female,1,Melanie Hinton,brian30
1407,Male,2,Edward Morales,brianmason
1408,Female,1,Jacqueline Smith,gwendolynflowers
1409,Male,1,Brandon Johnson,destiny75
1410,Male,2,Jacob Mcbride,alan30
1411,Female,2,Crystal Davenport,nchung
1412,Male,2,Nicholas Torres,jessicapayne
1413,Male,1,John Davis,joshuasmith
1414,Female,1,Kelsey Henderson,ygonzales
1415,Male,2,Brad Ayala,hansonmaria
1416,Male,2,Jason Velasquez,jbell
1417,Female,1,Jennifer Scott,eowens
1418,Female,1,Donna Keith,ksavage
1419,Female,1,Maria Smith DDS,umoreno
1420,Male,1,Philip Davis,devon26
1421,Male,1,William Jones,yvetteyates
1422,Male,1,Michael Robertson,agordon
1423,Male,2,Adam Guerra,elizabethgilmore
1424,Female,2,Mrs. Danielle Hansen DVM,randrews
1425,Male,1,Douglas Ross,tina64
1426,Male,2,Curtis Robinson,vgross
1427,Male,2,Tony Hughes,egentry
1428,Male,2,Ronald Gonzalez,larsonwesley
1429,Female,2,Mikayla Zamora,florespamela
1430,Male,2,Joseph Harper,staffordsophia
1431,Male,1,Michael Davis,samantha46
1432,Female,2,Michele Bennett,karinarobertson
1433,Male,2,Taylor Hernandez,andraderita
1434,Female,1,Madison Walsh,dennis97
1435,Male,2,Jerry Ramirez,jenniferreese
1436,Female,1,Katelyn Davis,wchavez
1437,Female,2,Holly Oconnell,therring
1438,Male,2,Richard Smith,ngordon
1439,Male,1,Antonio Cardenas,robert41
1440,Female,2,Alexis Adams,wardjoseph
1441,Male,1,Mark Ware,clarkmonica
1442,Female,2,Jennifer Hernandez,richardsoncrystal
1443,Female,2,Karen Shaw,edward83
1444,Female,1,Kimberly Fields,michaelhenderson
1445,Female,1,Ashley Jones,vchristian
1446,Female,2,Lisa Lopez,gutierreznicole
1447,Male,1,Charles Booth,angelaflowers
1448,Male,1,Cory Harrington Jr.,samuel47
1449,Female,1,Desiree Moran,rebeccaalvarado
1450,Female,1,Pamela Russo,meganparks
1451,Female,2,Deborah Stark,daniel26
1452,Male,1,Jonathan Reid,erin15
1453,Male,1,Juan Sanchez,melissagraves
1454,Male,1,Anthony Munoz,stanleyaaron
1455,Female,1,Tiffany Miller,eric59
1456,Female,1,Angela Campbell,hlopez
1457,Male,1,Aaron Drake,vhicks
1458,Male,2,David Cross,tracygonzales
1459,Female,1,Jasmine Cruz,walkerjennifer
1460,Female,1,Natasha Mann,haassharon
1461,Male,2,Christopher Stevens,phelpsmonica
1462,Male,1,Vincent Gross,ryanmiller
1463,Female,1,Kylie Miller,michaellowe
1464,Male,1,Trevor Vargas,starksara
1465,Female,1,Tracy Martinez,jill91
1466,Male,1,Stephen Morris,lopezmary
1467,Female,2,Pamela Warren,benjaminknapp
1468,Female,2,Stacey Sullivan,frankmoore
1469,Female,1,Deanna Fernandez,markgregory
1470,Female,1,Gina Hendricks,anthony42
1471,Female,1,Kelly Mckee,donna58
1472,Male,2,Tyler Guerra,robertdougherty
1473,Male,2,Shawn Morrow,jessicahahn
1474,Female,2,Susan Bradley,audreyrosales
1475,Male,2,Thomas Olson,lisa65
1476,Female,2,Victoria Bond,angelaboyd
1477,Female,1,Kelly Brown,sholt
1478,Female,2,Katherine Wilson,ctucker
1479,Female,2,Brianna Hunt,tsanchez
1480,Female,1,Tara Campbell,robert99
1481,Male,1,Douglas Tyler,russellbarron
1482,Female,1,Julie Doyle,jessicarojas
1483,Female,2,Ann Humphrey,melanie83
1484,Female,1,Kiara Richards,wigginselizabeth
1485,Male,1,Glenn Hamilton,kkelly
1486,Male,1,Gary Caldwell,jorozco
1487,Male,1,Kevin Thompson,ysharp
1488,Male,2,Thomas Vargas,mshelton
1489,Male,2,Richard Cardenas,parkermelissa
1490,Male,2,Robert Bailey,mary83
1491,Female,2,Kelly Shields,kennethjones
1492,Male,1,Riley Mcguire Jr.,cnolan
1493,Female,1,Jennifer Lewis,alexandercatherine
1494,Male,2,Mr. Daniel Vasquez,duncanderrick
1495,Male,2,Joshua Shah,jeffrey92
1496,Female,1,Sarah Williams,andreanelson
1497,Female,2,Amanda Olson,bturner
1498,Male,1,Riley Martinez MD,alantran
1499,Female,1,Andrea Branch,jlopez
1500,Female,2,Holly Griffith,benjaminlong
1501,Male,1,Mark Cowan,kristi51
1502,Male,1,Derrick Marshall,hannahzamora
1503,Male,2,Robert Wyatt,vwhite
1504,Male,2,Frank Warren,kirkrachael
1505,Male,1,Jesse Allen,uwilliams
1506,Male,2,Zachary Harrington,rogerthomas
1507,Male,2,Shawn Mathews,lrice
1508,Female,1,Jessica Roy,zwallace
1509,Female,2,Erica Huffman,swise
1510,Female,2,Jennifer Baker,pmartin
1511,Female,1,Anita Velasquez,fowlerpatrick
1512,Male,2,Benjamin Leonard,angela16
1513,Male,1,Kevin Farley,znewman
1514,Male,2,Robert Wiggins,rebecca16
1515,Male,2,Ruben Howard,vasquezpatricia
1516,Female,2,Christine Yang,richardhughes
1517,Female,2,Toni Wallace,rrobertson
1518,Male,1,Andrew Prince,rebekah10
1519,Female,2,Nicole Dawson,megan27
1520,Male,1,Christopher Martin,fward
1521,Female,1,Veronica Warner,zhumphrey
1522,Female,2,Patricia Snow,lewisdevon
1523,Male,2,Thomas Barton,ray66
1524,Male,1,Daniel Reed,ncarr
1525,Female,2,Stephanie Ramirez,frankmiller
1526,Female,2,Mrs. Shirley Cardenas,lhoward
1527,Female,2,Anne Williams,yrogers
1528,Female,2,Carolyn Johnson,aaron12
1529,Male,2,Joseph King,craig65
1530,Male,2,Vincent Fry,angela77
1531,Male,1,Randy Kelley,glopez
1532,Male,1,Steven Lang,ruizmargaret
1533,Male,2,Randy Martinez,eanderson
1534,Male,2,Corey Woods,williamsdean
1535,Female,1,Jennifer Wright,richardgibson
1536,Female,1,Stacey Hardy,daniel90
1537,Female,2,Isabel Cook,nstanton
1538,Male,1,Adam Newman,courtneyshepherd
1539,Male,1,Matthew Callahan,juan14
1540,Male,2,Jonathan Nelson,tammiehansen
1541,Female,2,Debra Clark,timothyhill
1542,Female,1,Connie Russell,qmayo
1543,Male,2,Aaron Caldwell,qdavis
1544,Female,2,Krystal Dickson,james77
1545,Male,1,Andrew Wells,pmueller
1546,Male,2,Aaron Wilson,valerie78
1547,Male,2,Dennis Cherry,nhenry
1548,Female,1,Cynthia Johnson,becktimothy
1549,Female,1,Morgan Jacobson,garciaray
1550,Male,2,Russell Miller,louisorr
1551,Male,2,Tyler Tucker,craig06
1552,Male,2,Andrew Barnes,michelewood
1553,Male,1,Bryan Lewis,williamsanna
1554,Female,1,Jamie Nichols,alewis
1555,Female,1,Carolyn George,robertcarter
1556,Female,1,Mary Hernandez,greenjason
1557,Male,1,Phillip Matthews,kendrawilliams
1558,Female,2,Jamie Medina,todd72
1559,Female,1,Nicole Jones,hwilliams
1560,Female,1,Lisa Duncan,marie75
1561,Male,1,Jeffrey Irwin,elee
1562,Male,1,Shawn Miller,victoriawatson
1563,Female,1,Kelsey Spencer,jerry54
1564,Female,1,Jessica Banks,steve87
1565,Male,1,Michael Warner,vrusso
1566,Female,1,Evelyn Harrell,katherine51
1567,Female,1,Kimberly Santana,pollardjessica
1568,Male,1,Todd Green,amandawatkins
1569,Female,1,Kimberly Ellis,angelica53
1570,Male,1,Tony Bowman,cstephenson
1571,Male,2,Jeffrey Myers,lindseyhurst
1572,Female,2,Christine Cox,andrew57
1573,Male,1,James Fischer,rubensparks
1574,Female,1,Debbie Johnson,espinozalevi
1575,Male,2,James Brown,hgibbs
1576,Male,1,David Montgomery,mallory05
1577,Male,2,Blake Jones,maldonadoelizabeth
1578,Female,2,Natalie Martinez,joseph16
1579,Female,1,Elizabeth Ortiz,corey27
1580,Female,2,Patricia Hernandez,qhill
1581,Female,1,Misty Gibbs,hallkimberly
1582,Male,1,Joshua Key,dennis47
1583,Female,1,Nancy Page,angela59
1584,Male,2,David Johnston,powellrobert
1585,Female,1,Laura Knight,newtonlisa
1586,Female,1,Ashley Thomas,petermiller
1587,Female,2,Angela Anderson,teresa59
1588,Male,2,Adam Sanders,shelbyharrington
1589,Male,2,Jeffrey Clark,krystal03
1590,Male,2,Paul Wright,mariahgarcia
1591,Male,2,Timothy Garcia,drodriguez
1592,Male,2,Colton Arroyo,brookskatie
1593,Male,1,Larry Campbell,kristingutierrez
1594,Male,2,Brian Barnett,christopherpena
1595,Female,2,Brooke Reese,davisdavid
1596,Male,2,Nathan Cantrell,john94
1597,Male,1,Gary Brown,fharmon
1598,Male,2,Timothy Freeman,scottwilson
1599,Male,1,John Ford,carterjohn
1600,Male,2,Andrew Fisher,natalie24
1601,Male,2,Edward Day,annettedaniels
1602,Male,1,Kenneth Johnson DVM,steinglenn
1603,Male,2,Matthew Moore,patricia47
1604,Female,2,Kimberly Silva MD,sheilaharris
1605,Female,1,Michelle Reyes,orodriguez
1606,Female,1,Mrs. Kristina Padilla,sheri53
1607,Female,1,Amy Montgomery,ralph59
1608,Male,2,Ryan King,taylor45
1609,Female,2,Lauren Velez,edwardssarah
1610,Male,2,Steven Knox,tmartinez
1611,Female,1,Lisa Wilson,sarahhunter
1612,Male,2,Luis Owen,andersonkatherine
1613,Male,1,Brian Mcclain PhD,tracyharrison
1614,Female,2,Stephanie Berry,regina52
1615,Female,1,Ellen Jennings,robertwatson
1616,Male,1,John Aguilar,makayla37
1617,Male,1,John Tyler,rasmussengabriel
1618,Female,1,Kathleen Robbins,clinerebecca
1619,Female,1,Amy Hurst,cedwards
1620,Female,1,Jennifer Ward,xwoods
1621,Female,2,Teresa Wong,priceaaron
1622,Male,2,Antonio Mcknight,ann47
1623,Female,2,Alice Glass,ismith
1624,Male,2,Christopher Roberts,jonathanwhite
1625,Male,2,David Jones,joshuamiller
1626,Female,1,Abigail Vega,benjamin02
1627,Male,2,Austin Stone,wflores
1628,Male,1,Daniel Dunn,sheltonmartha
1629,Female,1,Carla Hall,andrea91
1630,Female,1,Donna Proctor,thorntonnathaniel
1631,Female,1,Virginia Smith,nicholaselliott
1632,Male,2,Elijah Lambert,brett18
1633,Male,1,Bradley Reid,natalielewis
1634,Male,2,Charles Castaneda,olivermark
1635,Male,2,Steven Garza,jsmith
1636,Female,1,Amber Reynolds,imyers
1637,Male,1,Dale Cooper,bjuarez
1638,Male,1,Kevin Maynard,stephaniemartin
1639,Female,1,Andrea Mann,lori73
1640,Male,1,Jacob Rogers,katherinehuang
1641,Male,1,Joseph Hicks,larrywalker
1642,Female,1,Yesenia Parks,nicolewerner
1643,Female,1,Vanessa Stark,glynch
1644,Male,2,James Velez,lisa59
1645,Male,2,Jeffery Bell,tyler06
1646,Male,1,Brian Owens,butlerbarbara
1647,Female,2,Bridget Dunn,sabrina25
1648,Female,2,Nancy Thomas,zpowell
1649,Male,2,Lee Galvan,hudsonvictoria
1650,Female,2,Kelly Smith,andersonangela
1651,Female,1,Jennifer Castro,thompsonjoseph
1652,Male,1,Justin Nielsen,oharrison
1653,Male,1,Steven Potter,jennifer14
1654,Female,2,Courtney Huffman,zwilliams
1655,Female,2,Patty Cordova,kathryn44
1656,Male,1,John White,hcraig
1657,Male,2,Jeremiah Johnson,allisongonzales
1658,Female,2,Alison Strickland,edward48
1659,Female,2,Sandra Stokes,phillipsjulie
1660,Male,2,Andrew Randall,jessicacordova
1661,Male,1,Shane Barry,qrivas
1662,Female,2,Brittany Reyes,torressarah
1663,Male,2,Reginald Richards,uballard
1664,Male,1,Brian Tapia,martinmicheal
1665,Female,1,Michelle Wood,megan42
1666,Female,2,Kristin Camacho,lopezjanet
1667,Male,2,Christopher Smith,ufletcher
1668,Female,1,Lauren Vazquez,colelori
1669,Female,1,Angela Shaffer,hesterlaura
1670,Male,2,Michael Anderson,xrichard
1671,Male,2,Bryan Burton MD,dmclaughlin
1672,Female,2,Katrina Maldonado,gdavis
1673,Male,2,Jesse Jones,earl65
1674,Female,2,Mrs. Robin Edwards MD,laurawatson
1675,Female,1,Jessica Scott MD,james97
1676,Male,1,John Edwards,stephaniecohen
1677,Male,1,William Harris,samuel85
1678,Female,1,Melanie Flores,barbara18
1679,Male,1,Zachary Moran,george80
1680,Male,2,Robert Cox,hcarney
1681,Female,2,Kimberly Jackson,madisoncarlson
1682,Female,1,Emily Vaughn,romeroshannon
1683,Female,2,Cheryl Roth,rosefernandez
1684,Female,1,Alyssa Pearson MD,melanie54
1685,Female,1,Christina Weaver,sandraewing
1686,Female,1,Dana Villanueva,jgray
1687,Male,2,Richard Logan,henryjames
1688,Male,2,Joshua Roberts,hansencesar
1689,Male,1,James Johnson,tonifarmer
1690,Female,2,Stephanie Landry,whitevictor
1691,Female,2,Mrs. Kelsey Taylor DDS,karen51
1692,Male,2,Mr. Ryan Nguyen,cordovavanessa
1693,Female,2,Beth Sanchez,nathan72
1694,Male,1,Bob Fitzpatrick,heathermiller
1695,Male,1,Brian Bautista,tonya27
1696,Female,2,Theresa Reynolds,lswanson
1697,Male,1,Scott Smith,patriciahall
1698,Male,2,Michael Zimmerman,april22
1699,Male,2,Angel Powers,marvin95
1700,Female,1,Diane Ramirez MD,jody34
1701,Male,2,Christopher Bell,brittney10
1702,Male,1,Kevin Malone,martha69
1703,Male,2,Victor Hill,brenda94
1704,Male,1,Daniel Bonilla,mcox
1705,Male,2,Charles Harris,kristin48
1706,Female,2,Tamara Henderson MD,georgescott
1707,Female,1,Gabrielle Vazquez,markadams
1708,Male,2,Joseph Wilkinson,sharonnguyen
1709,Female,1,Barbara Diaz,buchananbeverly
1710,Female,1,Paula Johnson,halljacqueline
1711,Male,2,Jeffrey Walton,jeff46
1712,Female,1,April Butler,matthew04
1713,Male,1,Jeffrey Parker,dsparks
1714,Female,1,Melissa Bolton,oturner
1715,Female,1,Annette Casey,dukegabriel
1716,Male,2,Christopher Horton,sdennis
1717,Male,2,Stephen Brown,wtorres
1718,Female,1,Karen Joyce,kayla15
1719,Female,1,Katelyn Delacruz,sandragonzalez
1720,Female,2,Lindsay Wheeler,michaelarmstrong
1721,Female,2,Erica Rowland,kathleenwashington
1722,Male,1,Aaron Hunt,pjohnson
1723,Female,1,Catherine Smith,mosleypam
1724,Female,2,Shannon Miller,stoneheidi
1725,Male,1,James Chapman,ppreston
1726,Female,2,Joanna Cunningham,kristyhanson
1727,Male,2,Dennis Cameron,sglover
1728,Female,2,Brenda Gonzales,dianerichardson
1729,Male,1,Charles Davis,catherine57
1730,Male,2,Mark Mendoza,jeremy36
1731,Male,2,William Rosario,hphillips
1732,Male,1,Robert Jones,fschmidt
1733,Female,1,Danielle Bryant,herreramichelle
1734,Male,1,Jonathan Nelson,timothy27
1735,Male,2,Mathew Jackson,zowens
1736,Male,2,Stephen Aguilar,vickimoore
1737,Female,1,Sandra Swanson,smithcolin
1738,Male,1,Matthew Smith,klam
1739,Female,1,Carolyn Fischer,ucrawford
1740,Female,2,Dr. Jennifer Mcguire,xkaiser
1741,Male,2,Justin Krueger,theodorecaldwell
1742,Male,2,Billy Garcia,robertwilliams
1743,Female,1,Lisa Sanders,taylorowen
1744,Female,1,Debra Price,fishermanuel
1745,Female,2,Miss Sherri Villanueva,cindy38
1746,Female,1,Robin Brown,isnyder
1747,Male,2,Christopher Wood,cynthia78
1748,Male,2,Timothy Ramirez,marissaadkins
1749,Female,1,Holly Green,joannafrench
1750,Female,1,Norma Ferguson,spencerpeter
1751,Female,1,Hannah Davila,mlawson
1752,Female,1,Penny Bradshaw,aaronallen
1753,Female,1,Elizabeth Anderson,susanbentley
1754,Male,2,Robert Jensen,hlee
1755,Female,1,Nicole Boyd,millerpatricia
1756,Female,1,Andrea Cook,john08
1757,Male,1,Michael Newton,christopher26
1758,Male,2,Justin Tran,zsmith
1759,Female,1,Tracy Bell,matthewward
1760,Female,2,Laurie Lawson,jbryant
1761,Male,1,Benjamin Hill,cking
1762,Male,1,Bradley Trujillo,john50
1763,Female,1,Lisa George,michelle18
1764,Male,1,Daniel Nelson,wwhite
1765,Female,1,Danielle Taylor,smithcharles
1766,Male,1,Casey Miller,rodriguezkelly
1767,Male,1,William Oliver,bramos
1768,Female,1,Kimberly Orozco,debraburke
1769,Female,1,Beverly Carter,nicole71
1770,Female,2,Ana Hatfield,shane00
1771,Female,1,Tiffany Horton,antoniojones
1772,Male,1,Mr. James Copeland,hillsergio
1773,Male,1,Anthony Guerrero,mary81
1774,Male,1,John Rodgers,wgraves
1775,Female,2,Jennifer Olsen,jessica50
1776,Male,2,David Young,brian94
1777,Male,1,Jacob Jackson,aprilshields
1778,Male,1,Shane Bush,cynthia85
1779,Female,1,Gloria Griffith,byoung
1780,Female,2,Stacey Torres,ashley93
1781,Female,1,Colleen Moreno,barrjoseph
1782,Female,2,Jessica Mason,thomas66
1783,Male,2,Richard Tucker,bethortiz
1784,Female,1,Tammy Stanley,larry32
1785,Female,2,Amy Weaver,gracecharles
1786,Female,2,Veronica King,bradleymarks
1787,Male,2,Jason Morris,ruthray
1788,Male,2,Michael Rodgers,lwiggins
1789,Male,2,Frank Cook,pwright
1790,Female,2,Amber Barnes DVM,hessfrank
1791,Female,1,Carrie Hansen,kgordon
1792,Female,2,Mackenzie Harris,dmendez
1793,Female,1,Elizabeth Mason,jamesjohnson
1794,Female,2,Deborah Jones,zacharyryan
1795,Female,1,Whitney Estrada,qpatel
1796,Male,1,Joseph Pittman,cpalmer
1797,Female,1,Savannah Patterson,websteranthony
1798,Female,2,Hannah Mcconnell,schultzchris
1799,Female,2,Lisa Bonilla,carrie36
1800,Female,2,Kaylee Young,robert85
1801,Female,2,Elizabeth Hancock,juliaallen
1802,Female,2,Veronica Rhodes,amy81
1803,Female,1,Julie Mitchell,kayla39
1804,Female,1,Vanessa James,benjamingates
1805,Female,2,Sabrina Barker,rhardy
1806,Male,1,Matthew Riddle,jonathanhanson
1807,Female,2,Julia Wallace,matastephanie
1808,Male,1,Robert Ray,elizabethlambert
1809,Female,2,Sara Johnson,posborn
1810,Male,2,Robert Wade,lunajudy
1811,Female,1,Katie Winters,mendezjerry
1812,Male,2,Michael Pena,ztorres
1813,Female,2,Stacey Thornton,cathylopez
1814,Female,1,Kristi Booker,dthompson
1815,Female,2,Amy Walsh,john57
1816,Female,1,Andrea Griffin,brittany61
1817,Female,1,Maria Barr,andersonjermaine
1818,Female,2,Amy Sexton,john77
1819,Female,1,Christine Diaz,mwhite
1820,Male,1,James Myers,karenjackson
1821,Female,2,Michele Morales,staceystephens
1822,Male,1,Marvin Sanchez,hannah67
1823,Female,1,Andrea Matthews,haleyronald
1824,Female,1,Kayla Smith MD,vparker
1825,Female,1,Christine Brooks,jasonharris
1826,Male,2,Michael Lucas,jeremyguzman
1827,Female,2,Jamie Keller,alexander68
1828,Male,1,Richard Mason,georgehaney
1829,Female,1,Chelsea Hughes,scottmason
1830,Male,1,Cody Powell,lanejerry
1831,Male,1,Russell Williams,carlosjackson
1832,Female,1,Sherry Good,gdaniels
1833,Male,1,Jason Flores,nathan41
1834,Male,2,Nicholas Harrington,rdyer
1835,Male,1,Austin Green,xreynolds
1836,Female,2,Erica Bell,marellano
1837,Male,1,Christopher Harris,samanthaturner
1838,Male,2,Adam Patel,rivasdavid
1839,Male,1,Thomas Mcmahon,fitzgeraldsarah
1840,Male,1,Raymond Scott DDS,whitelawrence
1841,Male,2,Frank Cooper,brandon39
1842,Male,1,Christian Santos,stewartkyle
1843,Female,1,Kimberly Brown,richard63
1844,Female,1,Michele Schneider,nathan26
1845,Male,1,Nicholas Benitez,jallen
1846,Female,1,Tonya Gates,yhendricks
1847,Female,2,Victoria Richardson,smcconnell
1848,Female,1,Jessica Martin,vleonard
1849,Female,1,Sharon Jordan,hholder
1850,Male,1,Paul Johns,amber78
1851,Female,2,Julia Rodriguez,vbradley
1852,Female,2,Angel Hardin,hernandezgina
1853,Male,2,Roger Taylor,matthewrogers
1854,Female,2,Rachael Hill,mathewsmaria
1855,Male,1,James Miller,rdavis
1856,Male,2,Ralph Peterson,xgonzalez
1857,Female,2,Sherry Alvarez,llyons
1858,Male,1,James Smith,steve79
1859,Male,1,Isaac Davis,ecarroll
1860,Female,2,Nancy Moreno,travis75
1861,Female,2,Susan Herring,tchung
1862,Female,2,Traci Gill,ureid
1863,Male,2,Jose Gomez,ilin
1864,Female,1,Erin Williams,davidfrye
1865,Female,2,Teresa Graham,lreid
1866,Male,2,James Edwards,james85
1867,Male,2,Geoffrey Reed,william88
1868,Female,1,Vanessa Church,dakota36
1869,Female,2,Diane Obrien,kwaters
1870,Female,1,Deborah Baird,dillonjohn
1871,Female,1,Sandra Holland,danielscolin
1872,Male,1,Kevin Brady,tylerjohnson
1873,Male,2,Adam Rodriguez,samuelarmstrong
1874,Male,1,Joseph Lee,blake28
1875,Male,1,David Smith,hughesderrick
1876,Female,2,Jennifer Smith,mariedyer
1877,Female,2,Susan Cole,steven87
1878,Male,2,Thomas Lopez,sjackson
1879,Male,1,Joshua Davis,ugregory
1880,Male,2,Garrett Proctor,victoria83
1881,Female,2,Laura Alvarado,perezheather
1882,Male,1,Edward Torres,xadams
1883,Male,2,Joshua Miller,nicoleturner
1884,Female,1,Shelby Fox,campbelllisa
1885,Female,1,Sara Walters,fisherterri
1886,Female,1,Kimberly Bell,andrew28
1887,Male,2,Michael Krueger,jimenezdavid
1888,Male,2,Jose Hill,nkeller
1889,Male,2,Antonio Cole,scottjohn
1890,Male,1,Isaac Barnes,kenneth34
1891,Male,2,Eric Howard,houstonbrianna
1892,Female,2,Victoria Gay,cody55
1893,Female,2,Brandy Phillips,robert23
1894,Female,2,Linda Miranda,ashlee12
1895,Female,1,Tracey Maxwell,raymondcastro
1896,Male,2,Jared Carlson,harrynewton
1897,Male,1,William Flores,malonedebra
1898,Female,2,Lisa Yates,xspencer
1899,Female,1,Sabrina Jordan,jeremy22
1900,Female,1,Christine Johnson,fyoung
1901,Male,2,Joseph Wolfe,mcdanielwilliam
1902,Male,1,Richard Davis,deleonaaron
1903,Male,2,Glenn Hart,william40
1904,Male,1,Todd Middleton,wgilbert
1905,Female,2,Julia Olsen,jasonmartinez
1906,Male,2,Michael Goodman,garciakenneth
1907,Female,1,Shannon Short,avilaantonio
1908,Male,2,Roy Johnson,schwartzpaul
1909,Male,1,Carlos Barrett,ericgreen
1910,Male,1,Nathan Barnes,andrew75
1911,Male,2,Matthew Simmons,jennifer89
1912,Male,2,Joseph Austin,nathaniel22
1913,Male,1,Thomas Kennedy,charles71
1914,Male,1,Brandon Norton,angela06
1915,Male,1,James Brooks,ivasquez
1916,Female,1,Julie Washington,kathleen79
1917,Female,1,Karla Wyatt,robertlin
1918,Female,1,Sierra Gillespie,jennifereverett
1919,Female,1,Paula Tate,mandy69
1920,Male,2,Gary Bowen,donnadougherty
1921,Male,1,Anthony Jackson,icoleman
1922,Male,1,Christopher Bullock,christopherconley
1923,Male,2,Ricardo Little,fergusonsarah
1924,Male,1,Spencer Cruz,larrylee
1925,Female,1,Marcia Wolf,andreaboyd
1926,Female,1,Amy Quinn,eric68
1927,Female,2,Karen Mccall DDS,weeksjohn
1928,Male,1,Patrick Perry,cochrantammy
1929,Male,2,Edward Edwards,bentleylarry
1930,Female,1,Tracy Robertson DVM,kevinbishop
1931,Male,2,Joshua Carpenter,amynelson
1932,Male,1,Dustin King MD,david49
1933,Male,1,Richard Campbell,rmiles
1934,Male,1,Norman King,maurice59
1935,Male,2,Adam Jenkins,ulawson
1936,Male,2,Adam Gibson,kendravargas
1937,Male,2,John Kerr,adamsrobert
1938,Male,2,Michael White,ramirezjessica
1939,Male,1,John Vaughn,millsmichael
1940,Male,2,Douglas Bailey,benitezbrandon
1941,Female,2,Leslie Bowman,cramirez
1942,Male,1,Mr. Donald Fisher,qnguyen
1943,Male,1,Dustin Bailey,amber92
1944,Male,1,Steven Frederick,danielwright
1945,Female,1,Lisa Davis,johnathanbrown
1946,Male,1,Dustin Jones,pamelaperez
1947,Male,1,Jeremy James,jonathanpitts
1948,Female,2,Sarah Mosley,bsmith
1949,Male,2,Christopher Johnson,mosesjulian
1950,Male,2,Vincent Clay,waltersmary
1951,Male,1,Mark Brooks,xtodd
1952,Female,1,Jaclyn Davis,rsullivan
1953,Female,1,Crystal Haney,thomascindy
1954,Female,1,Lori Perkins,michaelmccall
1955,Male,2,Michael Thomas,paul11
1956,Male,1,Seth Brown,rebeccajackson
1957,Male,2,Stephen Fuentes,orrmichael
1958,Male,2,Donald Rose,jamescharles
1959,Female,2,Brenda Parker,mitchellrobert
1960,Female,2,Brandi James,moorechristopher
1961,Female,2,Stacy Porter,pmcdaniel
1962,Male,1,Russell Smith,jharper
1963,Female,1,Angela Nelson,fryan
1964,Male,1,John Martinez,lukeblevins
1965,Female,1,Courtney Carr,mclayton
1966,Female,1,Cynthia Mcdonald,ramosbarbara
1967,Male,2,Nathan Ward,pcollins
1968,Female,2,Taylor Gonzalez,bwood
1969,Male,1,Alec Marks,richardsmith
1970,Female,2,Beverly Dawson,sholder
1971,Male,1,Justin Phillips,wmcguire
1972,Male,1,Glenn Pacheco,zberry
1973,Male,1,Roger Hall,christopher97
1974,Female,1,Kimberly Olson,holly97
1975,Female,1,Anna Collins,sandra67
1976,Female,2,Melanie Davis,wrightsteven
1977,Male,2,Austin Smith,cmathews
1978,Female,1,Kimberly Harrington,stephensonjohn
1979,Male,2,Christopher Bennett,laura56
1980,Female,2,Kristine Hernandez,david26
1981,Female,2,Laura Gregory,drew56
1982,Female,1,Brianna Roberts,sandersmichelle
1983,Female,2,Christy Elliott,haydenlauren
1984,Male,1,Richard Velez,millercarla
1985,Male,1,Keith Moore,heathergrant
1986,Female,1,Lindsey James,jenniferoconnell
1987,Male,1,Eric Lowery,scook
1988,Female,1,Sarah Harmon,fbooker
1989,Male,1,James Moore,julie99
1990,Male,2,Shannon Robinson,michaelreid
1991,Female,1,Amy Orr,sonyamoore
1992,Male,2,Michael Scott,xadams
1993,Male,1,Brandon Henderson,tmiller
1994,Female,2,Ashley Villa,nfaulkner
1995,Male,1,Joseph Anderson,kelleramanda
1996,Male,2,Tyler Walters,phillipsjulie
1997,Female,2,Lisa Smith,elizabethmorgan
1998,Female,1,Kristin May,jenna69
1999,Female,2,Joanna Ferguson,robertsummers
2000,Female,1,Dawn Moore,scott76
2001,Female,1,Karen Walls,jeffery12
2002,Male,1,Nicholas Stewart,qturner
2003,Male,2,Barry Roberts,igoodwin
2004,Male,1,Jeremy Barrett,zfuller
2005,Female,2,Kristi Aguilar,marthabeasley
2006,Male,1,Steven Weber,scottcampbell
2007,Male,2,Daniel Moody,stephanie53
2008,Male,2,John Vasquez,patrick29
2009,Female,1,Katie Camacho,tanyafuller
2010,Female,2,Katie Kaufman,wsanford
2011,Female,2,Adriana Williams,carlos74
2012,Female,1,Margaret Oconnor,escobarjeff
2013,Female,2,Stephanie Duffy,scott62
2014,Male,1,Bryce Logan,kevin55
2015,Male,1,David Gomez,adamsashley
2016,Female,1,Connie Mcdonald,harveyangelica
2017,Male,2,Jason Higgins,ashley84
2018,Female,1,Brittany Robinson,rasmussenmichelle
2019,Female,1,Jennifer Tran,donna89
2020,Female,2,Patricia Mccarty,robert27
2021,Male,1,Daniel Nelson,veronicawilliams
2022,Male,1,Bryan Harris,melissabarnes
2023,Female,1,Emily Tran,susanvelazquez
2024,Male,2,Matthew Fernandez,mwatson
2025,Male,1,Jacob Mccoy,littlepatricia
2026,Male,1,James Chen,vickie37
2027,Male,2,Kyle Robinson,gonzalesdonald
2028,Female,1,Savannah Obrien,dgarcia
2029,Female,2,Vickie Moran,gainesjustin
2030,Female,2,Katrina Wilson,mendozakathleen
2031,Male,1,Christopher Rogers,hammondcynthia
2032,Female,1,Sherri Hernandez,rodrigueztimothy
2033,Male,2,Kenneth Lloyd,kchapman
2034,Male,2,Matthew Hansen,juliewest
2035,Female,2,Sharon Ryan,melaniemartin
2036,Male,1,Javier Jones,qpineda
2037,Female,1,Jasmine Terry,omartin
2038,Male,2,Robert Wilson,ipowell
2039,Male,1,Marc Mitchell,lowerykristen
2040,Female,1,Kristen Phillips,sarah73
2041,Male,2,Marvin Figueroa,ricksmall
2042,Female,2,Julie Smith,zwilliams
2043,Female,1,Holly Thomas,cjackson
2044,Female,1,Stephanie Davis,bryan76
2045,Female,2,Nicole Mcfarland,pwong
2046,Male,1,Wayne Parker,michaelarocha
2047,Male,2,Bill Ware,jennifer80
2048,Female,1,Patricia Hamilton,chernandez
2049,Male,2,Christopher Jones,agraham
2050,Female,1,Mary Acosta,laurafrancis
2051,Female,1,Tracy Adams,brittneysmith
2052,Male,2,James Davis,erintownsend
2053,Female,2,Renee Hawkins,samuelmartinez
2054,Female,1,Diane Garcia,victoriapatterson
2055,Female,1,Amy Dixon,hblevins
2056,Female,1,Rebecca Freeman,gstevens
2057,Male,2,Christopher Shannon,xwilliams
2058,Female,2,Denise Carney,lindanielsen
2059,Female,1,Crystal Cole,kimberlytorres
2060,Male,2,David Carson,jasonvelazquez
2061,Male,2,Jose Cuevas,jaredray
2062,Male,2,Edward Summers,kwalker
2063,Female,2,Krista Hammond,tonistewart
2064,Female,2,Heather Orozco,nicholaswaters
2065,Female,1,Krystal Howard,cindy98
2066,Female,1,Amanda Brown,daymaria
2067,Male,2,Daniel Peters,zachary62
2068,Male,2,William Gray,dunnjacqueline
2069,Male,2,Gregory Vance,awilliams
2070,Male,2,Christopher Jones,aaronchang
2071,Female,1,Rachel Young,curtisward
2072,Male,2,Alexander Gilbert,gmartin
2073,Male,2,Michael Clay,waynebarrera
2074,Female,2,Meghan Ellison,emma67
2075,Male,1,Michael Lopez,andersonkent
2076,Female,2,Elizabeth Mcgee PhD,garciajeffrey
2077,Female,2,Lauren Jones,nicole37
2078,Female,2,Denise Shepherd,stephenlopez
2079,Female,1,Ms. Mary Ayala DDS,umathis
2080,Female,2,Ms. Michelle Duncan,herbert77
2081,Male,1,Jose Parker,fjones
2082,Female,2,Sandy Giles,cstevenson
2083,Female,1,Kiara Butler,cherrera
2084,Female,1,Melanie Duncan,garymercado
2085,Female,2,Lisa Frank,lacey36
2086,Female,2,Alexis Lee,hjones
2087,Male,2,Adam Hill,qliu
2088,Male,1,Jerry Bailey,gshaw
2089,Male,2,Bryan Lara,daniel73
2090,Female,2,Mary Hubbard,tgonzalez
2091,Female,2,Sherry Williams,steven98
2092,Female,2,Vicki Parks DDS,ngray
2093,Male,1,Corey Robinson,donovanroger
2094,Male,2,Johnny Stewart MD,eric49
2095,Male,2,Benjamin Clarke,tfernandez
2096,Male,2,Mr. Travis Edwards,natalie44
2097,Female,2,Kimberly Carter,jvasquez
2098,Male,1,Michael Gilbert,tina16
2099,Male,1,Alex Martinez,gjackson
2100,Female,2,Monica Mendoza,iwelch
2101,Male,2,Michael Martin,lisamitchell
2102,Female,2,Heather Thompson,marissacarroll
2103,Female,1,Tracy Glass,stronggary
2104,Female,1,Elizabeth Carter,sherryavery
2105,Male,2,Charles Brown,kathy17
2106,Female,1,Tara Kelly,dakotagonzalez
2107,Female,1,Amy Mcmillan,zbutler
2108,Male,1,James Turner,mrivera
2109,Male,1,Robert Mann,allisonwilliams
2110,Male,1,William Robinson,wgill
2111,Female,2,Andrea Johnson,baileypatrick
2112,Male,2,Kevin Cross,jenniferjohnston
2113,Female,1,Erika Eaton,brandon86
2114,Female,1,Julia Krueger,yrichard
2115,Female,2,Deborah Randall,davidoconnor
2116,Male,2,Dennis Cruz,robert46
2117,Male,2,Andrew Johnson,jacksonmackenzie
2118,Female,1,Samantha Watkins,spencertravis
2119,Female,2,Melissa Parrish,brandikeller
2120,Male,2,Justin Smith,bobkelly
2121,Male,1,Tristan Holmes,dbuckley
2122,Male,1,Benjamin Cooper,brownbrenda
2123,Male,2,Joseph Bowman,mmcdaniel
2124,Male,1,Jason George,griffithjulia
2125,Female,1,Emma Delgado,moonlinda
2126,Male,2,David Bond,austinmueller
2127,Female,2,Alison Rodriguez,kelsey90
2128,Female,2,Mercedes Robles,gregbonilla
2129,Male,2,George Blair,mchavez
2130,Male,1,Paul Daniel,christinaharris
2131,Male,2,Bradley Garrison,jackstewart
2132,Male,1,Gary Durham,melissalopez
2133,Male,2,Brian Gray,amanda77
2134,Female,1,Wendy Gonzalez,oroman
2135,Male,1,Brandon Bird,johnhansen
2136,Female,2,Denise Taylor,growland
2137,Female,1,Misty Wilson,hilldiane
2138,Female,2,Tracy Compton,raymond37
2139,Male,2,William Thompson,keith02
2140,Male,2,Travis Schroeder,rhonda13
2141,Male,2,Michael Hernandez,owensryan
2142,Female,1,Melissa Roberts,katie54
2143,Male,2,Ronnie Moran,zunigamatthew
2144,Male,2,Kevin Blankenship,cleach
2145,Male,2,Timothy Ramirez,briankeller
2146,Female,1,Lisa Holloway,paulbright
2147,Female,1,Julie Gonzalez,gonzalesjason
2148,Female,1,Lisa Trujillo,simmonsanne
2149,Female,2,Crystal Padilla,justinlane
2150,Male,1,Jacob Daniels,hpoole
2151,Female,1,Nicole Mendoza,grimesdavid
2152,Female,2,Sarah Sparks,dianajoseph
2153,Male,2,Jacob Mcgrath,jeffreyserrano
2154,Male,1,Matthew Mora,chadrichmond
2155,Female,2,Brooke Moore,morrowmonica
2156,Female,2,Sheena Ward,wbenjamin
2157,Male,1,Charles Walker,smitheduardo
2158,Female,1,Mary Johnson,ryanmartinez
2159,Female,2,Tiffany Miller,meganalvarado
2160,Female,2,Diana Craig,john23
2161,Male,1,William Johnson,bartlettaaron
2162,Female,1,Rebecca Wood,charlesturner
2163,Male,1,William Harris,usimon
2164,Male,1,Brian Johnson,tamara22
2165,Male,1,Dr. Adam Hudson,wsherman
2166,Male,1,Jonathan Vazquez,pmclean
2167,Female,1,Rachael Thompson,martineznathan
2168,Male,1,Samuel Osborne,edward09
2169,Female,2,Hannah Ross,leerebecca
2170,Male,2,Peter Smith,johnortega
2171,Male,2,Michael May,yshaw
2172,Female,1,Janet Walker,ryanandrews
2173,Female,2,Anita Montes,fperez
2174,Female,1,Brandy Cooper,elewis
2175,Male,2,Sean Jackson,sarah30
2176,Male,1,Troy Rivera,fthompson
2177,Male,2,Kyle Morrison,robertsonbrandon
2178,Male,2,Clifford Mcdaniel,anngraves
2179,Male,2,Billy Hall,vaughnhelen
2180,Male,2,Steve Freeman,thuang
2181,Male,2,Vincent Gillespie,curtis16
2182,Male,2,James Rodriguez,amanda55
2183,Female,1,Alicia Davis,kimberlyfrazier
2184,Female,2,Rhonda Craig,pestes
2185,Female,1,Krystal Graves,tmurray
2186,Female,1,Laura Graham,tsmith
2187,Female,1,Jennifer Johnson,tiffany17
2188,Male,2,David Bonilla,calebrogers
2189,Male,1,Joshua Leonard,ericaevans
2190,Female,1,Dr. Ashley Brandt,youngclifford
2191,Male,2,Anthony Williams,nicole31
2192,Male,1,Miguel Nixon,heidi82
2193,Male,1,John Simmons,tlee
2194,Female,1,Tina Watson,aabbott
2195,Female,1,Abigail Chapman,housetiffany
2196,Male,2,Michael Ross,deborahbell
2197,Female,1,Julie Lawson,darrendoyle
2198,Female,1,Amber Anderson,maldonadolaura
2199,Female,1,Jacqueline Ball,jeffreymatthews
2200,Female,1,Karla Johnson,jonesjulia
2201,Male,1,Paul Forbes,ganderson
2202,Female,1,Michelle Butler,pnelson
2203,Male,2,Kevin Rivera,garrettdavid
2204,Male,2,Maurice Ramirez,stephanie27
2205,Male,2,Jay Garcia,laura33
2206,Female,1,Melanie Solis,baileydaniel
2207,Male,2,William Williams,jeffrey05
2208,Female,1,Debra Adams,emilygreen
2209,Female,1,Dana Martin,kwilcox
2210,Male,2,James Brown,martinezjohn
2211,Male,2,David Clayton,rachaelmurray
2212,Male,2,Richard Phillips,ewhite
2213,Female,1,Alyssa Schmidt,janiceshaw
2214,Female,2,Laura Scott,hensonjose
2215,Female,2,Kimberly Gonzales,ksmith
2216,Male,1,Michael Blevins,kimberly02
2217,Female,2,Erin Russell,christopher87
2218,Male,1,Derrick Curry,spencejulie
2219,Female,1,Mrs. Nicole Willis,nobledale
2220,Female,1,Erin Rodriguez,wendy02
2221,Female,2,Tammy Moses,barreraadam
2222,Male,1,Dr. Christian Simpson,michaelpierce
2223,Female,1,Ashley Brooks,emilyjones
2224,Female,1,Samantha Summers,hollycannon
2225,Female,1,Jillian Moore,rhill
2226,Male,2,Christopher Gonzalez,jglass
2227,Female,2,Kaitlyn Clark,jennifer67
2228,Male,2,Wesley Willis,wellsjeremy
2229,Female,2,Deborah Miller,btrujillo
2230,Female,2,Anna Garrett,flester
2231,Male,2,Philip Mathis,spenceadam
2232,Female,2,Caitlin Giles MD,copelandlori
2233,Female,2,Alexis Tyler,kentterrance
2234,Female,2,Lauren Lane,tamaraduncan
2235,Female,2,Katelyn Alvarez,vzavala
2236,Male,2,Michael Delgado,christinacollins
2237,Female,1,Debra Lee,qwilkerson
2238,Male,1,Nathaniel Hill,bmiller
2239,Male,1,Cory Martinez,gordondavid
2240,Female,1,Michelle Reeves,nmay
2241,Female,2,Kendra Villa,anthony38
2242,Female,1,Shelby Estrada,huntthomas
2243,Female,2,Ruth Taylor,richardpowell
2244,Female,1,Nicole Dickson,nunezmatthew
2245,Male,1,Tyler Ross,christopherthompson
2246,Female,2,Ashley Kim,martinrose
2247,Male,1,Angel Norris,ramseyalexis
2248,Male,2,James Chase,kochchristopher
2249,Male,2,Andre Mcgee,krystalgriffin
2250,Female,1,Maria Cabrera,hraymond
2251,Female,2,Amber Beck,morrisdiana
2252,Male,2,Shaun Hayes,rmorrow
2253,Female,2,Erin Suarez,cunninghamryan
2254,Male,1,Gregory Wiley,crystal57
2255,Female,1,Sydney Gonzalez,brittany94
2256,Female,1,Kara Walsh,jenniferlopez
2257,Female,2,Carol Phillips,geoffreystevenson
2258,Female,2,Melissa Lewis,bgrant
2259,Female,2,Sue Martinez,simscarol
2260,Male,1,Anthony Knight,alexandertara
2261,Male,2,Victor Summers,campbellmolly
2262,Female,2,Sandra Alvarez,megan92
2263,Female,1,Jasmine Smith,danielrobertson
2264,Male,1,Mike Wallace,stephenhouston
2265,Male,2,Marcus Carter,williamwagner
2266,Female,1,Kelly Jones,ashley08
2267,Female,2,Deborah Griffith,garylynch
2268,Male,2,Martin Lewis,stevensglenn
2269,Female,1,Cheyenne Kelley,vsmith
2270,Male,1,Andrew Marshall,williamschristy
2271,Female,2,Amanda Leon,salasjoseph
2272,Female,2,Christina Jones,bradleyhill
2273,Female,2,Ashley Ayers,jamieortega
2274,Male,1,Christopher Mcguire,hendrixmichael
2275,Male,2,Andre Wilkerson,karentran
2276,Male,2,Shawn Grant,carrie50
2277,Male,2,David Huang,andrew59
2278,Female,1,Deanna Dorsey,hawkinstrevor
2279,Female,2,Laura Glass,alexandramedina
2280,Male,2,Eric Myers,pattersonlaura
2281,Female,2,Phyllis Rivas,mclaughlinlaura
2282,Male,1,Edward Moran,hurleyfrancis
2283,Female,2,Amber Morrison,scottlittle
2284,Female,1,Elizabeth Warren,briddle
2285,Female,2,Kaitlin Green,samuel08
2286,Female,1,Felicia Nelson,gary03
2287,Male,2,James Montoya,watsonchristopher
2288,Female,1,Jessica Moon,rhonda95
2289,Male,1,Zachary Thompson,harperwilliam
2290,Male,2,Michael Fitzpatrick,melodycampbell
2291,Female,1,Lisa Mitchell,jenkinsalexander
2292,Male,1,Christopher Schmitt,kendrafisher
2293,Male,2,Christopher Reed,qnguyen
2294,Male,2,Brian Lewis,uboone
2295,Male,1,Raymond Molina,kevinevans
2296,Male,2,Ruben Garza,rebecca20
2297,Female,1,Dr. Linda Banks DDS,tbuchanan
2298,Male,1,Arthur Petty,oliviahaney
2299,Male,1,David Allen,zwest
2300,Male,2,Nicholas Flowers,jeffreycook
2301,Male,1,George Dean,mejiadylan
2302,Male,1,Marvin Villanueva,ivelasquez
2303,Male,2,Jacob Adams,jamesamy
2304,Male,2,Richard Sweeney,michelle99
2305,Female,1,Catherine Chavez,gonzalezwilliam
2306,Female,2,Victoria Rice,deborah74
2307,Female,1,Jamie Fowler,davidbell
2308,Male,1,Adam Thomas,brandonwong
2309,Female,2,Mrs. Courtney Jones DDS,jeremymorgan
2310,Male,2,Daniel Klein,robertandrews
2311,Female,1,Tina Martin,jonesjohn
2312,Male,2,Timothy Park,jamesmiller
2313,Male,2,William Silva,laurameadows
2314,Male,2,Matthew Evans,mosleyjeffrey
2315,Female,1,Danielle Alvarado,sarahcole
2316,Male,1,Joseph Larson,richmondwhitney
2317,Male,1,William Miller,robin88
2318,Male,2,Patrick Barron,williambenton
2319,Male,1,Kenneth Mccarthy,fstewart
2320,Male,2,John Simon,gstewart
2321,Female,2,Susan Smith,clementslisa
2322,Male,1,Jason Horton,ijohnson
2323,Female,1,Debbie Dean,santoscandace
2324,Male,1,Michael Jones,stephenlawson
2325,Male,1,James Thompson,schmittmegan
2326,Female,2,Natalie Mcgrath,grossdanielle
2327,Male,1,Thomas Garcia,qmartin
2328,Male,1,Jeremy Lopez,robertsalbert
2329,Female,2,Michelle Gross,mjuarez
2330,Female,1,Joyce Brown,stephen86
2331,Male,1,Christopher Miller,ricardophillips
2332,Male,2,Robert Ewing,jacob06
2333,Male,2,Philip Hawkins,michele56
2334,Male,1,Jake Wright,nbrown
2335,Female,1,Patricia Bonilla,zbrown
2336,Male,1,Steven Martinez,gabrielmorales
2337,Male,1,Kevin Rodgers,ygonzalez
2338,Female,2,Margaret Chavez,edward76
2339,Male,1,Christopher Fuentes,lindsey21
2340,Female,1,Bonnie Pollard,uowens
2341,Female,2,Gabrielle Neal,glawson
2342,Male,2,Michael Baker,shelby83
2343,Female,2,Diana Guerra,kathrynglover
2344,Female,2,Angel Johnson,brittanyjackson
2345,Male,2,Lucas Perry,leeamanda
2346,Male,2,Daniel Glass,pittmandaniel
2347,Male,1,Mr. Erik Perkins,mariah65
2348,Male,2,Daniel Morales,theresawoods
2349,Female,1,Tracie Jones,lwilliamson
2350,Male,1,Frank Garcia,nelsonrandall
2351,Male,2,Dustin Jennings,tanya96
2352,Female,2,Katherine Mitchell,njacobs
2353,Male,2,Justin Stephens,ymiller
2354,Male,2,Daniel Bowen,ianderson
2355,Male,2,Miguel Johnson,brendalewis
2356,Male,1,Darryl Giles,leslie77
2357,Male,1,Benjamin Campbell,qrandall
2358,Male,2,Kenneth Shepherd,asmith
2359,Female,1,Jennifer Jenkins,sullivanryan
2360,Female,1,Diane Hernandez,millerryan
2361,Male,2,Stephen Farley,danadecker
2362,Female,2,Alexis Jackson,fsmith
2363,Female,1,Patricia Buck,heather28
2364,Male,2,Brandon Johnson,eric93
2365,Female,1,Michelle Rodriguez,srobinson
2366,Female,1,Penny Garcia,kingpamela
2367,Female,1,Wendy Rivera,hartjeffrey
2368,Female,1,Kim Rodriguez,thomas08
2369,Female,1,Megan Brown,katrina38
2370,Female,2,Catherine Allen,dominguezwilliam
2371,Female,1,Lindsay Massey,kelsey32
2372,Male,2,William Rodriguez,usmith
2373,Male,1,Dr. Samuel Everett,sandraburns
2374,Male,1,David Neal,okelley
2375,Male,2,Darren Hodges,katherine02
2376,Male,1,Jason Salazar,christopher26
2377,Male,1,Danny Mitchell,pfrost
2378,Female,2,Kristy Cooper,petermcgee
2379,Female,1,Christine Douglas,melissawright
2380,Male,1,Wayne Rocha,fschneider
2381,Female,2,Jessica Bennett,tarmstrong
2382,Female,2,Diana Wiggins MD,rodrigueznicole
2383,Male,1,Eric Martinez,castrorobert
2384,Female,2,Leslie Gibson,kellyelliott
2385,Male,1,Andrew Payne,thomassmith
2386,Female,2,Elizabeth Mitchell,wisemark
2387,Female,2,Michele Stone,kmiller
2388,Female,2,Amber Miller,vickismith
2389,Female,2,Kathy Arnold,lindalopez
2390,Female,2,Sara Hughes,flynnmatthew
2391,Female,1,Claudia Hall,michael71
2392,Female,1,Ann Wade,wwilson
2393,Female,2,Amanda Edwards,jenniferclark
2394,Male,1,Jacob Solomon,amy15
2395,Female,1,Amanda Ray,thomasstephens
2396,Female,1,Heather Richardson,lauradunn
2397,Male,2,Richard Miller,latoyacox
2398,Male,1,Larry Anderson,estesmark
2399,Female,1,Sarah Campbell,shannontanner
2400,Male,1,Derrick Stark,robert28
2401,Male,1,Jeremiah Ramos,sarah14
2402,Male,2,John Anderson,alexamontes
2403,Female,2,Kristen Martinez,arobbins
2404,Female,1,Victoria Hopkins,asimon
2405,Female,1,Frances Adkins,ksmith
2406,Female,2,Jessica Miller,sheri90
2407,Female,1,Jasmine King,jamesgarner
2408,Female,2,Ashley Gutierrez,smithcorey
2409,Male,1,Daniel Park,martinezmichael
2410,Female,2,Bethany Stevens,aaronmcconnell
2411,Male,1,Andrew Moore,william76
2412,Male,2,Corey Barrett,kyle60
2413,Male,2,Mr. Jared Rose,triciaserrano
2414,Male,1,Eric Williams,warrendaniel
2415,Male,1,Timothy Randall,carl91
2416,Female,2,Rita Burke,natalienewton
2417,Male,1,Sergio Russell,wdixon
2418,Female,2,Lauren Smith,ythomas
2419,Female,1,Vanessa Jordan,galvarado
2420,Female,2,Nicole Pittman,taylor55
2421,Female,2,Cheryl Garcia,sonyajohnson
2422,Male,1,Keith Harvey,gary24
2423,Female,2,Catherine Bell,melissahammond
2424,Female,2,Kaitlyn Williams,jameswhite
2425,Female,1,Emily Miller,jeanette22
2426,Female,1,Felicia Jones,thomas09
2427,Female,1,Mary Thomas,annadiaz
2428,Female,2,Theresa Krause,nicholasjacobs
2429,Female,1,Rachael Gross,patrick88
2430,Female,2,Rebecca Villarreal,christopher00
2431,Male,2,Brian Christensen,gwilliams
2432,Female,2,Mary Griffin,jasonsantiago
2433,Male,1,Anthony Perez,wsanders
2434,Male,2,Scott Espinoza,shawn08
2435,Female,1,Lauren Butler,ellisonaaron
2436,Male,2,Derrick Adams,nwilliams
2437,Female,2,Anne Aguilar,floreskristin
2438,Male,1,Nicholas Lin,bpowell
2439,Male,2,Julian Acosta,caldwellchristina
2440,Male,1,James Pacheco,abarrett
2441,Female,1,Stephanie Wells,robert03
2442,Female,1,Destiny Ellison,samantha70
2443,Female,2,Ashley Baker,dianebeard
2444,Male,2,Joseph Garcia,ibaker
2445,Male,1,Matthew Moore,brittany13
2446,Male,2,Joseph Giles DVM,christine05
2447,Female,1,Christine Mora,tammycox
2448,Male,2,Bradley Torres,taylorkatrina
2449,Female,1,Amy Gomez,sandra80
2450,Female,2,Ashley Daniels,andersondaniel
2451,Female,1,Ellen Miller,paul86
2452,Female,2,Jenna Barnes MD,aguirresamuel
2453,Male,1,Thomas Ford,rmathews
2454,Female,2,Cheryl White,kevinbrown
2455,Male,2,Donald Bowers,bestmonica
2456,Male,2,Dr. Shaun Vasquez,warrengrant
2457,Male,1,Steven Swanson,vwilliams
2458,Female,2,Wendy Graves,dylanwilliams
2459,Male,2,Dennis Carpenter,allengary
2460,Female,1,Erika Martinez,sarahsnyder
2461,Female,2,Ms. Erica King,pwatkins
2462,Male,1,Norman May,jasmin49
2463,Male,2,Jonathan Gross,damonmartinez
2464,Male,1,Tyler Anderson,wgray
2465,Male,1,James Sellers,geraldmartinez
2466,Male,1,Austin Ellis,brendarichardson
2467,Female,2,Katrina Hicks,curtis03
2468,Male,2,Mark Rhodes,eschmidt
2469,Female,1,Debra Roberts,csanders
2470,Female,1,Courtney Gill,zsantiago
2471,Male,2,Stephen Smith,staffordjoseph
2472,Male,1,Anthony Sandoval,alyssavazquez
2473,Male,2,Kenneth Copeland,jbanks
2474,Female,2,Melissa Gross,stanleymichael
2475,Male,2,Jeff Schwartz,wjohnson
2476,Female,2,Debbie Miller,kevin43
2477,Male,1,Tim Miller,brandygonzalez
2478,Female,1,Heather Shah,shaun32
2479,Male,2,Cameron Patel,derrick53
2480,Male,2,James Johnson,newtonsuzanne
2481,Male,1,Robert Foster,jeffreyprice
2482,Male,1,Donald Ingram,markholloway
2483,Male,2,James Hall,huffmanvirginia
2484,Male,2,Richard Hoover,mbrown
2485,Female,1,Wendy Ramirez,tshepard
2486,Female,2,Kara Cameron,vaughnjasmine
2487,Female,1,Alejandra Hunter,michaelrose
2488,Male,2,Calvin Lewis,danathompson
2489,Female,1,Courtney Yu,seanraymond
2490,Male,2,Aaron Little,carlos82
2491,Male,2,Nicholas Craig,dawnmarsh
2492,Male,2,Jeremiah Franco,wjohnson
2493,Male,2,Steven Ramirez,mphillips
2494,Female,1,Nicole Hernandez,karenclark
2495,Female,1,Breanna Lindsey,cpeterson
2496,Male,2,Justin Kelley,floreselizabeth
2497,Female,1,Carolyn Harris,lopezjose
2498,Male,1,David Bonilla,craig82
2499,Male,2,Gregory Moon,jessica92
2500,Female,1,Michele Thomas,ddiaz
2501,Female,1,Lisa Davis,masseymegan
2502,Male,1,Danny Black,weberjennifer
2503,Female,2,Christina Wood,uarmstrong
2504,Female,2,Lisa Ortiz,amcintosh
2505,Female,1,Melissa White,cynthiaflynn
2506,Female,2,Whitney Brown,nancyherring
2507,Male,1,Jacob Martinez,jessica59
2508,Female,1,Maria Boyd,ronald48
2509,Male,2,Jerome Watkins,jason48
2510,Female,1,Taylor Castillo,denise01
2511,Male,2,Mark Ponce,ashleyharris
2512,Male,2,Kevin Parker,ibyrd
2513,Female,1,Jennifer Patel,christensenemily
2514,Female,1,Mary Carter,phensley
2515,Female,2,Lisa Herrera,robertsmith
2516,Female,1,Stephanie Hall,rodney75
2517,Female,2,Carolyn Campbell,caitlinallison
2518,Male,1,Daniel Ramirez,christophersmith
2519,Male,2,Craig Estrada,rwall
2520,Female,1,Amanda Ibarra,robert87
2521,Female,2,Lindsay Evans,burkedarlene
2522,Female,2,Jamie Mendoza,jeffrey10
2523,Male,2,Thomas Simmons,monica79
2524,Female,2,Teresa Smith,pwillis
2525,Female,1,Danielle Merritt,williamsilva
2526,Female,2,Roberta Parsons,sthomas
2527,Female,2,Ms. Danielle Chambers,rgreene
2528,Male,1,Adam Galloway,james48
2529,Female,1,Susan Smith,gbrown
2530,Male,1,Brandon Allen,tammyhunter
2531,Male,1,William Garcia,christopher76
2532,Female,1,Vickie Carpenter,phillipsaustin
2533,Female,1,Nicole Turner,marcusbrewer
2534,Male,1,Austin Adams,jennifer56
2535,Male,1,Charles Davila,jefferymolina
2536,Male,2,James Green,ocollins
2537,Female,2,Emily Flores,amandamendez
2538,Male,1,Samuel Grimes,jillian44
2539,Male,2,John Spence,arichardson
2540,Male,1,Christopher Rivas,christopherwyatt
2541,Female,2,Katherine Brown,roberthayes
2542,Male,1,David Trujillo,michaelreilly
2543,Female,2,Robin Taylor,gkim
2544,Female,2,Laura Carney,kaylacraig
2545,Female,1,Sharon Clarke,elijahdiaz
2546,Male,2,Leon Watson,katrina55
2547,Male,2,Christopher Guzman,robert50
2548,Female,1,Dominique Wilson,nathan66
2549,Male,2,Christopher Hunt,zacharybradshaw
2550,Male,2,Michael Valdez,cristinaspencer
2551,Male,2,Nicholas Brown,andrewschmidt
2552,Male,1,Jordan Barajas,ustewart
2553,Female,1,Mrs. Alison Garner DDS,pamela67
2554,Female,2,Tracey Joseph,jmayo
2555,Female,1,Amanda Pierce,alison79
2556,Female,1,Jessica Bell,patriciaanderson
2557,Female,2,Leslie Cruz,zstevens
2558,Male,1,Harold Perry,pbrown
2559,Female,1,Amber Campbell,lorraine38
2560,Male,2,Zachary Manning,george26
2561,Male,2,Terry Watson,escobarallison
2562,Male,1,Timothy Moore,joelcooper
2563,Female,2,Lisa Mendez,dickersonsarah
2564,Female,2,Lauren Nguyen,barrettdaniel
2565,Male,1,James Leonard,gary96
2566,Female,1,Rachel Phillips,shawn73
2567,Female,2,Dominique Singh,rfuller
2568,Male,1,Richard Johnson,jeffrey97
2569,Female,2,Dana Ramsey,sarahwilliams
2570,Male,2,Juan Cook,jeremytaylor
2571,Female,1,Julie Benton,anthonyperez
2572,Male,2,George Jordan,samantha94
2573,Female,2,Angela Griffith,hneal
2574,Female,2,Krista Young,wwilson
2575,Female,2,Nicole Collins,odommelissa
2576,Male,1,Corey Pearson,brentharris
2577,Male,2,Kenneth Hendricks,lisa74
2578,Female,1,Angela Hall,tandrade
2579,Male,2,Joseph Long DVM,ygreer
2580,Male,1,Micheal Chaney,phenry
2581,Female,1,Valerie Shah,masonconnie
2582,Female,2,Jessica Owens,michaelwilliams
2583,Female,1,Brenda Weber,loriellis
2584,Female,1,Angela Mcclain,fmendez
2585,Male,2,Mark Horn,allenwillie
2586,Female,2,Terri Contreras,dalton20
2587,Male,2,Daniel Jones,calvin28
2588,Male,2,Christopher Bryan,derek84
2589,Male,1,Benjamin Berry,edwardrose
2590,Male,1,Matthew Hall,lewismichelle
2591,Male,1,James Tanner,vwilliams
2592,Male,2,Arthur Walsh,danielwood
2593,Male,1,Russell Robinson,laurapowell
2594,Female,2,Laura Cobb,omorales
2595,Female,2,Hailey Jones,thomasdean
2596,Female,1,Megan Harrington,michaelowens
2597,Male,2,Robert Bryant,keithadkins
2598,Female,2,Nicole Jones,sarahmedina
2599,Male,1,Walter Benjamin,craigrogers
2600,Male,2,William Barton,rowenathaniel
2601,Male,2,Timothy Hansen,knoxmichael
2602,Female,2,Jacqueline Baker,ccoleman
2603,Male,1,Brian Chang,cgomez
2604,Male,1,Christopher Hale,nathaniel95
2605,Female,2,Jenna Wright,david12
2606,Female,1,Kimberly Bryant,tracey64
2607,Female,2,Candice Porter,xlindsey
2608,Female,2,Jennifer Davis,copelandronald
2609,Male,2,Justin Johnson,jacksonevelyn
2610,Male,2,John Williams,vmartinez
2611,Female,2,Julia Green,mercadogina
2612,Female,2,Monica Cannon,baileyjohn
2613,Male,1,Christopher Lewis,turnerkara
2614,Female,1,Brooke Wilson,browncole
2615,Male,2,Steven Christian,laura20
2616,Male,2,Joshua Hart,ldavis
2617,Male,2,Jeremiah Grant,fjohnson
2618,Female,2,Erica Jackson,sjohnson
2619,Female,1,Rebecca Bell,shelby30
2620,Male,1,Matthew Bond,xherrera
2621,Female,2,Mary Gibson,xoneal
2622,Female,1,Tonya Berger,matthewsanchez
2623,Female,2,Margaret Wilson,valenciamichael
2624,Female,2,Gwendolyn Kelly,laura01
2625,Female,1,Ms. Beth Guerrero MD,garciasandra
2626,Female,2,Michelle Sullivan,jonesrandy
2627,Male,1,James Johnson,shaunphillips
2628,Male,1,Kurt Smith,dawnrollins
2629,Female,1,Jacqueline Williams,rhall
2630,Female,1,Elizabeth Thompson,mirandabarrera
2631,Male,2,Joshua Howard,samantha32
2632,Male,1,Dennis Bowman,jdunn
2633,Male,1,John Wheeler,danderson
2634,Female,1,Lisa Baker,anitanunez
2635,Female,2,Alexis Reed,danielnelson
2636,Male,1,Jacob Anderson,kathryn59
2637,Female,1,Robin Gonzales,ashleystone
2638,Female,2,Jamie Johnson,kenneth14
2639,Male,2,Robert Long,lisanelson
2640,Male,2,John Williams,hernandezkevin
2641,Male,1,Jason Reilly,sandrajohnson
2642,Female,1,Megan Leblanc,joncarpenter
2643,Female,2,Amber Hicks,regina40
2644,Female,2,Ashley James,elizabethkelly
2645,Female,2,Tracey Barker,tday
2646,Male,1,Kyle Smith,jill63
2647,Male,1,Franklin Macias,morsecourtney
2648,Male,2,Brandon Bender,fthomas
2649,Male,2,Edward Cantu,kelli64
2650,Female,1,Donna Rhodes,richanthony
2651,Female,1,Katherine Alvarez,karen32
2652,Male,1,Daniel Heath,paynenathaniel
2653,Female,2,Melanie Hernandez,bradfordtonya
2654,Female,1,Catherine Johnson,lisa86
2655,Male,2,Kenneth Rodriguez,omontes
2656,Female,2,Lisa Young,lisathompson
2657,Female,2,Jennifer Welch,xharvey
2658,Female,1,Angela Davis,egill
2659,Female,1,Lori Hunt,bartlettjoshua
2660,Male,1,Jonathan Watts,hwarren
2661,Male,2,Alexander Vazquez,tyler98
2662,Male,2,Jonathan Briggs,dominique58
2663,Male,2,Robert Beasley,regina81
2664,Female,1,Sharon Bennett,melissaeaton
2665,Male,1,Matthew Cochran,sonyarichardson
2666,Male,2,Brian Bowman,bryanthomas
2667,Female,1,Vickie Edwards MD,triciafuentes
2668,Male,1,Kevin Finley,thomas18
2669,Female,2,Tina French,pennyruiz
2670,Male,1,John Pittman,fullerronnie
2671,Female,2,Jill Mendoza,andrew34
2672,Female,2,Rebecca Cole,jonesvictoria
2673,Male,2,Nicholas Hall,samuel74
2674,Male,2,Marc Lewis,srosales
2675,Male,2,Travis Wagner,prestonmichael
2676,Male,2,Daniel Booth,njennings
2677,Male,2,Troy Watson,judithberry
2678,Male,2,James Luna,jonathanschwartz
2679,Male,1,Timothy Mendoza,debrasutton
2680,Female,2,Catherine Bell,lanejoshua
2681,Female,2,Megan Foster,qmassey
2682,Female,2,Stephanie Carter,davismatthew
2683,Male,1,Glenn Massey,johnsonsamantha
2684,Male,1,Mr. Gary West PhD,ashley07
2685,Male,1,Timothy Khan,powellbridget
2686,Female,2,Julia Mcknight,jenniferkrueger
2687,Female,2,Wendy Collins,ihenderson
2688,Male,1,Robert Davis,ahood
2689,Female,2,Mallory Nelson DDS,khobbs
2690,Female,1,Stephanie Williams,jonescatherine
2691,Male,1,Mr. David Griffith DDS,kanthony
2692,Female,2,Crystal Smith,schroedersonya
2693,Female,2,Jaime Stuart,tannercraig
2694,Female,1,Krystal Aguirre,jasmine18
2695,Female,2,Heather Haas,lramirez
2696,Male,2,Charles Gallagher,colonmelissa
2697,Male,2,Jonathan Rose,jerrydavidson
2698,Female,1,Jennifer Oconnor,cthomas
2699,Male,1,Steven Wu,simonsamantha
2700,Male,2,Michael Pennington,mnash
2701,Male,2,Dennis Parrish,churchmegan
2702,Male,1,Seth King,evansluis
2703,Male,2,Chase Peterson,hsmith
2704,Male,2,William Mahoney,lewisjoseph
2705,Male,1,Adam Lynn,bmiller
2706,Female,1,Veronica Smith,richard94
2707,Female,1,Laura Allen,valerierhodes
2708,Male,1,Jesse Ward,christopherherman
2709,Female,2,Maria Page,austinbenjamin
2710,Female,1,Tracy Webb,mmartinez
2711,Male,2,Zachary Allen,kimberly54
2712,Male,1,Joseph Herring,mvilla
2713,Female,2,Diana Davis,tiffanypeterson
2714,Female,2,Lisa Trevino,erin20
2715,Female,2,Suzanne Peterson,djarvis
2716,Female,1,Eileen Taylor,nicole76
2717,Male,2,Kyle Floyd,woodeddie
2718,Female,2,Regina Rivera,cranemitchell
2719,Male,2,Joseph Johnson,qguerrero
2720,Male,2,Edward Anderson,zachary96
2721,Female,1,Kathleen Abbott,tammygreen
2722,Male,2,Anthony Fox,eric42
2723,Female,2,Tanya Jordan,ruizpaula
2724,Female,1,Kristen Copeland,qli
2725,Female,1,Jill Barnett,katherineadkins
2726,Female,1,Felicia Roth,christy78
2727,Female,1,Jennifer Wilson,lisahall
2728,Male,1,Ruben Adams,nancycoleman
2729,Male,1,Joshua Hoffman,cbowen
2730,Female,1,Amanda Pace,mmartinez
2731,Female,1,Julia Schaefer,shermanveronica
2732,Female,2,Donna Cortez,nmullins
2733,Male,2,Michael Garcia,john36
2734,Female,1,Tina Sanchez,iglover
2735,Male,1,Sean Martin,edwin05
2736,Male,1,Alexander Evans DDS,emily83
2737,Male,2,Aaron Simmons,ethanshannon
2738,Male,1,Dakota Hess,tfernandez
2739,Female,1,Theresa Gonzalez,courtney13
2740,Female,2,Ann Montgomery,kimberlypatton
2741,Female,2,Sierra Irwin,brittany31
2742,Female,1,Diana Hughes,wcarroll
2743,Female,2,Nicole Vega,lhuang
2744,Female,1,Gabriela Lozano,barnesvanessa
2745,Male,1,Lance Santiago,norrisjoe
2746,Male,2,Cody Mills,timothy80
2747,Female,1,Julie Roberts,ecarter
2748,Female,2,Kim Armstrong,samantha52
2749,Female,2,Jessica Sloan,valerie16
2750,Female,1,Jessica Diaz,mark44
2751,Male,1,Jim Fitzgerald,david55
2752,Female,2,Melissa Ortiz,glennmeghan
2753,Male,2,Michael Grant,kimberly40
2754,Male,1,John Stevens,scottwalker
2755,Male,1,Donald Harris,stonegregory
2756,Female,2,Pamela Nunez,schultzkristin
2757,Male,1,David Gates,walkerpaul
2758,Female,1,Chloe Short,georgehaynes
2759,Female,2,Alyssa Carter,sevans
2760,Female,2,Amber Barnett,tfarmer
2761,Female,2,Crystal Freeman,stonezachary
2762,Male,1,Nathan Watts,hgardner
2763,Female,1,Vanessa Nelson,david83
2764,Female,1,Paige Mitchell MD,melissasnyder
2765,Female,1,Amy Morales MD,ijones
2766,Male,1,Anthony Miller,wendyanderson
2767,Male,2,Roger Lindsey,corycollins
2768,Female,1,Kelly Boone,nlynch
2769,Male,2,Jaime Davis,yrios
2770,Male,1,Tyler Gates,clowe
2771,Male,2,Dennis Robinson,davidmartin
2772,Female,2,Jaclyn Jones,eileen24
2773,Male,2,Jeremy Martin,gcastro
2774,Male,2,Jerry Thompson,aaron73
2775,Female,1,Tracey Mcclure,joshua34
2776,Male,2,Bradley Frazier,alexismayer
2777,Female,2,Kristin Fisher,dylan48
2778,Male,1,Joshua Johns,xbaker
2779,Male,1,Christopher James,porteradam
2780,Female,1,Michele Young,sarah62
2781,Female,1,Crystal Garcia,priscilla25
2782,Female,1,Mrs. Kimberly Garner DVM,mullinsjessica
2783,Male,2,Daniel Jackson,emily00
2784,Male,1,Andrew Smith,daviscynthia
2785,Female,2,Andrea Macdonald,ejohnston
2786,Female,1,Ashley Morris,olong
2787,Male,1,Dr. Randy Ward,xmejia
2788,Female,1,Sarah Parker,jennifer84
2789,Male,2,Jason Rowland,brendawise
2790,Male,1,Jose Potter,denisethompson
2791,Male,2,Jeffrey Baldwin,michaelwarner
2792,Female,1,Kimberly Fleming,kvasquez
2793,Male,2,Charles Mcdonald,daniel92
2794,Male,2,Frank Robertson,barnettedward
2795,Male,1,Robert Parker,lawrenceschmidt
2796,Male,2,Edward Castro,elizabeth67
2797,Female,2,Melissa Young,lisachase
2798,Male,2,Jay Melton,elizabeth26
2799,Male,1,Jeffrey Griffin,lewisrobert
2800,Female,2,Rebecca Tucker,sally75
2801,Male,1,Paul Foster,ymurphy
2802,Female,2,Brenda Brown,teresa22
2803,Male,2,Michael Trevino,shawandrea
2804,Female,1,Jennifer Salazar,pittseric
2805,Female,2,Jessica Hines,maxwellmichael
2806,Male,2,William Anderson,stephaniedunn
2807,Male,1,David Brooks,gthompson
2808,Male,1,James Lee,laurahopkins
2809,Male,1,Travis French,stephanie69
2810,Male,1,Timothy Charles,cassandra24
2811,Male,1,Benjamin Williams,jbryan
2812,Male,1,Philip Erickson,gregory32
2813,Male,1,Adam Nelson,stephanie13
2814,Male,2,Joshua Holden,jerry26
2815,Female,1,Jennifer Powers,joseph97
2816,Female,2,Mrs. Leslie Davis DDS,ericjenkins
2817,Female,2,Mary Dunlap,ruben78
2818,Female,2,Anna Powers,pcooley
2819,Female,2,Erin Valencia,kevinjackson
2820,Male,1,Joseph Sanders,hillmichael
2821,Female,2,Maria Webster,perezlauren
2822,Female,1,Heather Michael,jnichols
2823,Male,1,Connor Ayala,iford
2824,Male,2,Ernest Anderson,kblack
2825,Female,2,Michelle Vaughn,amber26
2826,Female,2,Michelle Andrews,jeffrey10
2827,Female,1,Suzanne Garcia,amandavillanueva
2828,Female,2,Tiffany Johnson,ernesttucker
2829,Male,2,John Peters,vwood
2830,Male,1,David Johnson,sjones
2831,Male,1,Marcus Harris,stevencombs
2832,Female,2,Melissa Singleton,rogersheather
2833,Male,1,Matthew Thomas,mary39
2834,Male,1,Austin Bell,reesedavid
2835,Female,2,Hannah Garcia,kimberly18
2836,Female,1,Gloria Leon,millschristine
2837,Female,2,Abigail Quinn,elaine94
2838,Female,1,Stacey Green,vrobinson
2839,Female,1,Brittany George,gcampbell
2840,Female,1,Toni Miller,huffbryan
2841,Female,2,Holly Moran,nicole34
2842,Male,1,Anthony Mcdonald,lambroberto
2843,Male,2,Jeffrey Schwartz,roblesandrew
2844,Female,1,Amanda Herring,rjones
2845,Female,1,Tamara Walker,ypowers
2846,Female,1,Candice Miller,shawn04
2847,Female,1,Tiffany Santiago,mathisamy
2848,Male,2,Randall George,moralesbenjamin
2849,Male,1,Blake Beasley,alexismitchell
2850,Male,2,Jay White,john82
2851,Male,1,Brian Gonzalez,rcarpenter
2852,Male,1,Chad Jackson,qbarrett
2853,Female,1,Sabrina Garcia,arroyojoshua
2854,Female,2,Jenna Hobbs,davidwong
2855,Male,1,Gregory Duncan,whiteandrea
2856,Female,1,Michele Dennis,samantha97
2857,Male,1,Robert Jones,mcconnellmonica
2858,Female,2,Melissa Mcmillan,hshepard
2859,Female,1,Christine Orozco,john77
2860,Female,2,Megan Briggs,tracy38
2861,Female,2,Sherri Harvey,michaelnguyen
2862,Male,2,David Yoder,fpena
2863,Female,2,Kristen Fernandez,zbrewer
2864,Male,1,Anthony Walker,ohansen
2865,Female,1,Nicole Davis,bmiller
2866,Male,1,Howard Weeks,marybrown
2867,Female,1,Valerie Jacobs,christianharper
2868,Female,2,Michelle Sparks,hooddonna
2869,Female,2,Jennifer Fitzpatrick,fernandezmanuel
2870,Female,1,Ashley Walsh,andre68
2871,Male,2,Brandon Wong,xbenson
2872,Male,1,Timothy Smith,newtonjulia
2873,Male,2,Francisco Brown,qblankenship
2874,Male,1,Mr. Kevin Patton,qmartin
2875,Male,2,Zachary Johnson,williamschristopher
2876,Male,2,Michael Baker,kristinagomez
2877,Female,2,Kimberly Anderson,michael11
2878,Male,2,Christopher Kelly,stephanie72
2879,Female,2,Vanessa Cox,lfrederick
2880,Male,2,William Hunter,tdyer
2881,Male,2,Dustin Miller,nashamanda
2882,Male,1,Gerald Bishop,lindarichardson
2883,Female,2,Cindy Brown,hsawyer
2884,Male,1,Joshua Lee MD,cynthia26
2885,Male,2,Isaac Duke,wharris
2886,Female,1,Dawn Sullivan,yfreeman
2887,Female,1,Barbara Andersen,markfarley
2888,Female,2,Tammy Mayer,christopherrhodes
2889,Female,1,Linda Maynard,griffinbrian
2890,Female,2,Melinda Flynn,joseph94
2891,Female,2,Wendy Gibson,laura45
2892,Male,2,Brian Peterson,seanwright
2893,Female,1,Melissa Brown,carrollthomas
2894,Male,2,Travis Jones,william62
2895,Male,2,Bryan Ryan,amandanorman
2896,Male,2,Timothy Moore,denise27
2897,Male,2,Andrew Andrews,brewerkaren
2898,Male,2,Brandon Thompson,jacoblee
2899,Female,2,Sarah Reynolds,brianmcguire
2900,Female,2,Ms. Chloe Smith,ortizdavid
2901,Male,1,Paul Wallace,ssmith
2902,Male,1,Seth Velasquez,cheryltaylor
2903,Female,2,Stephanie Johnson,vkline
2904,Male,1,Jack Hurst,justin56
2905,Male,2,Curtis Davis,johnalvarez
2906,Male,2,Ronald Bryant,bradyanthony
2907,Male,1,Jesse Stewart,jason44
2908,Female,1,Laura Vazquez,nthompson
2909,Female,2,Leslie Bryant,philliphansen
2910,Female,2,Kaitlyn Haley,kaylaforbes
2911,Female,2,Ashley Davis,jasoncrawford
2912,Male,2,Calvin West,jill68
2913,Male,1,Jason Lee,jamesferrell
2914,Female,2,Amy Spencer,russell80
2915,Male,1,Wesley Blake,pkirk
2916,Female,1,Betty Curry,hollycruz
2917,Female,1,Jenny Mathis,connieburns
2918,Female,1,Alicia Cooper,clewis
2919,Male,2,Samuel Oliver,kennedydebra
2920,Female,1,Dr. Sabrina Holden,wyattnatasha
2921,Female,2,Whitney Jones,clintongross
2922,Female,1,Angela Hall,pamela28
2923,Male,2,Ian Ruiz,amandawood
2924,Female,2,Sara Lindsey PhD,carlyevans
2925,Female,2,Amy Sharp,mosesjay
2926,Male,1,Peter Bradshaw,amyaustin
2927,Female,1,Christina Brown,james87
2928,Male,1,Steven Archer,ruizaustin
2929,Male,2,Shawn Austin,ricky56
2930,Male,1,Tyler Conley,wagnerdebbie
2931,Male,1,Derek Rodriguez,bcabrera
2932,Female,2,Molly Cherry,john46
2933,Male,1,Benjamin Fox,lewispaula
2934,Male,2,Terry Davis,millernicole
2935,Male,1,William Brown,heather16
2936,Female,2,Stacey Rowe,ryanmiranda
2937,Female,1,Sabrina Melton,diazrichard
2938,Male,1,Jonathan Krueger,lisa10
2939,Male,1,Brandon Bauer,omoss
2940,Male,2,John Lawson,louis15
2941,Male,1,Ryan Johnson,davidpeterson
2942,Female,1,Heather Gamble,morgangregory
2943,Female,2,Jessica Santos,tracyray
2944,Male,1,Christopher Cole,maythomas
2945,Male,1,Jesus Parker,melissa45
2946,Female,1,Holly Simpson,davidpaul
2947,Female,1,Cindy Campbell,daniel44
2948,Male,2,David Hunter,courtneymoore
2949,Male,2,Aaron Johnson,mary67
2950,Female,2,Bridget Jackson,sfrancis
2951,Male,2,John White,jennifer20
2952,Male,1,Daniel Roy,amy89
2953,Female,1,Andrea Goodman,vzimmerman
2954,Male,1,Keith Moreno,virginiadunn
2955,Male,2,Jermaine Compton,greensusan
2956,Male,1,Brian Mclaughlin,stephanie43
2957,Male,2,Alexander Morris,masseytony
2958,Male,2,Aaron Lucas,james86
2959,Male,1,Christopher Wilson,phillipanderson
2960,Female,2,Jenny Cook,bwells
2961,Male,2,Nicholas Wright,melissadavis
2962,Male,2,Michael Fry,fmeyers
2963,Female,1,Kari Larson,carrolljoseph
2964,Female,1,Jean Santos,alvaradodebra
2965,Male,2,Mitchell Ramirez,jasminetorres
2966,Male,2,Alexander Allen,phillip71
2967,Male,2,Jonathan Jones,smithjoseph
2968,Female,2,Megan Schmidt,vincentanderson
2969,Female,2,Nicole Jones,stephenharrison
2970,Female,2,Brenda Brown,bailey46
2971,Female,1,Sandra Smith,webbthomas
2972,Male,1,Christopher Stevens DDS,norrischarles
2973,Male,2,Anthony Strong,iscott
2974,Female,2,Jacqueline Clayton,flowersjames
2975,Male,2,Matthew Lutz,anthonymahoney
2976,Male,1,Charles Randall,gwoods
2977,Female,1,Melanie Joseph,madams
2978,Male,1,Robert Padilla,mstewart
2979,Male,1,Steve Webster,osteele
2980,Male,1,Kenneth Perez,nalvarez
2981,Male,1,Antonio Dorsey,timothyhancock
2982,Male,2,Samuel Leblanc,david56
2983,Female,1,Heather Hernandez,suzannerogers
2984,Female,1,Vanessa Richards,ryanrachel
2985,Male,2,Jesse Romero,garciarebecca
2986,Female,2,Shirley Malone,huntkent
2987,Female,1,Carrie Tucker,vcastillo
2988,Male,2,James Coleman,coxwilliam
2989,Male,1,Michael Hoffman,vanessa26
2990,Female,2,Paige Brooks,dcross
2991,Female,2,Misty Miles,rodriguezstephen
2992,Male,1,Allen Stevens,yperez
2993,Female,1,Michelle Jones,rhondadeleon
2994,Female,2,Cynthia Potts,zharris
2995,Male,1,Jeffrey Roach,emily47
2996,Female,2,Veronica Brown,utaylor
2997,Male,1,Nicholas Mullins,jesseherrera
2998,Male,1,Michael Pearson,bbailey
2999,Male,2,Brian Perez,jaclyngibson
3000,Female,1,Elizabeth Tucker,campbellshirley
3001,Male,1,Luis Schmidt,blong
3002,Male,1,Kurt Reyes,barnesjoshua
3003,Male,1,Raymond Scott,nicholas90
3004,Female,2,Rachel Perry,sstevens
3005,Female,2,Judy Mason,gallagherelizabeth
3006,Male,1,Kevin Owen,kimberlygonzalez
3007,Male,2,Jermaine Allen,daniel47
3008,Male,2,Joseph Hampton,bishopkimberly
3009,Female,2,Samantha Bauer,westkaren
3010,Female,1,Ashley Walker,pgentry
3011,Male,2,Justin Washington,gsmith
3012,Male,1,Stephen Cain,dweiss
3013,Female,1,Lori Murphy,scottjulie
3014,Female,2,Jasmine Nguyen,gpace
3015,Female,1,Lisa Murray,uperez
3016,Female,1,Paige Lara,cohensabrina
3017,Male,2,Jesus Reese,wrightgeorge
3018,Female,1,Erica Martin,andrewsdaniel
3019,Male,2,Brian Williams,sabrinamcintyre
3020,Female,1,Caitlyn Willis,hannahmiller
3021,Female,1,Monica Anderson,qvaughan
3022,Male,2,Jonathan Jones,robert70
3023,Male,1,Matthew Baker PhD,mariaayers
3024,Female,1,Kathleen Smith,gary01
3025,Male,1,Steven Lee,kelly96
3026,Male,1,Alex Berry,kvaughn
3027,Male,2,Jamie Craig,randallsandoval
3028,Male,2,Daniel Lewis,bgarcia
3029,Female,2,Samantha Andrews,jacksonterri
3030,Male,1,David Murphy,isilva
3031,Male,2,Eugene Murphy,kathy79
3032,Male,1,David Smith,william43
3033,Male,2,Christopher Washington,joshua92
3034,Male,2,Billy Davis,grodriguez
3035,Female,2,Elizabeth Wade,alyssabaker
3036,Female,1,Brenda Green,callen
3037,Female,1,Donna Morris,frankvasquez
3038,Male,1,Jonathan Moss,smithsara
3039,Male,2,Jason Jefferson,pachecojennifer
3040,Female,1,Jessica Richardson,fyoung
3041,Male,1,George Henry,christiandavidson
3042,Male,2,Kevin Herrera,ericfuentes
3043,Male,2,Kenneth Graham,garciamary
3044,Male,1,David Scott,shepherdsabrina
3045,Male,1,Michael Holland,qguerrero
3046,Male,2,Nicholas Conner,blackwelljohn
3047,Female,2,Barbara Kelly,jenniferschaefer
3048,Female,2,Sheila Gonzalez,joann88
3049,Female,1,Morgan Ward,krich
3050,Female,2,Michelle Dunn,brian97
3051,Female,1,Christina Torres,cbrown
3052,Male,1,Austin Camacho,zpatel
3053,Female,1,Jessica Hood,wwilkerson
3054,Male,1,Matthew Wiley,morrismitchell
3055,Male,2,Philip Love,joelherring
3056,Male,2,John King,brownmark
3057,Female,2,Debbie Hall,harrisjessica
3058,Male,2,Todd Lara,phillip30
3059,Female,1,Kayla Williams,chelsea00
3060,Female,1,Danielle York,csmith
3061,Male,1,Larry Guzman,canturichard
3062,Female,2,Kathleen Sandoval,abarnes
3063,Female,1,Allison Cooke,vhardy
3064,Female,1,Jennifer Burton,wongkatherine
3065,Female,2,Maria Yang,sara92
3066,Male,2,Eric Perez Jr.,christianparrish
3067,Male,2,Adam Green,tonya05
3068,Male,2,Billy Kennedy,donald02
3069,Female,1,Susan Myers,jenkinsgary
3070,Female,1,Abigail Gibbs,joshua53
3071,Male,1,Glenn Barrett,stephenthomas
3072,Male,2,Shawn Patrick,xsmith
3073,Male,2,David Peterson,dominique74
3074,Male,2,Randy Johnson,growe
3075,Female,1,Nicole Sosa,hhouston
3076,Female,2,Danielle Hobbs,deborah63
3077,Male,2,Brad Davis,bobby39
3078,Female,2,Kimberly Meadows,dannybaxter
3079,Male,1,Kevin Ellis,darius44
3080,Female,1,Stephanie Aguirre,coxrebecca
3081,Female,2,Tara Wilson,julie14
3082,Male,2,Steven Wallace,zhodges
3083,Male,2,Richard Austin,mathewsronald
3084,Female,1,Kathy Reynolds,cbrown
3085,Male,1,Randy Hanson,aaron32
3086,Female,1,Hannah Andrews,jessica98
3087,Male,1,Curtis Watson,reginarichardson
3088,Female,1,Natalie Pennington,stephensstephanie
3089,Female,1,Donna Shelton,nicholastorres
3090,Female,1,Amanda Jenkins,yedwards
3091,Male,2,Richard Green,martinezdaniel
3092,Female,2,Leslie Rogers,anita36
3093,Female,1,Ana Moore,kathryn81
3094,Male,1,Martin Anderson,tracyreynolds
3095,Male,1,Jose Haynes,brandongutierrez
3096,Male,1,Thomas Clark,susan25
3097,Male,2,Shawn Mendoza,austinnathan
3098,Female,2,Kaylee Love,edwardgarcia
3099,Female,1,Kerry Brown,leelori
3100,Female,1,Nicole Jackson,ddaniels
3101,Male,1,Mark Andrews,jchristian
3102,Female,2,Natasha Brown MD,maciasnicholas
3103,Male,1,Troy Kim,jamesmedina
3104,Female,2,Mary Mayer,jonathan87
3105,Female,2,Lisa Johnston,kcruz
3106,Female,2,Ashley Norris,cmoore
3107,Female,2,Victoria Lewis,kconley
3108,Female,1,Angela Diaz,underwoodphilip
3109,Female,2,Mariah Wolf,carterangela
3110,Female,2,Jessica Garcia,carolyn60
3111,Male,2,Andrew Sloan,taylor61
3112,Male,1,Jeffrey Scott,ferrellleah
3113,Male,2,Mr. Jeremiah Morales,vgraham
3114,Female,2,Brandi Green,carterjames
3115,Male,2,Adam Reynolds,charles21
3116,Female,1,Lauren Cook,bnelson
3117,Female,2,Laura Duncan,bakerkayla
3118,Female,1,Cassandra Johnson,steven41
3119,Male,2,Andrew York,leslieclayton
3120,Female,1,Crystal Waters,deanemily
3121,Female,1,Taylor Lewis,carrie92
3122,Male,2,Jorge Lane,jenniferpena
3123,Female,1,Sarah Brown,cardenassean
3124,Female,1,Anna Allen,cookmark
3125,Female,2,Angela Clark,wesley52
3126,Female,2,Carmen Jenkins,joselee
3127,Male,2,Michael Burton,palmerjennifer
3128,Male,1,Adam Hughes,zmcconnell
3129,Female,1,Kayla Jordan,xrodriguez
3130,Male,2,Steven Marshall,littletoni
3131,Male,2,Christopher Yu,jessicamiles
3132,Female,2,Janet Oconnell,wilkinschristine
3133,Female,2,Emily Nguyen,karen44
3134,Female,2,Cindy Johnson,matthewortega
3135,Female,1,Kimberly Waller,alexmills
3136,Female,1,Elizabeth Jones,wmoore
3137,Male,2,Jeffrey Mendez,tmorton
3138,Female,1,Doris Bowen,joseph42
3139,Female,2,Michele Miller,jesse29
3140,Male,1,Timothy James,joel32
3141,Female,1,Michelle Nelson,destiny11
3142,Female,2,Melissa Elliott,matthew08
3143,Male,1,Jason Jones,sjohnson
3144,Male,2,James Stout,prestondevon
3145,Male,1,Christopher Juarez,juan78
3146,Male,1,Alexander Haney,caitlin08
3147,Female,1,Angela Turner,hughesamber
3148,Female,2,Kayla Levy,russellrodriguez
3149,Male,1,Robert Carroll,jonesjessica
3150,Female,1,Cassidy Nelson,kennethhall
3151,Female,2,Jennifer Wilson,vaughnsheila
3152,Female,1,Alexis Collins PhD,thester
3153,Female,2,Lori Reyes,abowman
3154,Male,2,John Dennis,shelleygolden
3155,Male,1,Bruce Dunn,mwood
3156,Male,2,Jamie Delgado,williammcgee
3157,Female,1,Amy Morgan,william76
3158,Male,2,Christopher Pace,zfields
3159,Male,2,Eugene Johnson,christopher85
3160,Female,1,Amanda Steele,hurleylouis
3161,Female,2,Heather Camacho,victor93
3162,Male,1,Zachary Ruiz,anorman
3163,Female,1,Kelly Ross,amberjohnson
3164,Male,2,Nathan Davis,youngmike
3165,Female,2,Heather Ortiz,jenkinsamanda
3166,Male,2,Timothy Ruiz,gibbsmicheal
3167,Female,2,Diana Ray,shawn48
3168,Male,1,Thomas Perez,patrickmccoy
3169,Male,1,Anthony Sullivan,phillipstroy
3170,Female,2,Sydney Ingram,waynegilbert
3171,Male,2,James Melton,leeashley
3172,Female,1,Mary Johnson,tina38
3173,Male,1,Devin Webb,fmontgomery
3174,Female,1,Julia Krause,lambertjohn
3175,Female,2,Virginia Summers,danielsbryan
3176,Female,1,Amy Wiley,lindseylloyd
3177,Female,1,Judy Gardner,jennifer46
3178,Female,2,Donna Weiss,paulroman
3179,Female,2,Emily Boyd,qhoffman
3180,Male,2,Andrew Welch,jamesbass
3181,Male,2,Jordan Mitchell,santhony
3182,Male,2,Paul Harrington,stephensconnor
3183,Female,2,Stephanie Martinez,amandajimenez
3184,Male,2,Frank Krause,nicholetaylor
3185,Male,1,Daniel Rogers,wbridges
3186,Female,2,Kristin Fry,hernandezjeffery
3187,Male,1,Drew Barry,edwardlee
3188,Female,1,Melissa Potter,mccannscott
3189,Female,1,Lauren Briggs,adiaz
3190,Male,2,Samuel Brewer,fmoore
3191,Female,2,Stephanie Martin,idunn
3192,Male,1,Brian Proctor,sarah95
3193,Male,2,Justin Garcia,angelaburns
3194,Male,1,Mark Mason,nhouse
3195,Female,1,Jessica Mendoza,taylorteresa
3196,Male,1,John Skinner,tcruz
3197,Male,1,Adam Kim,brandi56
3198,Male,1,Patrick Andersen,frank45
3199,Female,1,Patricia Moreno,solisjeffery
3200,Male,1,Andrew Wolf,garyhawkins
3201,Female,1,Amanda Petty,paulerickson
3202,Female,2,Lisa Garcia,timothy65
3203,Male,1,Mr. Richard Nelson,mcfarlandkevin
3204,Female,2,Jennifer Russell,mitchelldavid
3205,Female,1,Amanda Bennett,iashley
3206,Male,1,Matthew Stone,kristen85
3207,Male,1,Douglas Hawkins,deanna91
3208,Female,1,Rose Woods,saunderssherry
3209,Male,2,Joshua Perry,marshallcourtney
3210,Female,2,Michele Salas,lori57
3211,Female,2,Karen Adams,alejandrorodriguez
3212,Male,1,William Jones,belllauren
3213,Male,1,John Bridges,stewartmegan
3214,Male,2,Scott Morris,johnsonmarcus
3215,Male,2,Ryan Green,jacob85
3216,Male,2,Travis Fox,otaylor
3217,Male,2,Anthony Mora,tracybuchanan
3218,Male,1,Timothy Davis,scott87
3219,Female,2,Hannah Brooks,nathan72
3220,Female,1,Alyssa Ochoa MD,samueltodd
3221,Male,2,Corey Higgins,wflowers
3222,Male,2,Pedro Banks,lhill
3223,Female,2,Laura Andersen,eric74
3224,Female,1,Erica Simmons,gallagherjoseph
3225,Male,1,Joseph Bennett,zhensley
3226,Male,1,Casey Davis,watsonkatherine
3227,Female,1,Lori Orozco,melaniejones
3228,Female,2,Melissa Carney,vegarachel
3229,Female,2,Natalie Smith,heatherjohnson
3230,Female,2,Tonya Hutchinson,harringtonthomas
3231,Female,2,Brittany Madden,lorisutton
3232,Female,1,Leslie Houston,jamesdavis
3233,Male,1,Rodney Leon,heather74
3234,Male,2,James Taylor,xsandoval
3235,Female,2,Jessica Golden,mendezelizabeth
3236,Male,1,Richard Robinson,melinda16
3237,Male,1,Ronnie Hernandez,david63
3238,Male,2,Cody Jenkins,kboone
3239,Female,2,Jennifer Conner,vgallagher
3240,Male,2,Kevin Bailey,johncobb
3241,Male,1,Austin Arroyo,uwood
3242,Male,1,Eric Hutchinson,rebeccaturner
3243,Male,1,Eugene Williams,kevinhansen
3244,Female,1,Lisa Hampton,justin67
3245,Female,1,Wendy Nichols,jacksonmichelle
3246,Female,1,Mrs. Tracy Jones,michael15
3247,Male,1,John Johnson,obrienjasmine
3248,Male,1,Larry Cook Jr.,barry29
3249,Female,2,Isabel Franco MD,margaretwallace
3250,Male,1,Benjamin Jackson,rollinslaura
3251,Male,1,Joe King,holderjesse
3252,Female,1,Michelle Mcmillan,jonathansnyder
3253,Male,1,John Castillo,zjacobs
3254,Female,1,Wendy Harris,whanna
3255,Female,2,Krista Bush,ruizjaime
3256,Female,1,Jenna Long,thomasrobinson
3257,Female,1,Autumn Harrison,zallen
3258,Female,1,Claire Campos,reginasmith
3259,Female,1,Sheila Roberts,bobby75
3260,Male,1,Kevin Fox,kathyherring
3261,Female,1,Lisa Martinez,anne42
3262,Female,1,Victoria Butler,kimberly33
3263,Male,1,Aaron Rivera,timothy21
3264,Female,1,Samantha Anderson,weisspaul
3265,Female,1,Teresa Nguyen,sophia67
3266,Female,1,Miranda Gonzalez,tara73
3267,Male,1,Tony Hudson,jasonparrish
3268,Female,1,Michelle Velazquez,arroyojill
3269,Male,2,Eric Anderson,kristen27
3270,Male,1,George Dominguez,ajuarez
3271,Male,2,Blake Hunt,cturner
3272,Female,1,Elizabeth Pittman,aprilwalker
3273,Male,1,Nathan Hendricks,moorestacy
3274,Female,2,Angelica Brown,kelly43
3275,Female,2,Brooke Wallace,nicholasmartinez
3276,Female,1,Jaclyn Murphy,carlacrane
3277,Male,1,Zachary Sanders,david80
3278,Female,1,Haley Johnston,yross
3279,Male,1,Raymond Duffy,vjackson
3280,Female,2,Paula Phillips,grahamadam
3281,Male,2,Derek Rich,madison57
3282,Female,2,Kristin Barrett,tylerdean
3283,Female,1,Andrea Russell,andersonkelly
3284,Female,2,Jessica Murray,melissa37
3285,Male,1,Robert Hardin,qlong
3286,Female,2,Rhonda Williams,mariescott
3287,Male,1,Ryan Smith,nicoleberry
3288,Female,2,Regina Jones,lewismichael
3289,Female,2,Nicole Smith,graydonald
3290,Male,1,Duane Morgan,danielhall
3291,Female,2,Taylor Smith,grayjohn
3292,Male,2,Mr. Mitchell Ruiz,allison96
3293,Male,1,Stephen Richards,fnavarro
3294,Female,1,Jaime King,williamsalice
3295,Female,1,Taylor Torres,tedwards
3296,Female,2,Miss Ann Martinez,andersonsabrina
3297,Male,1,Larry Gibson,griffithstephen
3298,Male,1,Phillip Curtis,michaelmendoza
3299,Male,2,Andrew Martin,bpatel
3300,Female,2,Ashley Martin,reedlynn
3301,Male,2,Kyle Benjamin,kyle68
3302,Female,2,Kelly Williams,acevedoleslie
3303,Female,1,Sarah Richmond,grantlisa
3304,Male,1,Matthew Mcdonald,qstevens
3305,Male,2,Bruce Malone,matthew10
3306,Female,1,Mary Fisher,josephsullivan
3307,Male,1,Ronnie Sanchez,hancockkatherine
3308,Male,1,Douglas Schmitt,harold26
3309,Male,2,Christopher Washington,christopherwilliams
3310,Male,1,David Martinez,misty71
3311,Female,1,Ruth Bruce,mbutler
3312,Male,2,Brandon Gentry,stacie49
3313,Male,1,Dr. Peter Rasmussen,ijordan
3314,Male,2,Robert Weaver MD,xgarcia
3315,Male,2,Jerry Hernandez,wlewis
3316,Male,1,Timothy Miller,delgadoluis
3317,Male,2,Kelly Steele,herbert65
3318,Male,1,Jeffrey Brown,jose81
3319,Male,2,Thomas Smith,alisharose
3320,Male,2,Matthew Rogers,walterbrandi
3321,Female,1,Ashley Scott,amanda04
3322,Female,2,Brittany Wilcox,emmasanchez
3323,Male,2,Sean Zimmerman,donald17
3324,Female,2,Heather Jackson,chopkins
3325,Female,2,Kim Lopez,pooleroger
3326,Female,2,Mrs. Amanda Hill MD,burkepatricia
3327,Male,1,Christopher Wiggins,crystal20
3328,Male,1,Louis Harrington,jordanwilliam
3329,Female,1,Michele Mora,levigreen
3330,Male,2,William Morgan,mle
3331,Male,2,Billy Martinez,ericleonard
3332,Female,2,Linda Crosby,brownjesus
3333,Male,2,Christopher Adams,xhoward
3334,Male,2,Lawrence Ayers,ifoster
3335,Female,1,Catherine Burnett,mmckinney
3336,Male,2,Mr. Paul Watson,camachogloria
3337,Male,1,David Preston,tmcdowell
3338,Male,1,Ernest Walls,underwoodthomas
3339,Male,2,Timothy Smith,hsolis
3340,Male,2,Jose Hess,jessica96
3341,Male,2,Stephen Owens,ronald70
3342,Male,2,Martin Martin,ayalacarol
3343,Female,1,Charlotte Ballard,mark52
3344,Female,1,Jasmine Hess,sarah64
3345,Female,1,Wendy Cooper,jamesluna
3346,Male,1,Duane Cruz,henrydean
3347,Female,1,Kaitlin Peterson,courtney74
3348,Male,2,Samuel Daniel,toni79
3349,Male,1,Michael Wright,shermanjeffrey
3350,Male,1,John Anderson,deborah33
3351,Male,1,Christopher Henderson,lbright
3352,Female,2,Tammy Guzman,hicksrobert
3353,Male,1,Matthew Lawrence,careyrodney
3354,Female,2,Melinda Sampson,thomaswilliams
3355,Female,1,Karen Wagner,omason
3356,Female,1,Angelica Leon,jacqueline78
3357,Female,1,Terri Gonzalez,nortoncynthia
3358,Female,2,Kim Smith,gmoss
3359,Female,2,Brianna Stephens,sgray
3360,Male,1,Larry Johnson,johnsonjorge
3361,Male,1,Travis Abbott,hallleah
3362,Male,2,Mark Snyder,obrown
3363,Male,1,Daniel Hanson,jeffreyramirez
3364,Male,2,Robert Campbell,conradshelley
3365,Male,1,Bryce Thomas,johnny61
3366,Male,1,Jonathan Huff,alyssa48
3367,Female,1,Amy Allen,moralesmichael
3368,Male,2,Robert Nunez,mgreen
3369,Male,2,James Maxwell,qhughes
3370,Male,2,Garrett Hughes,kimkayla
3371,Male,1,Steven Glass,jvalencia
3372,Male,2,Devin Williams,millerjacob
3373,Male,2,Bradley Moreno,christopherblake
3374,Male,1,Johnny Cross,phyllis48
3375,Female,2,Maria White,cody36
3376,Female,1,Lori Turner,garycamacho
3377,Male,1,Samuel Brown,sstanley
3378,Male,1,Robert Mcmahon,johnbennett
3379,Female,1,Holly Anderson,welchcharles
3380,Female,1,Tammy Stewart,bennettmegan
3381,Female,2,Chloe White,kcrawford
3382,Female,1,Beth Payne,khunt
3383,Female,2,Courtney Thomas,jacob91
3384,Male,1,Anthony Hill,jamieking
3385,Female,2,Laura Porter,allenkathleen
3386,Male,1,Jeffrey Hernandez,trevorjackson
3387,Female,2,Kristy Guerrero,hamiltonmia
3388,Male,2,Caleb Melton Jr.,qjohnson
3389,Male,1,Brandon Morgan,kristen69
3390,Female,2,Julia Ramirez,gregory97
3391,Male,1,Cody Chen,sandovaljackie
3392,Female,2,Sarah Williams,michellemaddox
3393,Female,1,Leslie Miller,diazjames
3394,Male,1,Kevin Shepard,mwest
3395,Male,2,Jeremiah Mendoza,martinsingh
3396,Male,2,Robert Davidson,alicia87
3397,Male,2,Alfred Burnett,bakerlori
3398,Female,1,Erin Torres,perkinstodd
3399,Female,1,Taylor Mcfarland,courtneyphillips
3400,Male,2,Caleb Porter,james07
3401,Male,2,Peter Johnson,david41
3402,Male,2,Steven Galvan,martinezdonna
3403,Male,1,Joseph Clark,william69
3404,Female,1,Christy Lambert,charles27
3405,Male,1,Guy Pineda,april89
3406,Female,2,Maria Johnson,nhill
3407,Male,1,Jesse Rodriguez,pjoyce
3408,Male,1,Micheal Williams,wigginscolin
3409,Female,2,Allison Ryan,tcameron
3410,Male,2,George Watkins,williamslauren
3411,Female,2,Natalie Cummings,yrodriguez
3412,Female,1,Pamela Henson,jeremykirby
3413,Male,1,Joseph Conley,donnapennington
3414,Female,2,Tiffany Marsh,roachemily
3415,Male,2,Ernest Lane,cordovalevi
3416,Male,2,James Flores,barrheather
3417,Male,2,Mr. Robert Blake,bmoore
3418,Female,2,Debra Phillips,john85
3419,Male,2,Robert Harris,ocampbell
3420,Male,2,John Gibbs,erin45
3421,Male,1,Douglas Johnson,cookjerry
3422,Female,2,Stephanie Brown,jeffrey25
3423,Male,1,Cameron Kennedy,ryansolomon
3424,Female,2,Elizabeth Aguilar,dgonzales
3425,Male,2,Robert Jones,beverly07
3426,Female,2,Sheila Fleming,clarkterri
3427,Female,2,Shelby Woods,nlong
3428,Male,1,Brian Padilla,robbinscharles
3429,Female,1,Meredith Hawkins,fordbrittany
3430,Male,2,Randy Khan,lutzdon
3431,Male,1,Kevin Jones,jennifer82
3432,Female,2,Mary Garza,david10
3433,Male,2,Joshua Wilson,beckerchristopher
3434,Female,2,Danielle Gallagher,ekim
3435,Male,1,Robert Curtis,cmoran
3436,Male,2,Jesse Kelly,laurenfisher
3437,Female,2,Kayla Baxter,april98
3438,Female,1,Diane Chavez,aaron68
3439,Female,1,Susan Moore,donna99
3440,Female,2,Susan Lane,dennisfarrell
3441,Female,2,Jennifer Owens,garciajuan
3442,Male,2,Michael Rogers,sharoncrosby
3443,Female,2,Shelley Harrell,linda53
3444,Female,2,Colleen Foley,wnelson
3445,Female,2,Yvonne Saunders,karijoyce
3446,Female,2,Anna Harris,johnny87
3447,Female,2,Natasha Grant,shelby57
3448,Male,1,Michael Cameron,cmccormick
3449,Female,1,Catherine Ramirez,rjordan
3450,Male,2,John Scott,iray
3451,Female,2,Amanda Parsons,victorrodriguez
3452,Female,2,Erin Clark,vbenjamin
3453,Female,1,Abigail Villegas,mossbrittany
3454,Male,1,Stephen Moyer,eric67
3455,Female,2,Sarah Santos,leroy16
3456,Female,1,Amanda Buckley,shuber
3457,Female,1,Sandra Bell,kristen85
3458,Female,1,Cassandra Young,lwalker
3459,Male,2,William Terry,alopez
3460,Male,2,Tyler Lopez,rhenry
3461,Female,2,Kimberly Rodriguez,robinhoffman
3462,Female,1,Victoria Wright,tracy45
3463,Female,2,Linda Williamson,ftorres
3464,Male,2,Daniel Torres,youngalexandra
3465,Male,2,Kyle Byrd,manningwendy
3466,Female,1,Alexandria Robinson,johnsonkathleen
3467,Female,2,Courtney Moss,daviskaren
3468,Male,1,James Mcguire,oblack
3469,Male,1,David Bird,rodriguezkathryn
3470,Female,1,Linda Novak,yvilla
3471,Female,1,Julie Spencer,wbrewer
3472,Female,2,Kristen Blair,johnhoffman
3473,Male,1,William Foley,timothy99
3474,Male,1,William Miller,jonesandrew
3475,Male,2,Alexander Hernandez,kim03
3476,Male,1,Anthony Ramos,jose43
3477,Male,1,Richard Johnston,mitchell10
3478,Female,1,Virginia Hardy,michelle08
3479,Male,2,Bryan Reyes,lewisbrian
3480,Female,1,Stefanie Gilbert,davidjimenez
3481,Female,1,Lori Ruiz,john32
3482,Male,2,Samuel Miller,tonya37
3483,Male,1,William Hale,sanchezjeffrey
3484,Male,1,Ronald Calderon,jordan97
3485,Male,2,Patrick Gonzales,randolphjulian
3486,Male,1,Christopher Pierce,jamesayala
3487,Male,1,Nicholas Reeves,richardsonchristine
3488,Female,1,Meghan Zavala,justinfoster
3489,Female,1,Renee Lane,pdonovan
3490,Female,2,Vanessa Daniel,rdavis
3491,Male,1,Randy Smith,nathan49
3492,Male,2,Sean Howard,pstuart
3493,Female,2,Amanda Hogan,calvin74
3494,Female,1,Bianca Hodges,twells
3495,Female,1,Amy Warren,cindyramirez
3496,Female,2,Tracy Perez,luismartinez
3497,Male,1,Michael Mays,sjohnson
3498,Male,1,Jonathan Huffman,schneiderbilly
3499,Male,1,Ryan Curry,rosemark
3500,Female,2,Brittney White,sjones
3501,Male,2,Anthony Walker,kstephenson
3502,Male,1,Kenneth Bell,chloescott
3503,Male,2,Brian Pearson,mauricespencer
3504,Female,2,Dr. Amy Diaz,hernandezwilliam
3505,Male,1,Mr. Fernando Rose DDS,waltersrobin
3506,Female,1,Alexis Holland,jlee
3507,Male,2,Jermaine Payne,qroberts
3508,Male,1,Cameron Allen,burnsdonna
3509,Male,1,James Brown,amanda80
3510,Male,1,John Young,kristen32
3511,Male,1,Todd Hicks,obryant
3512,Female,2,Sharon Snyder,jackmason
3513,Female,2,Kerry Wright,vdiaz
3514,Female,2,Jessica Rivera,peterthompson
3515,Female,1,Denise Palmer,hansenallison
3516,Male,1,Michael Smith,jamesmyers
3517,Female,1,Brenda Garcia,logan46
3518,Female,1,Crystal Kelly,jacobgomez
3519,Male,2,Nathan Bailey,rarmstrong
3520,Female,2,Kimberly Harrington,grantsara
3521,Female,2,Kelly Pearson,ryan62
3522,Male,1,Dennis Leach,greenejason
3523,Female,1,Dr. Stephanie Combs,brucenelson
3524,Male,2,Matthew Miller,davisandres
3525,Female,2,Cathy Allen,kari09
3526,Male,2,Brendan Baker,elizabethowen
3527,Female,1,Caitlin Kim,stewartstephanie
3528,Female,2,Diana Smith,qbruce
3529,Male,2,Daniel Bell,jacob58
3530,Male,2,Cody Russell,aaron72
3531,Female,2,Natasha Vaughn,ucaldwell
3532,Male,2,Jordan Bailey,michael44
3533,Female,1,Elizabeth Knapp,emelton
3534,Male,1,Eric Obrien,pflores
3535,Male,1,Keith Davenport III,bknapp
3536,Male,2,Casey Mitchell,ttaylor
3537,Female,2,Carolyn Peck,hunter96
3538,Female,2,Shannon Ramirez,christopher13
3539,Female,1,Leslie Duncan,msmith
3540,Female,2,Stephanie Hart,barrettcraig
3541,Female,2,Emily Kidd,nmartin
3542,Male,1,Angel Jensen,julie19
3543,Female,1,Elizabeth Williams,xproctor
3544,Female,2,Diana Sanchez,bakermary
3545,Male,1,Jacob Harris,jeremymartin
3546,Female,1,Angela Young,angela93
3547,Female,2,Rachel Wright,mark34
3548,Female,2,Mary Davila,brendan39
3549,Male,1,Connor Hayes,williamsmatthew
3550,Female,2,Tamara Rios,russellbetty
3551,Female,1,Julia Russo,charlesmorales
3552,Male,2,Nathaniel Lee,fthompson
3553,Female,2,Emily Gonzalez,randyprice
3554,Male,1,Bradley Castaneda,tiffany45
3555,Male,1,Arthur Henson,marissathompson
3556,Male,1,Andres Smith,jporter
3557,Male,1,James Dyer,iwade
3558,Female,2,Angel Clark,jessica75
3559,Male,2,Kevin Kelly,lauriebyrd
3560,Male,1,Jason Khan,kristin77
3561,Male,1,Justin Fowler,chelseasmith
3562,Female,2,Mary Rivera,campbellariana
3563,Male,2,Timothy Henderson MD,jason77
3564,Female,2,Allison Blair,eric62
3565,Female,1,Jennifer Davis,qfischer
3566,Female,1,Mikayla Jackson,lauren73
3567,Male,1,Nicholas Wolfe,ysmith
3568,Female,2,Vanessa Francis,abigail00
3569,Female,1,Pamela Diaz,twells
3570,Female,1,Janice Hicks,qbenson
3571,Male,1,Timothy Rose,carrollderek
3572,Female,2,Cassandra Johnson,emily77
3573,Male,1,Robert Miller,shannonvaughn
3574,Male,2,Gary Little,dakotaschwartz
3575,Male,1,Scott Brooks,vspencer
3576,Female,1,Rebecca Allen,johnarmstrong
3577,Male,1,Ralph Hall,xcrawford
3578,Male,2,Wesley Griffin,kristinhester
3579,Male,2,Daniel Cannon,dawn40
3580,Female,2,Brittany Michael,schen
3581,Male,1,Samuel Mcgee,bakerdaniel
3582,Male,2,Jose Thompson,nhart
3583,Male,2,Paul Green,ijoseph
3584,Female,1,Erin Garner,laurierodriguez
3585,Male,2,Daniel Russell,patkins
3586,Male,1,Stephen Cole,fmclaughlin
3587,Female,1,Crystal Rose,billduncan
3588,Male,1,Christopher Cobb,fred69
3589,Male,2,Thomas Lee,leewilliam
3590,Female,1,Samantha Lee,nicholasmartin
3591,Female,1,Theresa Rhodes,wking
3592,Female,2,Angela Sheppard,tina92
3593,Female,1,Amanda Singh,powellkevin
3594,Female,2,Elizabeth Richardson,kathryndorsey
3595,Female,1,Donna Ross,brandonrivera
3596,Male,1,Christopher Walters,mccallantonio
3597,Male,2,Bobby Barrett,jason14
3598,Female,1,Kelly Downs,annaholloway
3599,Female,2,Sandra Hammond,derek12
3600,Female,1,Julie Martinez,jenniferriley
3601,Male,2,Thomas Clark,jeremymccormick
3602,Male,1,John Johnson MD,rowejonathan
3603,Female,1,Shannon Espinoza,stacey72
3604,Male,2,Danny Simmons,glennashley
3605,Female,1,Melissa Mendoza,shawn15
3606,Female,2,Melanie Navarro DDS,christine76
3607,Female,1,Christine Miller,amanda23
3608,Female,2,Jennifer Martin,iwinters
3609,Female,1,Melissa Roy,powellkaren
3610,Male,2,Daniel Atkins,kelleysean
3611,Female,1,Kimberly Spence,johnsalas
3612,Female,1,Erika Brown,lopezpatrick
3613,Female,1,Courtney Leonard,jennifer57
3614,Female,2,Sara Nelson,summerandersen
3615,Female,2,Sara Hawkins,april51
3616,Male,2,Aaron Hobbs,susanjohnson
3617,Female,1,Sarah Crawford,ucole
3618,Female,1,Caitlin Fisher,aprilmartinez
3619,Female,2,Amber Mcdaniel DDS,washingtonbryan
3620,Male,1,Andres Stevenson,tyler48
3621,Female,1,Meghan Rodriguez,mary12
3622,Male,2,Joshua Austin,wilsonwanda
3623,Male,1,David Ferguson,allenpatrick
3624,Female,2,Shelly Williams,qwhite
3625,Female,2,Michelle Garcia,gberg
3626,Male,1,Daniel Smith,cunninghamtammy
3627,Female,2,Gabrielle Davis,alexisbarnes
3628,Female,2,Marisa Jacobson,gregory59
3629,Female,2,Stacey White,williamgriffin
3630,Female,2,Andrea Arnold,josephknight
3631,Male,2,Anthony Erickson,kirkmargaret
3632,Male,1,Douglas Bean,fromero
3633,Female,1,Catherine Salas,jessicahayes
3634,Male,2,Randall Franco MD,sheryl89
3635,Male,2,Kenneth White,benjamin35
3636,Female,2,Melissa Montgomery,matthew68
3637,Female,2,Patricia Jackson,patricia76
3638,Male,1,Hunter Garcia,jeffrey63
3639,Female,2,Haley Short,caseyphillips
3640,Female,2,Andrea Watkins,zstein
3641,Female,1,Rachel Miller,ramirezabigail
3642,Female,1,Sherri Garrett,martinezmariah
3643,Male,1,Luis Ferguson,jwhite
3644,Male,1,Daniel Livingston,florestimothy
3645,Male,1,Mark Deleon II,cuevaswillie
3646,Male,2,Benjamin Farrell,shawnharrison
3647,Male,1,Charles Bennett,xholden
3648,Female,2,Maria Meyer,wrivera
3649,Male,2,Alexander Kelly,leemadison
3650,Male,1,Robert Flores,sydney43
3651,Male,2,Joshua Flores,amydunn
3652,Male,1,Devon Jones,yjones
3653,Female,2,Brandi Mitchell,john43
3654,Female,2,Pamela White,barbaralevy
3655,Female,2,Theresa Jacobs,yangsamantha
3656,Male,2,Michael Mason,aarongraham
3657,Female,2,Melissa Cruz,julie09
3658,Female,1,Carla Lyons,nathanieljones
3659,Male,1,Patrick Miller,qbaker
3660,Female,2,Emma Cowan,samuel08
3661,Female,2,Elizabeth Smith,changmelissa
3662,Female,1,Anna Carter,oconnellshelby
3663,Female,1,Holly Hahn,matthewmitchell
3664,Female,2,Julia Mccall,gutierrezwalter
3665,Male,2,Michael Sullivan,dmccarthy
3666,Female,1,Kathy Lang,zachary57
3667,Female,1,Alison Chandler,mcline
3668,Male,1,Devon White,sandy45
3669,Female,2,Angel Singh,samuel71
3670,Female,2,Elizabeth Lloyd,mariaskinner
3671,Female,1,Dana Gomez,richard19
3672,Male,1,Timothy Morrow,aaronsanchez
3673,Female,2,Erika Taylor,hdudley
3674,Female,1,Brittney Oneal,cruzlindsey
3675,Male,2,Nicholas Figueroa,iodom
3676,Female,1,Kristen Cole,thompsonshelly
3677,Female,2,Mary Carter,dale53
3678,Female,2,Leah Mayo,darryl61
3679,Male,1,David Perkins,shamilton
3680,Female,2,Terry Carr,qdavis
3681,Female,2,Cynthia Shah,mariekennedy
3682,Male,2,Richard Powell,david80
3683,Female,1,Carolyn Jones,vasquezryan
3684,Male,1,Robert Atkins,toddjean
3685,Female,2,Jill Lee,susan32
3686,Male,2,James Salazar,pmclean
3687,Male,1,Steven Murphy,johnsonwesley
3688,Male,2,Jeremy Williams,yboyer
3689,Male,2,Andrew Garcia,graycindy
3690,Female,1,Jill Mcclain,shirleygreene
3691,Female,2,Rachel Jackson,aball
3692,Female,2,Anna Kaufman,mburton
3693,Female,2,Sonya Allen,robinsonlucas
3694,Female,2,Terry Becker,hurstmorgan
3695,Female,2,Melanie Martin,melissamaldonado
3696,Male,1,Joseph White,donald17
3697,Female,1,Dawn Acosta DDS,jenniferdawson
3698,Female,2,Linda Brock,juarezblake
3699,Male,2,Michael Scott,coxrachel
3700,Male,1,Peter Tucker,andrewrodriguez
3701,Male,2,Jimmy Foster,elizabeth48
3702,Male,1,Matthew Mcdonald,hallleslie
3703,Male,1,Justin Fuller,dwilliams
3704,Male,2,Kirk Mccall,btorres
3705,Male,1,Jared Zavala,amy60
3706,Male,1,Jason Hampton,mitchell10
3707,Male,1,Brian Jones,frederickwalker
3708,Male,2,Caleb Roberts,rachel52
3709,Female,1,Brianna Cannon,kylemerritt
3710,Female,2,Elizabeth Copeland,victoriaherrera
3711,Female,2,Diana Simon,uharris
3712,Male,1,Nicholas Garcia,slyons
3713,Male,2,Zachary Griffin,jesse26
3714,Female,1,Meghan Torres,angelica65
3715,Female,2,Katrina Rodriguez,jonathan34
3716,Female,1,Sharon Rogers,gstevenson
3717,Male,2,Jeremy Nelson,gbeck
3718,Male,1,Robert Brown,amy67
3719,Male,1,John Torres,smithvirginia
3720,Male,1,Robert King,nathan17
3721,Male,2,William Moore,grimesdan
3722,Female,2,Lauren Holland,karen52
3723,Female,1,Lisa Norris,craigbenjamin
3724,Male,1,Aaron Serrano,monicaroman
3725,Female,1,Erin Pearson,raymondmartin
3726,Male,1,Timothy Marshall,gburns
3727,Female,2,Ashley Ross,wilsonjacob
3728,Female,1,Amber Barnes MD,plawson
3729,Male,2,Shawn West,ruizanne
3730,Female,1,Elizabeth Foster,fbeck
3731,Male,1,Timothy Velasquez,david19
3732,Male,2,Randall Martin,goodmancody
3733,Male,1,Scott Mcdonald,hannahmartin
3734,Female,2,Catherine Martin,rachel27
3735,Male,2,James Delgado,collinsdaniel
3736,Female,1,Crystal Monroe,rebecca68
3737,Male,2,Scott Scott,ortizkimberly
3738,Male,2,Justin Clark,jacob47
3739,Male,2,Eric Lopez,jasonandrews
3740,Female,1,Carla Valentine,cooperaaron
3741,Female,1,Megan Sanders,leejennifer
3742,Female,2,Rebecca Perez,tinamcdowell
3743,Female,1,Emily Schultz,sharon89
3744,Male,2,Matthew Williams,rebecca38
3745,Female,2,Kelsey Davis,walkersierra
3746,Female,1,Jennifer Graham,michelle59
3747,Female,2,Nina Richard,smithrichard
3748,Female,2,Darlene Rogers,williehale
3749,Female,1,Toni Rodriguez,chelsea84
3750,Male,1,Charles Krause,kevincampbell
3751,Female,1,Gina Jordan,vmiller
3752,Female,2,Brittany Acevedo,sgill
3753,Female,1,Jessica Davis,eringreen
3754,Female,2,Paula Powers,dsmith
3755,Male,2,Thomas Edwards,bridgetcunningham
3756,Female,1,Melinda Kelley,wroberts
3757,Female,2,Jennifer Gibson,fpeterson
3758,Male,1,Jerry Henson,wilsonryan
3759,Male,2,Lee Turner,rangelkaren
3760,Male,1,Mitchell Moses,christinethompson
3761,Female,1,Jasmine Rivera,angelahorton
3762,Male,2,Christian Robinson,vorozco
3763,Male,1,Gary Rodriguez,paul37
3764,Female,2,Amy Sanchez MD,barbara96
3765,Female,2,Sarah Chavez,escobarchad
3766,Male,2,Jim Rogers,rosariobrian
3767,Male,2,Joseph Fisher,tony79
3768,Male,1,Eric Cross,reginadavis
3769,Female,2,Catherine Le MD,ebowman
3770,Female,2,Carolyn Green,wjuarez
3771,Female,2,Jennifer Mcbride,alyssa29
3772,Female,1,Tara Archer,jacquelinegeorge
3773,Male,1,Matthew Porter,silvaalexis
3774,Male,2,Kenneth Mueller,ecantrell
3775,Male,1,Dylan Hays,johnjenkins
3776,Female,1,Regina Greer,christopherburgess
3777,Female,2,Samantha Holt MD,tammy05
3778,Female,1,Deanna Nelson,webbjoshua
3779,Female,2,Carly Jefferson,james80
3780,Female,1,Bethany Johnson,douglas33
3781,Female,1,Deborah Duke,mary83
3782,Male,2,William Brock,amy15
3783,Male,2,Devin Christensen,anna83
3784,Male,2,Max Padilla,carrierussell
3785,Male,1,Travis Roberson,hickmandavid
3786,Female,2,Jacqueline Bowman MD,zhangdonald
3787,Male,1,Riley Ortega,wscott
3788,Male,2,Mr. Nathaniel Patterson Jr.,doris41
3789,Male,1,Joseph Davis,leelouis
3790,Male,2,Darryl Clayton,jacksonmatthew
3791,Male,1,Anthony Cox,samantha27
3792,Male,1,Larry Hawkins,allen07
3793,Male,2,Andre Berg,heidijones
3794,Female,2,Valerie Morgan,gregory41
3795,Female,1,Jennifer Nelson,christopher03
3796,Female,1,Lisa Roberts,sweeneyrobyn
3797,Male,1,Jonathan Macias,jensencaitlin
3798,Female,2,Cathy Richardson,ann80
3799,Male,1,William Liu,michael71
3800,Female,1,Jessica Fletcher,jessestewart
3801,Female,2,Jamie Mitchell,rileyderrick
3802,Female,2,Alyssa Howell,saralane
3803,Female,1,Michele Brown,amiles
3804,Female,1,Lisa Daniel,mhunt
3805,Female,2,Kimberly Kennedy,brucerichard
3806,Female,2,Deanna Allen,wendymills
3807,Male,2,Kevin King,mollyclark
3808,Female,1,Jessica Ramirez,tmendez
3809,Male,2,Joseph Evans,johnsalinas
3810,Female,1,Jessica Parsons,shermanhannah
3811,Female,1,Donna Martinez,donald83
3812,Male,2,Steven Burch,xjohnson
3813,Female,1,Jessica Wise,angelarobinson
3814,Female,2,Danielle Miller,djohnson
3815,Male,2,James Shannon,walter00
3816,Female,1,Angela Carpenter,robert26
3817,Female,1,Kimberly Lewis,michaelrogers
3818,Female,2,Samantha Haney,vramos
3819,Male,2,Ronnie Thompson,joshua37
3820,Female,1,Jeanne Greer,ugordon
3821,Female,1,Rebecca Camacho,christopherlawrence
3822,Female,1,Alexandra Morrison,theodore96
3823,Male,1,Micheal Martin,englishelizabeth
3824,Female,1,Angela Payne,ashleydaniels
3825,Male,1,Michael Smith,yujade
3826,Female,1,Melissa Brooks,mendezkristen
3827,Male,2,William Johnson,timothy49
3828,Female,2,Carla Young,michaelkim
3829,Female,1,Kathryn Butler,frank32
3830,Female,1,Heather Stanley,lisawebb
3831,Male,1,John Jensen,cynthia18
3832,Female,1,Elizabeth Thornton,nhanson
3833,Female,1,Stacy Sullivan,dcooley
3834,Female,1,Cynthia Crawford,kbaker
3835,Female,1,Mariah King,qhernandez
3836,Female,2,Amanda Thompson,kellyjodi
3837,Female,2,Cindy Johnson,lorettaatkinson
3838,Male,2,Lucas Andrews,wayne02
3839,Male,2,Brian Deleon,zlopez
3840,Female,1,Kimberly Moss,johnanderson
3841,Female,2,Crystal Charles,parkerkarla
3842,Male,1,David Wang,smithjames
3843,Male,2,Jason Collins,annlee
3844,Female,1,Kimberly Barnes,brian09
3845,Male,1,William Drake,philliprose
3846,Male,1,Aaron Lambert,taylor68
3847,Male,1,Michael Lopez,fjones
3848,Male,1,Lee Moore,qgoodman
3849,Male,1,Scott Barker,ruthbrandt
3850,Female,1,Robyn Munoz,crystalhowell
3851,Male,1,William Smith,brittanycraig
3852,Female,1,Kim Jackson,twilliams
3853,Female,1,Jasmine White,torresjennifer
3854,Male,2,Nathaniel Burke,stephaniehuff
3855,Female,2,Lisa Arnold,reyesjessica
3856,Male,1,David Davis,vrodriguez
3857,Female,2,Robin Burke,becky40
3858,Male,2,Ryan Rosario,snyderterry
3859,Male,2,Antonio Barnes,youngamanda
3860,Male,2,Kevin Cooper,andrewjohnson
3861,Female,1,Mrs. Connie Hayes DDS,thomas23
3862,Female,2,Brenda Dawson,jessica49
3863,Female,2,Melanie Ingram,wortega
3864,Female,2,Michelle Russell,ashleytaylor
3865,Male,2,Kevin Tucker,cookmark
3866,Male,1,Gregory Peterson,brownjennifer
3867,Male,2,Tyler Williamson,mary61
3868,Male,2,Michael Cox,batkins
3869,Female,2,Erica Murray,ostephens
3870,Male,1,Daniel Williams,pcrawford
3871,Male,2,Robert Rocha,gregory62
3872,Female,2,Patricia Bryan,dianearmstrong
3873,Female,2,Crystal Bass,thomasesparza
3874,Male,1,Joshua Morris,whoward
3875,Male,2,Anthony Martin,mark31
3876,Female,1,Jessica Sutton DVM,wmorales
3877,Female,2,Tiffany Palmer,davidhill
3878,Female,1,Angela Aguirre,daniel41
3879,Male,2,William Richard,kgoodwin
3880,Female,1,Taylor Patel,trogers
3881,Female,2,Tami Vaughn,markwalker
3882,Male,1,Timothy Benjamin,vcompton
3883,Male,1,James Sweeney,sfarmer
3884,Male,1,Nathan Rowe,henryhebert
3885,Male,1,Stephen Matthews,kathrynramirez
3886,Female,2,Sara Mckinney,arianahernandez
3887,Female,1,Nicole Foster,sreed
3888,Male,1,Steve Ellis,sherryhamilton
3889,Female,1,Samantha Hale,andres71
3890,Female,2,Lorraine Bennett,bmartinez
3891,Male,2,Christopher Diaz,sarah68
3892,Male,2,Kenneth Villarreal,kennethvazquez
3893,Female,1,Darlene Rivera,ratkinson
3894,Male,1,Joshua French,danielle62
3895,Male,2,Joseph Hunter,scott27
3896,Female,1,Dawn Contreras,youngisabel
3897,Female,2,Amy Turner,lcarey
3898,Female,2,Brittany Williams,donald31
3899,Male,2,Dennis Kelly,tammy09
3900,Male,1,Kenneth Walker,mario49
3901,Female,1,Jennifer Williams,karlamarshall
3902,Female,2,Krista Sullivan,fgonzales
3903,Male,2,Michael Smith,murphymark
3904,Male,2,Cole Morrison,xcoleman
3905,Male,2,Greg Obrien,evansjeremiah
3906,Male,2,Darryl Cabrera,carlagarcia
3907,Female,2,Wendy Miller,dennis69
3908,Female,1,Katie Wang,xkerr
3909,Female,2,Amanda Crane,patelabigail
3910,Female,1,Jennifer Vargas,jonesdenise
3911,Male,2,Jonathan Bailey,trancassandra
3912,Female,2,Julie Salas,stevenwatson
3913,Female,2,Linda Reynolds,tracy11
3914,Female,1,Donna Lane,bbarnett
3915,Male,1,Jonathan Collier,torresbrian
3916,Male,2,Wesley Bradshaw,davidruiz
3917,Male,1,Darryl Oconnell,dianelarson
3918,Female,2,Samantha Johnson,xolsen
3919,Male,1,Mr. Mark Strickland,gary58
3920,Male,2,Jose Nguyen,ylittle
3921,Male,1,Darrell King IV,tonymiller
3922,Male,2,Ray Garcia,valeriesweeney
3923,Male,2,David Burke,wesleynewton
3924,Female,1,Jenna Gutierrez,dianawebster
3925,Female,2,Theresa Barnes,ioneill
3926,Female,1,Connie Tucker,andrewayala
3927,Female,2,Donna Hawkins,xwilliams
3928,Male,2,Steven Brooks,thomasmiller
3929,Female,2,Danielle Mejia,robinsonkaitlyn
3930,Male,2,Dan Mccarthy,sscott
3931,Male,2,Alan Mejia,gregory01
3932,Male,2,Andre Kidd,kkent
3933,Male,1,Jesus Dunn DDS,gcastaneda
3934,Male,2,Mark Bell,mark69
3935,Male,2,Dennis Williams,hbrown
3936,Male,2,Steve Peck,ashley64
3937,Female,2,Ashley Ward,anthony48
3938,Female,1,Emily Morrison,xpage
3939,Male,2,Christopher Adams,nathan16
3940,Male,1,Gary Miller,donalddaniels
3941,Female,2,Melissa Smith,vjackson
3942,Male,1,Ricardo Martinez,paulherring
3943,Male,1,Brad Pitts,bryantsharon
3944,Female,1,Tara Orozco,marc69
3945,Female,2,Kristin Gomez,jenniferward
3946,Female,1,Amy Woods,alvarezmonica
3947,Female,1,April Anderson,michaelhernandez
3948,Female,2,Pamela Saunders,cathy59
3949,Male,1,Rickey Crane,natasha37
3950,Male,2,Joseph Warner,jacksonrichard
3951,Male,1,Sean Perez,juarezdouglas
3952,Male,2,Tyler Hawkins,marcus02
3953,Female,1,Stephanie Lowe,raymondochoa
3954,Male,2,Charles Benton,turnerkenneth
3955,Male,2,John Murillo,shanecarey
3956,Female,1,Lisa Shaw,johnhicks
3957,Female,1,Ashley Baird,myerskendra
3958,Female,2,Erika Cooper,zford
3959,Male,2,James Guerrero,whitemark
3960,Male,1,Christopher Romero,heatherburnett
3961,Female,1,Amanda Harris,kevinwalker
3962,Female,2,Tammy Jones,angelalee
3963,Female,2,Angela Douglas,zjohnson
3964,Female,1,Shelly Brown,awilliams
3965,Female,1,Karen Grant,vwilson
3966,Male,1,Sean Myers,jennifer65
3967,Male,1,Jonathan Fields,james19
3968,Female,1,Leslie Scott,joescott
3969,Female,2,Crystal Carpenter,michaeljenkins
3970,Male,1,Wesley Galloway,josephperry
3971,Female,2,Sandra Perez,oharrison
3972,Male,1,Joshua Taylor,wwood
3973,Female,2,Heather Sullivan,teresa86
3974,Male,1,Daniel Jones,william15
3975,Female,2,Dr. Jennifer Floyd,emily91
3976,Female,2,Erica Curtis,brittany15
3977,Female,1,Katrina Reyes,katherine48
3978,Female,2,Maria Davis,arroyoelizabeth
3979,Male,2,Thomas Chase,evansmelissa
3980,Female,1,Kathryn Garcia,jamieroberson
3981,Male,1,David Hansen,rgraham
3982,Female,2,Mary Maxwell,kristinawilliams
3983,Male,2,Shawn Chambers,hoganashley
3984,Female,1,Dawn Peterson,cparker
3985,Male,1,Scott Fisher,sophiadaugherty
3986,Female,2,Tiffany Rosales,charlesboyer
3987,Female,2,Pamela Bowman,brittany24
3988,Male,1,William Bryan,elizabethmorales
3989,Male,2,Todd Ballard,emily58
3990,Male,1,Adam Hill,maureenholden
3991,Female,2,Kristin Johnson,huntbrady
3992,Male,1,Christopher Ramos,kwheeler
3993,Female,1,Alexis Martin,perezsteven
3994,Male,2,Spencer Nelson,heidifoster
3995,Female,1,Brianna Scott,erinfoster
3996,Male,2,James Wyatt,jennifer96
3997,Female,1,Amy Edwards,gardnerpriscilla
3998,Male,2,James Smith,laurenhernandez
3999,Male,1,Roberto Young,jason10
4000,Male,2,Eric Holder,lisa52
4001,Female,2,Kayla Sampson,mistystewart
4002,Female,1,Tina Brown,hlane
4003,Female,1,Kaitlyn Johnson,jenniferkennedy
4004,Female,1,Christine Garcia,sheila57
4005,Male,1,David Rivera,carlos07
4006,Male,1,Andrew Casey,zhangshirley
4007,Male,2,Craig Richard,brian64
4008,Female,2,Stephanie Baker,anitavega
4009,Male,2,Mr. Jeremy Dunn Jr.,howard90
4010,Female,1,Brenda Russell,stephanie18
4011,Male,1,Anthony Jones,alexa63
4012,Female,1,Debbie Hamilton,davisjeffrey
4013,Male,2,Lawrence Conway,soniaharvey
4014,Male,2,Thomas James,elaine74
4015,Female,1,Katie Davis,caleb57
4016,Male,2,Austin Wheeler,greggthompson
4017,Male,2,Matthew Ford,brownmonica
4018,Female,2,Amy Tucker,jason64
4019,Female,2,Robin Dixon,smithlauren
4020,Female,2,Caitlin Rivera,john77
4021,Female,1,Andrea Garner,david73
4022,Male,1,Kevin Mclaughlin,amcclain
4023,Male,1,Terry Barrett,qzimmerman
4024,Male,2,Donald Marks,hberg
4025,Male,1,Scott Graham,blakecontreras
4026,Female,1,Chelsea Roberts,khubbard
4027,Female,1,Dr. Erin Smith MD,virginiamccarthy
4028,Male,2,James Jackson,colleen99
4029,Female,2,Rebecca Williams,patrick69
4030,Male,1,Anthony Rogers,jennifer18
4031,Male,1,Michael Burnett,hollandwhitney
4032,Female,2,Kelly Watson,omason
4033,Female,2,Laura Thomas,qcobb
4034,Male,1,Kevin Gilbert,sallyhall
4035,Female,1,Rachel Howard,joshuaclark
4036,Male,1,Nathan Martinez,travis92
4037,Male,2,Anthony Carter,mrodriguez
4038,Female,1,Carla Mccormick,stanleypatrick
4039,Male,1,Allen Oliver,patricia70
4040,Female,1,Pam Ramirez,daryl47
4041,Female,2,Kelly Norman,daniel67
4042,Male,2,Brett Lamb,james26
4043,Female,2,Erica Simpson,briannorris
4044,Male,2,David Dyer,yprice
4045,Female,1,Shelia Brewer,thomas80
4046,Male,2,Edward Heath,zward
4047,Female,2,Shelley Villegas,meghan36
4048,Female,2,Cheryl Barr,walsheric
4049,Male,2,Daniel Anthony,vlopez
4050,Male,1,Travis Reed,fisherlee
4051,Male,1,Dennis Costa,abutler
4052,Female,1,Sandra Morales,erinrussell
4053,Female,1,Tara Robinson,dukematthew
4054,Male,2,Mario Wells,grahamrenee
4055,Female,2,Tonya Roberts,hhaley
4056,Male,1,James Shannon,penningtonroger
4057,Female,2,Amanda Washington,cbrady
4058,Male,1,Michael Griffin,boydkatrina
4059,Male,2,Joseph Burke,guzmancarlos
4060,Female,2,Crystal Colon,kristengriffin
4061,Male,1,Jeffrey Odom,brenda15
4062,Female,1,Heather Hicks,dparks
4063,Female,2,Michelle Jones,nuneztravis
4064,Female,2,Cheryl Young,johnsonelaine
4065,Female,2,Jessica Lyons,morenosheila
4066,Female,1,Rhonda Foster,david02
4067,Female,2,Lauren Rowe,hopkinsrebecca
4068,Male,1,James Skinner,mary74
4069,Male,2,Michael Todd,hbrown
4070,Female,2,Sarah Valenzuela,sarahmorris
4071,Female,2,Michelle Goodwin,bill23
4072,Male,2,Matthew Peters,cjohnson
4073,Male,1,Ronald Perkins,heatherharris
4074,Male,2,Matthew Jacobs,dburns
4075,Female,2,Alyssa Cortez,hessstephen
4076,Male,2,William Martinez,prose
4077,Female,1,Kara Davila,jessica99
4078,Male,2,Jeremy Weaver,madison44
4079,Male,1,Daniel Zimmerman,bwalker
4080,Male,1,Christopher Higgins,williewilliams
4081,Female,2,Jill Clark,kramerlisa
4082,Female,2,Nicole Williams,hjackson
4083,Male,2,Brandon Davidson,josephhenderson
4084,Female,1,Nicole Simon,cruzpatricia
4085,Female,1,Mrs. Amanda Stewart,joshuabryant
4086,Male,2,Carl Hurst,idavis
4087,Female,2,Alicia Ryan,tonya45
4088,Female,1,Heather Rodgers,jramirez
4089,Female,2,Jessica Wiley,cmyers
4090,Female,2,Jody Long,michelle04
4091,Male,2,Cody Johnson,wcox
4092,Male,2,Kurt Padilla,amy12
4093,Female,2,Maria Lane,davidbenjamin
4094,Male,1,Brendan Hammond,osmith
4095,Female,2,Lauren Noble,melissa35
4096,Male,1,John Horn,jeremyadams
4097,Female,1,Alicia Reynolds,pprice
4098,Female,2,Monica Tucker,simscathy
4099,Female,1,Terry Hall,lynnmelvin
4100,Female,2,Elizabeth Cain,dgordon
4101,Male,1,Ryan Smith,tara68
4102,Female,2,Melissa Acevedo,karenmartin
4103,Male,1,Chris Mccarthy,erose
4104,Female,1,Audrey Gordon,kelly05
4105,Female,1,Pamela Clayton,gonzalezkelly
4106,Male,1,Michael Bradford,benjamin72
4107,Male,2,Riley Reyes,brandon95
4108,Male,1,Todd Morris,natasha26
4109,Male,2,Chris Morales,danalopez
4110,Female,1,Nancy Hebert,tiffanywest
4111,Female,1,Bethany Clay,kylieibarra
4112,Male,1,Kevin Hunter,hayesgary
4113,Male,2,Michael Weaver,bellanthony
4114,Male,1,Brent Turner,chelsea14
4115,Female,1,Karen Thompson,ibrown
4116,Male,1,Kevin Coffey,danpham
4117,Female,2,Tiffany Anderson,alisonheath
4118,Female,1,Shelby Paul,kenneth30
4119,Female,1,Kayla Fry,whiteheather
4120,Female,1,Gina Duncan,edward46
4121,Female,2,Charlene Flynn,james05
4122,Female,1,Bridget Richmond,xhill
4123,Male,2,Timothy Garcia,zmcdonald
4124,Female,2,Deborah Gardner,ogarcia
4125,Male,1,Ricardo Hunter,morrismichelle
4126,Female,1,Deborah Miller,qrivera
4127,Female,2,Natasha Harris,nancy93
4128,Female,2,Nicole Vega,gabriel60
4129,Female,2,Lindsay Mueller,carolyn89
4130,Male,1,Matthew Smith,judith27
4131,Male,1,Justin Douglas,sanchezraymond
4132,Female,1,Amy Davis,campbelljasmine
4133,Male,1,Ricardo Robinson,alisonalvarez
4134,Male,1,Sean Mills,lindsay14
4135,Female,1,Stephanie Davis,ebates
4136,Male,2,Jason Adams,jacobsonkenneth
4137,Female,1,Catherine Smith,paul86
4138,Female,1,Marisa Lopez,mhayes
4139,Male,2,Jaime Anderson,kelly64
4140,Male,2,David Morales,whitedarrell
4141,Female,2,Katie Williams MD,mjohnson
4142,Female,2,Carol Edwards,danielwolfe
4143,Male,2,Chad Davis,bwolfe
4144,Male,1,Matthew Myers,vlewis
4145,Female,2,Linda Stewart,lorismith
4146,Male,1,Colin Smith,angela76
4147,Male,1,Christopher Clayton,lee85
4148,Female,1,Jennifer Henry,jamesbrooks
4149,Female,2,Lori Brown,robert93
4150,Male,2,David Martinez,davisronald
4151,Female,1,Nancy Adams,pdawson
4152,Female,2,Joyce Myers MD,smithsierra
4153,Female,1,Martha Parker,hclark
4154,Male,1,Cameron Martin,russellpatricia
4155,Female,2,Marie Huffman,seananderson
4156,Female,1,Kendra Miller,hansonmatthew
4157,Female,2,Felicia Williams,wheelerjason
4158,Female,2,Ashley Dyer,steven57
4159,Female,1,Janet Turner,catherineflynn
4160,Male,1,Nicholas Marquez,hjohnston
4161,Female,1,Belinda Adams,mcguirejesus
4162,Male,2,Tracy Higgins,teresawebb
4163,Female,2,Amanda Stout,hsimpson
4164,Male,1,Zachary Brown,jackson90
4165,Male,1,John Daniels,amanda69
4166,Female,1,Carolyn Sanchez,ryan73
4167,Male,1,Adam Chang,mcdanielpaul
4168,Female,2,Jessica Jennings,robertsjeffrey
4169,Male,2,Zachary Lin,ricardoedwards
4170,Female,1,Jasmine Lambert,robert81
4171,Male,2,Steven Matthews,youngbrian
4172,Female,2,Nancy Olson,kristopherrodriguez
4173,Male,1,James Johnson,williamsthomas
4174,Male,2,Jose Watson,flloyd
4175,Female,2,Christina Haas,shawnwoods
4176,Male,2,Joshua Hogan,qblanchard
4177,Female,2,Cheryl Curtis,tanyaritter
4178,Male,2,Scott Weeks,jacob33
4179,Female,1,Kimberly Robertson,millerluke
4180,Male,2,Richard Quinn,wcarlson
4181,Male,2,Juan Young,elizabeth11
4182,Female,2,Paige Johnson,operez
4183,Male,2,Kent Russell,esanchez
4184,Female,2,Crystal May,keith91
4185,Male,2,Michael Smith,eatonlauren
4186,Male,1,Mark Sanders,dhamilton
4187,Male,2,Benjamin Tate,mpetersen
4188,Male,1,Robert Rhodes,gregorydominguez
4189,Male,1,Bryan Morrow,swalter
4190,Male,2,Jack Chambers,ajames
4191,Female,1,Emily Shah,ycochran
4192,Female,1,Jasmine Miller,jmoody
4193,Male,2,Gregory Shepherd,dmcdowell
4194,Male,2,Jeremy Graham,mlopez
4195,Male,2,Mr. Dale Miller,robertsjeanette
4196,Male,1,Thomas Stafford,christina80
4197,Female,2,Barbara Summers,nathan42
4198,Female,1,Erika Johnson,sjennings
4199,Female,1,Mary Robbins,mark22
4200,Female,2,Mrs. Christy Moore DVM,glewis
4201,Male,1,Ricky Patel,starkmichael
4202,Male,1,Joshua Holmes,james33
4203,Female,2,Mrs. Kimberly Stuart,plucero
4204,Male,2,Donald Taylor,kristine65
4205,Male,1,Colin Allen,gibsonronald
4206,Female,1,Laura Carpenter,carlosyork
4207,Female,1,Angela Price,kellywilliams
4208,Male,1,Mark King,dan13
4209,Male,2,Christopher Dennis,elizabethbrennan
4210,Male,2,Andrew Nelson,douglasmatthew
4211,Female,2,Anita Miller,alexandra05
4212,Female,2,Karen Smith,tina44
4213,Male,2,Robert Brown,christinerodriguez
4214,Female,2,Tina Henry,christine61
4215,Female,2,Nicole Taylor,marthafrank
4216,Female,1,Gabriela King,dsmith
4217,Male,1,Adam Holt,sloanjeremy
4218,Female,1,Diane Garcia,scottmegan
4219,Male,2,James Harrison,yoderelizabeth
4220,Male,2,Kelly Thomas,jamesgraham
4221,Male,2,Dillon Love,thomas20
4222,Male,2,Jeffrey Walker,qshepard
4223,Female,1,Rachel Cook,russellnatalie
4224,Female,1,Mindy Lam,robert09
4225,Female,2,Michelle Lucas,roberto20
4226,Female,2,Amanda Bennett,sean46
4227,Female,1,Natalie Henry,warrenstephanie
4228,Female,1,Andrea Carter,lmoore
4229,Female,1,Kathryn Watkins,wagnerrobert
4230,Male,2,Michael Wagner,bethany29
4231,Male,2,David Green,jacob96
4232,Female,2,Sara Jimenez,tyler06
4233,Male,1,Adrian Gray,patricia96
4234,Male,2,Daniel Johnson,wardjacob
4235,Male,2,Stephen Hill,fballard
4236,Male,1,David Fitzpatrick MD,johnsonamanda
4237,Female,1,Sarah Ramos,kbrown
4238,Male,2,Daniel Anderson,ygentry
4239,Female,2,Kaitlyn Gutierrez,ashley53
4240,Female,2,Tiffany Sanchez,leenicholas
4241,Female,1,Crystal Miller,fwhitaker
4242,Male,1,Curtis Richmond,lchambers
4243,Male,1,Clifford Booth,jennajohnson
4244,Male,1,Mark Robertson,hooverchristopher
4245,Male,2,William Tucker,bhart
4246,Female,1,Ann Singh,wnash
4247,Male,2,Brandon Wolf,smeyer
4248,Female,1,Adriana Marquez,davidmayer
4249,Male,2,John Garcia,djohnson
4250,Male,2,Lucas Clark,nicole45
4251,Male,2,Nathan Bullock,sherinichols
4252,Female,1,Olivia Garcia,erica69
4253,Female,1,Christine Martinez,patricia11
4254,Male,1,Timothy Schmidt,snowamanda
4255,Male,2,Joseph Allison,leejohn
4256,Male,2,Hunter Smith,kstevens
4257,Female,2,Rachel Hill,kaitlynmitchell
4258,Male,2,Martin Johnson,gmcguire
4259,Female,2,Anne Mann,hodgekeith
4260,Male,2,Eric Knight,loriguzman
4261,Male,1,Scott Anderson,brittany43
4262,Male,2,Martin Suarez,tammydominguez
4263,Female,2,Monica Perez,ejackson
4264,Male,2,Ronnie Robinson,barmstrong
4265,Male,1,Devon Morgan,zjohnson
4266,Female,1,Dr. Wendy Young,aprilmarks
4267,Male,1,Billy Roberts,brayjason
4268,Male,2,Daniel Wang MD,burtonashley
4269,Male,2,David Shelton,robert15
4270,Female,2,Jennifer Ramirez,emily45
4271,Female,2,Tara Wood,bgarcia
4272,Female,2,Miss Jennifer Wilson,youngangel
4273,Female,2,Leslie Williams,maciasmichelle
4274,Male,2,Derek Hanson,josephhoward
4275,Female,2,Jennifer Martinez,christy33
4276,Female,1,Jessica Randolph,jameswood
4277,Male,1,Robert Hicks,christinejenkins
4278,Female,1,Cheryl Hoover,johnsoneric
4279,Female,1,Wendy Rosales,keith94
4280,Male,1,James Bentley,vcarter
4281,Male,1,Darren Miranda,samuel30
4282,Female,2,Ashley Stephens,zachary99
4283,Male,2,William Perkins,gonzalesabigail
4284,Female,2,Laurie Parker,laurajenkins
4285,Female,1,Elizabeth Rodriguez,mclaughlinashley
4286,Male,2,Marcus Richard,millermichael
4287,Male,1,Patrick Williams,timothynoble
4288,Female,1,Mrs. Linda Richardson,hannah71
4289,Female,1,Sara Johnston,hbell
4290,Male,2,Chase Brennan,frank81
4291,Female,1,Sara Martinez,crystalhopkins
4292,Male,2,Billy Horne,dpatterson
4293,Female,2,Holly Jones,coxchristopher
4294,Female,2,Morgan Bray,lindsay14
4295,Female,2,Monique Hughes,donald65
4296,Male,2,John Ellison,pjones
4297,Female,2,Heather Buchanan,margaret34
4298,Female,2,Jennifer Brown DVM,xsandoval
4299,Male,1,Timothy Howard,lbeck
4300,Male,1,James Graham,dawsonkyle
4301,Male,2,Michael Thornton,josephrodriguez
4302,Male,2,Kevin Rivas,stephen42
4303,Female,1,Elizabeth Nelson,dthomas
4304,Female,1,Danielle Valentine,omarfreeman
4305,Male,1,Trevor Day,jeremyjenkins
4306,Male,1,David Ball,kevinblack
4307,Female,1,Ms. Susan Lynch,john26
4308,Female,1,Janet Johnson,sarah75
4309,Male,1,John Garcia,wbarton
4310,Female,1,Deborah Clark PhD,donovanjames
4311,Female,2,Michele Dennis,margaret44
4312,Female,1,Tammy Walker,nataliedillon
4313,Male,2,Christopher Herrera,ehogan
4314,Male,2,Ronald Alvarado,christine89
4315,Male,1,Nicholas Smith,brittanylopez
4316,Female,2,Deborah George,elizabethmurphy
4317,Male,1,Cory Johnson,sonyajones
4318,Male,2,Thomas Decker,rachel21
4319,Male,2,Troy Medina,waltonmichael
4320,Female,2,Amanda Olsen,antoniodavis
4321,Female,2,Jennifer Thomas,jennifermurphy
4322,Male,1,Anthony Garcia,morenodavid
4323,Female,2,Lori Romero,bradleypena
4324,Female,2,Mrs. Jaime Rios,ostevens
4325,Male,1,Steven Krueger,zlowery
4326,Female,2,Marisa Santiago,xmiller
4327,Female,1,Colleen Lambert,rebeccarice
4328,Female,2,Emily Howard,joseph22
4329,Female,2,Jacqueline Rojas,welchbrittany
4330,Male,2,Larry Wolf,doylebrittney
4331,Male,2,Kenneth Collins,carriejones
4332,Female,1,Stephanie Moran,sherrynolan
4333,Male,2,Ralph Green,sandra55
4334,Female,2,Emily Holmes,john02
4335,Male,1,Kevin Schneider,patrickbarry
4336,Male,2,Terry Mitchell,greeneshannon
4337,Male,2,Alex Hughes,gabriella88
4338,Male,1,Larry Bell,arroyoalex
4339,Female,1,Donna Rivera,jill46
4340,Male,2,Richard Young,rangelmelissa
4341,Female,1,Martha Gutierrez,umorgan
4342,Male,2,Christopher Mccall,james30
4343,Male,2,William Martin,gortiz
4344,Male,2,Donald Davis,derek51
4345,Female,1,Danielle Hale,yrodriguez
4346,Male,2,Stephen Flores,ericramos
4347,Female,2,Sarah Patel,langdenise
4348,Female,1,Tammy Anderson,nixonwilliam
4349,Female,1,Heather Wyatt,webbjustin
4350,Male,1,William Phillips,asharp
4351,Male,2,Joshua Bond,kari86
4352,Female,1,Jill Wilson,cwalker
4353,Female,2,Ann Ward,kgill
4354,Female,1,Christine Rhodes,wwelch
4355,Female,2,Claire Martin,tphillips
4356,Female,1,Megan Davis,patrickmiller
4357,Female,2,Lauren Carter,zhangjason
4358,Male,1,Joseph Hoffman,iwilliams
4359,Female,1,Diana Andrews,torrescrystal
4360,Female,1,Anna Rodriguez,nmurphy
4361,Female,2,Crystal Hernandez,matthewsawyer
4362,Female,1,Theresa Harris,mark15
4363,Female,2,Yvonne Burton,grice
4364,Male,2,Robert Evans,aaron89
4365,Female,2,Rachel Gomez,joseph69
4366,Male,2,Scott Page,donald35
4367,Male,1,David White,samanthafischer
4368,Male,2,Kevin Robinson,matthewdillon
4369,Female,1,Andrea Mays,gibsonmark
4370,Female,1,Michelle Cuevas,richardholloway
4371,Male,2,Ryan Hooper,zmorgan
4372,Male,1,Joshua Taylor,gonzaleztammy
4373,Female,1,Judith Small,dominique72
4374,Female,2,Cynthia Gibbs,lesliehall
4375,Male,1,William Harris,david03
4376,Male,2,Jason James,jenniferklein
4377,Male,2,Carlos Jones,jrodriguez
4378,Male,2,Willie Terry,fberry
4379,Male,1,Jacob West,kara40
4380,Male,2,Keith Patterson,victormitchell
4381,Male,2,Frank Noble,holly11
4382,Male,2,Roy Garrett,bobbywaters
4383,Female,2,Kimberly Walters,jgilbert
4384,Female,2,Anne Roberson,gjackson
4385,Male,2,Mr. Terry Lawrence,megan05
4386,Male,2,Randy Robinson,floresamanda
4387,Female,1,Gail Martin,rodriguezrhonda
4388,Male,2,Seth Ryan,autumn42
4389,Female,2,Rebecca Miller,esteschristine
4390,Male,2,William Rush,smithrachel
4391,Female,1,Nicole Payne,ashley90
4392,Male,2,Michael Smith,sandy36
4393,Male,1,Donald Howell,sbrown
4394,Male,1,Curtis Soto,dstevens
4395,Female,2,Latasha Wright,vparker
4396,Female,2,Rhonda Jenkins,dawnsandoval
4397,Male,1,Jose Thompson,alicia02
4398,Male,2,Peter Schmidt,ericharris
4399,Female,1,Kimberly Ferguson,jennifer85
4400,Male,1,Kenneth Williams,jason21
4401,Female,2,Peggy Collins,andrea80
4402,Female,2,Shelia Bennett,coleeric
4403,Female,2,Brittney Armstrong,regina89
4404,Female,2,Taylor Washington,benjaminconway
4405,Female,1,Adrienne Nelson,mcarter
4406,Male,2,Brandon Gentry,dayrebecca
4407,Female,2,Jennifer Farmer,ramirezbrian
4408,Female,1,Karina Collier,jamesalvarez
4409,Female,2,Erin Gould,kelleymichael
4410,Male,1,Patrick Barnes,maryacevedo
4411,Male,1,Mr. Andres Baker MD,zimmermandarren
4412,Male,2,Edwin Zhang,robinsonkelsey
4413,Male,1,James Holt,matthewmoore
4414,Male,2,Brad Cohen,grahamkeith
4415,Female,1,Hannah Price,david69
4416,Male,2,David Wood,glennlisa
4417,Male,2,Patrick Martinez,aortiz
4418,Male,1,Donald Hunt,hernandezcharles
4419,Female,1,Lindsey David,mbarajas
4420,Male,1,Joseph Lee,tammysmith
4421,Male,2,Brad Wood,yjuarez
4422,Male,1,Mark Ross,jryan
4423,Male,1,Matthew Allen,lanejeremiah
4424,Male,2,Steven Keith,agomez
4425,Male,2,Brian Wallace,samuel04
4426,Female,2,Jennifer Adams,kaitlyn19
4427,Female,2,Nicole Martinez,jacobhill
4428,Female,1,Shelby Williams,hernandezmatthew
4429,Male,1,Jonathan Barton,jbarnes
4430,Female,2,Amy Montes,yhughes
4431,Female,1,Patricia Smith,gabrielle19
4432,Female,2,Amanda Cooper,gperez
4433,Male,2,Robert James,morrischeyenne
4434,Male,1,Marcus Miller,ucarter
4435,Male,2,Calvin Hansen,angela79
4436,Female,2,Virginia Kaiser,terri31
4437,Male,1,Christopher Meyer,ellisamanda
4438,Female,2,Sarah Cunningham,amyroman
4439,Male,1,Christian Hicks,edwardnguyen
4440,Male,2,Brian Dillon,amy94
4441,Male,1,Steve Allen,mharris
4442,Male,1,Nicholas West,amy12
4443,Female,2,Nicole Reeves,allisonmichael
4444,Female,2,Jessica Wilson,egonzales
4445,Female,2,Hayley Michael,johnmay
4446,Female,2,Brandi Young,julie77
4447,Male,1,Jeffrey Davis,pstephens
4448,Male,1,Tony Hutchinson,yobrien
4449,Female,1,Nicole Wilson,powellbradley
4450,Female,2,Jocelyn Hall,melissabell
4451,Male,1,Jonathan Rodriguez,umitchell
4452,Female,2,Mary Brown,gadams
4453,Female,2,Martha Cunningham,sharonjohnson
4454,Female,1,Linda Riley,lisa45
4455,Male,2,Samuel Smith,rossrichard
4456,Male,1,Peter Ingram,rcampbell
4457,Male,2,Randy Miller,dbrown
4458,Female,2,Sandra Maddox,qgarcia
4459,Male,1,Devin Ferguson,courtneycarroll
4460,Male,1,Christopher Wagner,fernandezdebra
4461,Female,1,Katherine Knight,canderson
4462,Male,2,Shawn Walton,chadperkins
4463,Female,2,Laura Craig,markcox
4464,Male,1,James Cooley,morrowcourtney
4465,Female,2,Jenny Walton,webbrussell
4466,Male,1,Robert Wilson,allisonanna
4467,Male,1,Bryan Mcclure,wsimmons
4468,Female,1,Dawn Morales,wendygonzalez
4469,Female,2,April Hansen,merrittmandy
4470,Female,2,Hannah Gutierrez,nwilliams
4471,Female,1,Nicole Lee,elizabethhuff
4472,Female,1,Kara Mcdonald,qwilliams
4473,Male,1,Fernando Castillo,carl18
4474,Male,2,Christopher Martinez,cherylsmith
4475,Female,2,Emily Evans,daniellemorse
4476,Male,1,Richard Coleman,williamsgarrett
4477,Female,1,Tina Martinez,derek82
4478,Male,2,Thomas Tucker,ggraves
4479,Female,2,Wendy Silva,laurenwest
4480,Female,2,Brenda Pittman,johnsonkyle
4481,Female,1,Danielle King,xroman
4482,Female,1,Barbara Dixon,jesse82
4483,Female,1,Lori Ferrell,amanda49
4484,Male,1,Christopher Anderson,leebrian
4485,Female,2,Tina Day,nicholas39
4486,Male,2,Robert Cooper,tiffany59
4487,Female,1,Emily Tyler,davidpatel
4488,Female,1,Melissa Parker,kimberly41
4489,Male,2,Kevin Smith,dyerdebra
4490,Male,2,Richard Morgan,jesseroberts
4491,Female,1,Evelyn Sparks,kimberlytorres
4492,Female,2,Stephanie Giles PhD,coxmitchell
4493,Female,1,Brittany Friedman,barrettjohn
4494,Female,2,Mary Lee,johnstondaniel
4495,Male,2,Isaac James,brendagalloway
4496,Female,1,Cheryl Berger,tgonzalez
4497,Female,1,Mary Williams,jasoncarey
4498,Male,2,Keith Hoffman,daltontim
4499,Female,2,Tina Bass,gregoryrobbins
4500,Male,2,Christian Taylor,jonathan73
4501,Female,1,Michelle Olson,kimberlyfleming
4502,Female,1,Alexandra Lawson,bentonjames
4503,Female,1,Rachael Moore,michaelberry
4504,Male,2,James Raymond,tanyapeterson
4505,Male,1,Robert Clark,michael71
4506,Female,2,Amy Garza,jessicanichols
4507,Female,2,Leah Garcia,msullivan
4508,Female,1,Tammy Huang,jhill
4509,Female,2,Karen Kane,alexanderlynch
4510,Male,1,Timothy Elliott,jessica05
4511,Female,1,Taylor Powers,nday
4512,Female,2,Michelle Mann,eric29
4513,Male,1,Christian Larson,ssalazar
4514,Female,1,Michele Phillips,tiffanynavarro
4515,Female,1,Kathryn Griffin,beth46
4516,Female,1,Tracy Crosby,miguel52
4517,Female,1,Amy Mclaughlin,hunterchristina
4518,Female,2,Sandra Martinez,collinserik
4519,Female,1,Amy Massey,tracey39
4520,Female,2,Kim Humphrey,katherine57
4521,Female,2,Donna Mason,kford
4522,Male,1,Peter Miller,megan22
4523,Female,1,Katherine Campbell,jeffery23
4524,Male,2,Christopher Whitehead,brennannicole
4525,Female,1,Jessica Davenport,tara56
4526,Female,1,Lisa White,danielpayne
4527,Male,1,Brandon Lopez,christopherrichards
4528,Female,1,Mary Palmer,jharris
4529,Male,2,Andrew Bradshaw,djones
4530,Male,2,Jared Zuniga,davidperez
4531,Female,1,Laura Wiggins,gatesadam
4532,Male,2,Derek Montgomery,nbrewer
4533,Female,2,Lori Bowman,christinefrazier
4534,Female,2,Dorothy Coleman,lanemarco
4535,Male,2,Daniel Barber,nalexander
4536,Male,1,William Fitzgerald,patrickmeyers
4537,Female,1,Amber Joseph,blakeelizabeth
4538,Female,2,Sydney Medina,matthew34
4539,Male,2,William Mcgee,smithjonathan
4540,Male,1,Jason Cook,prestonlisa
4541,Female,1,Brittany Edwards,gardneramanda
4542,Female,2,Jessica Scott,moralesjanice
4543,Female,2,Kiara Hodge,michaelowens
4544,Female,1,April Haynes,christine56
4545,Female,1,Ebony Watts,edward38
4546,Female,1,Dawn Cooper,robinsonamanda
4547,Male,2,Samuel Robinson,michael43
4548,Male,1,Jared Dillon,bakerashley
4549,Male,1,Daniel Robinson,alee
4550,Female,1,Andrea Ryan,troberts
4551,Female,2,Maria Mckee,bensonkatherine
4552,Male,2,Christian Fowler,eric24
4553,Male,1,Mark Pugh,parkerbrandon
4554,Male,1,Steven Flynn,luke87
4555,Male,2,Joseph Nelson,ukidd
4556,Female,1,Amy Baxter,cookjoshua
4557,Female,1,Diana Bailey,herringtracy
4558,Female,1,Brianna Wilson,aaronrose
4559,Male,1,Joseph Howard,kristapreston
4560,Male,2,Geoffrey Dennis,nathanwhite
4561,Male,1,Mr. Joseph Alexander,davisdesiree
4562,Female,1,Lindsey Good,davidflowers
4563,Female,1,Pamela Johnson,wgutierrez
4564,Male,2,Derrick Ponce,mccoyalexander
4565,Female,1,Kelly Gray,collinsjames
4566,Male,1,Douglas Jones,ronaldmarsh
4567,Female,2,Amy Hughes,kylekennedy
4568,Female,2,Julie Bailey,richarddelgado
4569,Male,2,Samuel Schaefer,deborahwheeler
4570,Male,1,Craig Singh,mingram
4571,Male,2,Michael Owens,matthew85
4572,Female,1,Emily Anderson,heatherramos
4573,Female,2,Kathy Knight,gonzalezbradley
4574,Female,2,Crystal Chen,millerjerry
4575,Female,2,Dr. Amanda Jenkins,sheilacobb
4576,Male,2,Peter Choi,fmunoz
4577,Male,2,Jorge Scott,jamie36
4578,Female,1,Ashley Shelton,norrisjoseph
4579,Female,1,Denise Pena,matthewsandrew
4580,Male,1,Jeffrey Jones,mileschristopher
4581,Female,1,Stephanie Osborn,bcobb
4582,Male,2,Thomas Rodriguez,williamschristopher
4583,Female,2,Vicki Pope,thomas41
4584,Male,2,Marcus Smith,gardnerpamela
4585,Male,1,James Murray,thomas94
4586,Male,1,James Sloan,danielle96
4587,Male,2,Brandon Perez,jasonmoss
4588,Female,1,Sara Romero,rangelblake
4589,Female,1,Briana Ochoa,ronald57
4590,Female,2,Monique Hester,john59
4591,Female,1,Kathryn Green,ericjohnson
4592,Female,2,Kayla Stone,adamyates
4593,Male,1,Jonathan Johnson,kbrown
4594,Male,1,Grant Cain,cindymiller
4595,Male,2,Charles Cortez,jimmynguyen
4596,Female,1,Cynthia Wright,randybowen
4597,Male,1,Jacob Young,hyang
4598,Male,1,Mario Gonzales,scott64
4599,Male,1,William Frank,ggriffin
4600,Female,2,Andrea Miller,thomasjessica
4601,Male,1,Alex Davis,freemanphilip
4602,Male,1,Charles Miller,sarahyu
4603,Female,1,Melissa Wilcox,michelle99
4604,Female,1,Diane Rich,alopez
4605,Female,1,Katherine Khan,gomezjimmy
4606,Female,1,Sheila Weaver,danielcortez
4607,Female,1,Jacqueline Casey,hhampton
4608,Female,1,Mariah Mitchell,joshuaking
4609,Female,2,Dawn Henderson,chopkins
4610,Female,1,Leslie Caldwell,nschwartz
4611,Male,2,Christopher Meyer,crystalbrown
4612,Female,1,Cindy Rodriguez,robertsanthony
4613,Female,2,Catherine Barker,tburton
4614,Male,2,Scott Jenkins,patricialopez
4615,Female,2,Kelly Dominguez,wintersnicole
4616,Male,2,Dr. Jason Stevens DDS,rsmith
4617,Male,2,Matthew Lee,xadams
4618,Female,2,Teresa Rodriguez,gabriel38
4619,Female,1,Maria Chandler,angelica98
4620,Female,2,Kelly Arroyo,oschneider
4621,Male,1,James Hurst,tjohnson
4622,Female,1,Taylor Hughes,jason63
4623,Male,2,John Cole,sanchezemily
4624,Female,1,Jamie Yoder,timothygardner
4625,Female,2,Dana Spencer,reevesbarbara
4626,Male,2,Steven Mcgee,mossgeorge
4627,Female,2,Holly Moore,reginajones
4628,Male,2,Travis Butler,dylanliu
4629,Female,1,Cheyenne Nixon,rachel21
4630,Male,2,Daniel Mendoza Jr.,wbrown
4631,Male,1,Timothy Thompson,brittneywatson
4632,Female,1,Sherry Jones,xprice
4633,Female,1,Lauren Brown,mfrancis
4634,Male,1,Andrew Hamilton,owaters
4635,Female,1,Erin Clark,nscott
4636,Female,2,Monica Price,zgreen
4637,Female,1,Elizabeth Lee,dustin93
4638,Male,1,Cory Clark,fblackburn
4639,Female,1,Leah Becker,brennansteven
4640,Male,2,David Moore,lrobinson
4641,Female,2,Julie Jackson,williegomez
4642,Male,1,Brandon Cross,amanda60
4643,Female,1,Wendy Graves,james56
4644,Female,1,Katherine Todd,jschneider
4645,Female,1,Sarah Butler,fbarrera
4646,Female,2,Marie Caldwell,rlambert
4647,Female,2,Sandra Wong,stevenmason
4648,Male,1,James Baker,jasonwhitehead
4649,Female,1,Natalie Watson MD,vwilliams
4650,Male,2,Jacob Murillo,nicolepaul
4651,Male,1,Sean Simpson,kaitlinsteele
4652,Male,1,Robert Mitchell,johnsonharry
4653,Female,1,Kathleen Hunt,umurphy
4654,Male,1,Cesar Thompson,ohunt
4655,Female,2,Crystal Beck,sdixon
4656,Male,1,Thomas Cruz,colejohn
4657,Male,2,Joseph Curry,larry60
4658,Male,2,Joseph Young,mahoneyrobert
4659,Female,1,Mary Jimenez,bmurphy
4660,Female,2,Samantha Smith,bennetttom
4661,Female,1,Jennifer Diaz,laurenhoward
4662,Male,2,Jeff Hill,diane19
4663,Male,1,Dr. William Allen,khanruben
4664,Male,2,Richard Cisneros,kholt
4665,Female,2,Kristina Gibson,samanthanicholson
4666,Male,2,Brian Velazquez,uvaldez
4667,Male,1,William Murphy,hopkinskim
4668,Male,1,David Dawson,jodi61
4669,Female,2,Cassandra Evans,kellerstephen
4670,Male,2,Daniel Moore,martinmiller
4671,Female,1,Mia Hill,zmoore
4672,Male,1,Michael Jones,holmesryan
4673,Female,2,Terri Greene,nkline
4674,Male,2,Ronald Wagner,jessicanguyen
4675,Female,1,Victoria Diaz,baileyrodriguez
4676,Male,2,Corey Reynolds,kirbychristopher
4677,Female,1,Heather Bishop,cherylphillips
4678,Female,2,Andrea Morales,shirley95
4679,Female,2,Jessica Palmer,sullivanbarbara
4680,Female,1,Lindsey Cruz,sydney37
4681,Male,2,Eric Welch,joseph62
4682,Female,2,Alice Hines,tonya28
4683,Male,1,Bruce Wright,wperry
4684,Female,2,Candice Swanson,bryanttony
4685,Male,1,Jeffrey Jones,jerryjohnson
4686,Female,2,Rhonda Bennett,alan81
4687,Female,1,Rhonda Garcia,shahholly
4688,Male,1,Cameron Terry,ggaines
4689,Female,1,Jamie Cox,scarr
4690,Female,1,Brianna Moore,rodriguezchristopher
4691,Male,1,Richard Simpson,reneesullivan
4692,Male,2,Oscar Macias,qhayden
4693,Male,1,Mark Lopez,davidsonkatherine
4694,Male,1,Walter Walker,ramirezpatrick
4695,Male,2,Mr. Scott Bell,dwaynelutz
4696,Female,1,Kimberly Wilkinson,cynthia16
4697,Male,1,Cameron Franklin,tonyasmith
4698,Female,1,Diane Smith,shelbygarcia
4699,Male,2,Timothy Henry,jessica55
4700,Male,1,Robert Wright,lthompson
4701,Female,2,Tracey Thomas,fmiller
4702,Male,1,Eric Collins,christopher83
4703,Male,2,Walter Robbins,wesley87
4704,Female,2,Emily Rogers,jjoseph
4705,Female,2,Tina Tucker,vmartin
4706,Female,2,Elizabeth Arnold,scottrichard
4707,Female,2,Stephanie Livingston,dustinmcdaniel
4708,Female,1,Lindsay Rojas,michael52
4709,Male,2,Michael Stevenson,lori98
4710,Female,1,Amanda Haynes,antonio81
4711,Female,1,Alexis Walter,johnstephenson
4712,Male,2,Jeffery Cisneros,gregorychristopher
4713,Male,2,Dale Villanueva Jr.,melinda10
4714,Female,1,Caitlin Smith,middletonalexandra
4715,Male,1,Kyle Jackson,donaldwilliamson
4716,Male,2,Douglas Ramos,ayalagarrett
4717,Female,1,Amber Lindsey,frank38
4718,Female,1,Nicole Simmons,lori60
4719,Female,2,Dana Rich,hooverlori
4720,Male,1,Donald Johnson,uknight
4721,Female,2,Kelly Nguyen,gburns
4722,Female,1,Mary Frazier,alexis41
4723,Male,1,Tim Butler,pallen
4724,Male,1,Joel Hester,catherinemcguire
4725,Female,2,Sabrina Martinez,denisepace
4726,Male,1,James Hines,brooke75
4727,Female,2,Maria Vega,amack
4728,Female,2,Kimberly Mayer,dfrank
4729,Female,2,Kathleen Peterson,gpetersen
4730,Male,1,Justin Perez,megan55
4731,Male,2,Brian Barker,smithjoanna
4732,Male,1,Michael Hill,williamsdiane
4733,Male,2,Joshua Cooper,rgarcia
4734,Male,2,Jeffery Garcia,ibrown
4735,Female,2,Gina Johnson,samuel92
4736,Male,2,David Thornton,angelahernandez
4737,Male,1,James Stephenson,cmolina
4738,Female,2,Jennifer Smith,qcrawford
4739,Female,2,Janice Roberson,danielle60
4740,Male,1,Ricky Soto,yharris
4741,Female,2,Loretta Smith,qbauer
4742,Female,1,Karen Black,patricia65
4743,Female,2,Rebecca Bishop,vsmall
4744,Male,1,Ryan Diaz,ronald29
4745,Female,1,Amanda Burch,heatherwright
4746,Female,1,Brandi Gomez,ashleyharrell
4747,Male,2,Jacob Holmes,colemanjames
4748,Male,1,Christian Little,wunatalie
4749,Male,1,James Jackson,canderson
4750,Female,1,Laura Martinez,uking
4751,Male,2,Cory Rogers,daniel56
4752,Male,1,Matthew Armstrong,brendaedwards
4753,Female,1,Deborah Soto,yangbrian
4754,Male,1,Anthony Mora,josewalker
4755,Female,1,Ann Smith,lawsoncourtney
4756,Female,1,Debra Lara,raymondturner
4757,Male,1,David Moore,samantha31
4758,Female,2,Regina Everett,wlin
4759,Male,1,William Daniels,xbennett
4760,Male,2,Kyle Perez,fosterzachary
4761,Male,1,Aaron Fletcher,joseph94
4762,Male,1,Daniel Li,huffnicholas
4763,Female,1,Ashley Strong,angela25
4764,Male,1,Franklin Williams,jeffrey05
4765,Male,1,Zachary Watkins,beankimberly
4766,Female,1,Terri Banks,diazjudy
4767,Male,1,Scott Valdez,victor10
4768,Female,2,Diana Ayers,cookmichael
4769,Male,2,Donald Kane,kingjohn
4770,Male,2,Mario Holland,ashlee45
4771,Male,2,Joseph Miller,jacquelinemoreno
4772,Male,2,Michael Boyd,ruizpatricia
4773,Female,1,Tammy Cross,fcox
4774,Female,2,Jennifer French,rmartinez
4775,Male,1,Henry Howell,tanyahenry
4776,Male,1,David Wall,mark96
4777,Male,2,Michael Fitzgerald,turnerchristopher
4778,Male,1,Michael Smith,gblair
4779,Female,1,Angelica Martin,john44
4780,Female,2,Sara Navarro,karen86
4781,Male,1,Jason Ramirez,andrewcruz
4782,Male,2,Anthony Benson,lanegregory
4783,Male,2,Nathaniel Carney,ntaylor
4784,Female,2,Stephanie Haas,williamdalton
4785,Female,2,Michele Soto,johnspencer
4786,Male,2,Brett Robbins,rjones
4787,Female,1,Amy Murray,glenn49
4788,Female,1,Jessica Perez,james10
4789,Female,1,Amanda Hines,zoebowen
4790,Male,1,Robert Duke,salascraig
4791,Male,1,Alex Smith,thomasbarry
4792,Female,1,Tracey Miller,iwilson
4793,Female,1,Teresa Henry,blairjennifer
4794,Male,1,Paul Dixon,mpeters
4795,Female,1,Sabrina Mayo,ostanley
4796,Female,1,Kayla Melton,gutierrezbethany
4797,Male,2,Daniel Ellis,changteresa
4798,Female,1,Tammy Baxter,qwalker
4799,Male,2,Christopher Mueller,hughesrobert
4800,Male,2,Paul Martinez,xburke
4801,Male,2,Ronald Holloway,vford
4802,Female,1,Diana Miller,brendabenson
4803,Male,1,Jacob Beltran,tracylawson
4804,Male,2,Charles Mccall,tboyle
4805,Female,2,Chelsea Werner,ebowers
4806,Female,1,Rhonda Carson,peter12
4807,Male,1,Alec Ayala,bburns
4808,Male,1,Patrick Rojas,psimpson
4809,Female,1,Ashley Andrews,andrewthompson
4810,Female,1,Diane Wilkins,debra19
4811,Female,2,Amy Johnson,vsmith
4812,Male,1,Andre Johnson,christopher26
4813,Female,2,Michelle Rose,johnshah
4814,Female,1,Michelle Maynard,matthewthomas
4815,Female,2,Olivia Alvarez,karen48
4816,Female,1,Denise Potter,courtney13
4817,Male,1,Matthew Gonzales,martha74
4818,Male,2,Robert Melton,susanstrickland
4819,Male,1,Samuel Reed,lmoore
4820,Female,1,Nicole Adams,ysullivan
4821,Male,1,Brandon Johnson,yrubio
4822,Male,1,Henry Scott,tyler60
4823,Male,1,Richard Palmer,bbrooks
4824,Female,1,Sydney Smith,johnsonkelly
4825,Female,1,Stephanie Werner,zkeller
4826,Male,2,Charles Parker,vargasaaron
4827,Male,1,Scott Smith,santosjessica
4828,Female,2,Tracy Baker,fnguyen
4829,Female,2,Sherri Santos,douglasmills
4830,Female,2,Jill Caldwell,coletara
4831,Female,1,April Ramirez,huynhdaniel
4832,Female,1,Kristin Sanchez,kathleenthomas
4833,Male,2,Joseph Edwards DDS,victorialong
4834,Female,2,Heather Martinez,johnsonanna
4835,Female,2,Samantha Moore,bellrachel
4836,Female,1,Jane Morris,keithhenderson
4837,Male,1,Tommy Moore,hendersoncharles
4838,Female,1,Lauren Blake,timothyhernandez
4839,Male,1,Joshua Phillips,mejiajennifer
4840,Female,2,Jennifer Flynn MD,nwells
4841,Female,2,Michelle Carroll,erin35
4842,Male,1,Mark Mathews,chad71
4843,Female,1,Jessica Stuart,amber93
4844,Male,2,Alexander Matthews,ruth67
4845,Male,2,Donald Lopez,amber35
4846,Female,2,Karen Jimenez,whitepenny
4847,Female,2,Melissa Nicholson,lisaolsen
4848,Male,1,Jack Nunez,christophersimon
4849,Male,1,Bradley Morales,alexander52
4850,Male,1,Bruce Coleman,james50
4851,Female,2,Cynthia Contreras,owenslinda
4852,Female,1,Hannah Chapman MD,penningtonbeth
4853,Female,1,Ashley Atkinson DVM,shelly62
4854,Female,1,Ashley Moore,gholland
4855,Female,2,Kathryn Benjamin,walkeralexandria
4856,Male,1,Timothy Boyd,robinleonard
4857,Female,2,Hannah Johnson,kimelizabeth
4858,Female,2,Jessica Underwood,shannon79
4859,Female,2,Gina Johnson,sullivannatasha
4860,Female,1,Tina Montgomery,thomasmark
4861,Male,2,Michael Baker,lbutler
4862,Female,1,Mrs. Carla Scott,keithangela
4863,Male,2,Marc Eaton,scott57
4864,Male,1,Thomas Freeman,amy78
4865,Male,1,Dr. John Lynch,lynnjennifer
4866,Female,2,Melissa Santiago,debra14
4867,Male,2,Dillon Hines,johnsonpaige
4868,Male,2,Gilbert Travis,owood
4869,Male,2,Nicholas Taylor,emily77
4870,Male,2,Edward Baldwin,deborahhamilton
4871,Male,2,Jonathan Freeman,kyliejohnson
4872,Female,2,Cassandra Medina,douglas89
4873,Male,1,Daniel Wilcox,jaimewalton
4874,Male,2,Phillip Freeman,jamieburgess
4875,Male,2,Robert Jennings,irwinsara
4876,Male,1,Alex Bryan,jeremywalters
4877,Female,2,Jennifer Keith,andrea83
4878,Male,1,John Johnson,dclark
4879,Female,2,Sara Cole,stephanieandersen
4880,Female,1,Catherine Le,dawnmontoya
4881,Male,1,Zachary Anderson,lori45
4882,Male,1,Joe Evans,christopherrose
4883,Female,2,Kimberly Hughes,ashley36
4884,Female,2,Monica Moore,williamsnicholas
4885,Male,2,Ian Merritt,fpotter
4886,Female,1,Elizabeth Lynch,raymondharper
4887,Female,2,Sara Davis,patriciaquinn
4888,Female,1,Sheila Sutton,eblackwell
4889,Male,2,Patrick Ingram,lopezpatrick
4890,Male,2,Jacob Palmer,maryrodriguez
4891,Male,2,Michael Osborn,christine87
4892,Male,1,Justin Robinson,bhudson
4893,Female,2,Jennifer Lowe,cassandrajohnson
4894,Female,2,Angela Matthews,gbean
4895,Female,2,Melissa Taylor,qcarr
4896,Male,2,Bradley Barron,mccormickashley
4897,Female,2,Debra Nelson,heather92
4898,Female,1,Karen Becker,patrickmarshall
4899,Female,2,Dawn Olson,abigailbrown
4900,Male,1,Robert Perry,harrisondebbie
4901,Female,2,Christine Smith,mcuevas
4902,Male,2,Christopher Henderson,chennicholas
4903,Female,2,Krystal Edwards,qallison
4904,Male,1,Randy Gonzales,chris49
4905,Male,2,Robert Rhodes,hebertamy
4906,Female,2,Jessica Potter,callahannoah
4907,Female,2,Julie Whitaker,jonesjeremiah
4908,Female,2,Elizabeth Hoffman,whitney63
4909,Female,2,Jamie Thompson,matthewwells
4910,Female,1,Terry Patterson,charles78
4911,Male,1,Terry Torres,yoderjoseph
4912,Female,2,Stephanie Barrett,ochoanicholas
4913,Female,2,Stephanie Shaw,fjones
4914,Male,1,Lawrence Ryan,marysellers
4915,Female,1,Kelly Alexander,christopher59
4916,Female,1,Laura Burton MD,adavis
4917,Male,2,Jon Brown,talexander
4918,Female,1,Emily Perry,valenciatimothy
4919,Female,1,Cynthia Tran,gperry
4920,Female,1,Alyssa Smith,vsnow
4921,Male,1,Johnny Conway,zlong
4922,Female,1,Martha Mendoza,eacosta
4923,Male,2,James Clements,brandicameron
4924,Female,2,Jenna Grimes,iarcher
4925,Male,1,Joseph Miranda,david85
4926,Male,1,Robert Elliott,rrodriguez
4927,Female,2,Lisa Pineda,wilsonangela
4928,Female,1,Crystal Oneal,cortezderek
4929,Female,1,Megan Martinez,joseph52
4930,Male,1,Louis Brown,fsmith
4931,Male,1,Joel Weaver,kellyhaney
4932,Male,2,Drew Li,jason20
4933,Male,1,Scott Le,jennifer80
4934,Male,1,Michael Davis,rodriguezmichael
4935,Female,2,Victoria English,smarshall
4936,Male,2,Joseph Evans,farmstrong
4937,Male,2,John Stanton,scott20
4938,Male,1,Gary Sullivan,johnmelendez
4939,Male,1,Christopher Collins,goodmanjamie
4940,Female,1,Victoria Davis,yolandawalton
4941,Female,2,Alexis Hickman,robinsoncaleb
4942,Female,2,Colleen Burns,jenniferford
4943,Female,1,Jessica Graves,scott89
4944,Female,2,Kaitlyn Jimenez,omckay
4945,Female,2,Kelli Bentley,drhodes
4946,Male,1,Devin Smith,delgadosuzanne
4947,Male,2,David Stewart,martinezgeorge
4948,Male,2,Richard Horne,haynesmichelle
4949,Female,1,Angela Rubio,richardsonjennifer
4950,Male,2,Danny Lee,robert40
4951,Female,2,Courtney Mathis,james57
4952,Female,2,Kayla Bonilla,pwillis
4953,Female,2,Robin Farrell,wjoyce
4954,Female,2,Rebecca Adkins,amanda13
4955,Female,1,Meredith Cameron,patrick58
4956,Female,2,Kristin Dawson,morgan16
4957,Male,1,Matthew Garcia,dconway
4958,Female,2,Shelby Rios,cindyanderson
4959,Female,2,Lisa Wade,morenochristopher
4960,Male,2,William Huff,frankreed
4961,Male,2,Ethan Jones,marissahansen
4962,Male,1,James Harris,hunter92
4963,Male,1,Brandon West Jr.,brian37
4964,Female,1,Michelle Brown,matthewarmstrong
4965,Male,2,Matthew Cameron,matthew06
4966,Female,2,Margaret Barnes,jaredhammond
4967,Female,1,Mrs. Jennifer Hudson,cholden
4968,Male,2,Gabriel Bass,perryeduardo
4969,Female,1,Molly Gallegos DDS,aaronbarrett
4970,Female,1,Erica Munoz,erinjames
4971,Female,1,Wendy Noble,lonnie55
4972,Female,2,Julie Garcia,christopherwilliams
4973,Male,2,Christopher Jackson,shawn14
4974,Male,1,Jared Peterson,bwilliams
4975,Female,1,Ashley Cardenas,othomas
4976,Female,2,Christine Pollard,rossjacqueline
4977,Female,2,Pamela Lloyd,rhondamurphy
4978,Female,1,Melody Hood,reginald44
4979,Male,2,Brandon Dixon,rjames
4980,Female,1,Katrina Miles,justinburton
4981,Female,2,Elizabeth Jones,jprice
4982,Female,1,Jody Davis,adamssara
4983,Female,2,Elizabeth Ross,jacksonnancy
4984,Female,2,Mary Williams,rdavis
4985,Male,2,Michael Chen,wthompson
4986,Female,1,Alexandria Green,markowens
4987,Male,2,James Flynn,waltersmichael
4988,Female,2,Kimberly Stone,kjohnson
4989,Male,1,Jordan Morrow,kellerfrank
4990,Female,1,Paula Johnson,christopher10
4991,Male,1,Dustin Campbell,linda07
4992,Male,2,Jacob Gonzalez,michael00
4993,Female,1,Stephanie Brown,michael35
4994,Female,1,Sara Whitaker,hansonchristina
4995,Female,1,Melanie Blankenship,youngzoe
4996,Male,2,Joshua Adams,lgarrison
4997,Female,1,Alexandra Harrell,osmith
4998,Female,1,Kristi Leblanc,jonathanzamora
4999,Female,1,Rebecca Hubbard,michelle18
5000,Female,1,Kathleen Matthews,lisa03
5001,Female,2,Lisa Bullock,zrobertson
5002,Male,2,Mathew Robertson,ferrellshawn
5003,Female,2,Amy Garcia,tracihudson
5004,Female,1,Mary Ross,carlsonamy
5005,Male,2,David Robbins,tiffany44
5006,Female,1,Misty Horton,jeffrey93
5007,Male,1,David Herrera,thompsonlisa
5008,Female,1,Kaitlyn Casey,kimberly87
5009,Male,2,Matthew Odonnell,whitesusan
5010,Male,2,Larry Ramirez,bradcastro
5011,Male,2,Francisco Robinson,nathanwilliams
5012,Male,1,Brian Wong,wweber
5013,Female,2,Shannon Henry,brad07
5014,Male,1,John Foster,hwilliams
5015,Male,1,Anthony Kelly,courtney99
5016,Female,2,Angie Diaz,danieltorres
5017,Male,2,Jorge Burch,kathleenfletcher
5018,Male,1,Juan Newton,sharon63
5019,Female,1,Marie Simpson,mpotts
5020,Male,2,Elijah Smith,jacksonlisa
5021,Male,1,Donald Wells,rachellozano
5022,Female,2,Beth Anderson,salazaradrian
5023,Female,2,Andrea Young,jimmy72
5024,Male,1,Daniel Mendoza,jonesdevon
5025,Male,2,Terry Walsh,ocox
5026,Male,2,Robert Hill,matthew33
5027,Male,1,Sean Fernandez,porterkenneth
5028,Male,2,Brandon Fox,ksanchez
5029,Male,1,Dennis Hall,carolmarshall
5030,Male,2,Mr. Jon Frye,shelly33
5031,Male,1,Mark Fowler,perkinssusan
5032,Male,1,William Palmer,glane
5033,Male,1,Jeffrey White,ukeith
5034,Male,2,Manuel Brown,devonmorton
5035,Male,2,Adrian Jensen,rebecca74
5036,Male,1,Kyle Kelley,jonryan
5037,Male,2,Logan Conner,david93
5038,Male,1,Nathan Roth,kimelizabeth
5039,Male,1,Sean Hardy Jr.,jimenezrobert
5040,Female,2,Tammy Lara,dfuller
5041,Male,1,Travis Little PhD,michael10
5042,Female,2,Anne Craig,aimeewilliams
5043,Male,1,Roger Walls,joseph35
5044,Male,2,Eric Cline,arush
5045,Male,2,Kyle Howard,valvarez
5046,Male,1,Gregory Sharp,carolmarks
5047,Male,1,Brandon Patterson,nruiz
5048,Male,1,Alex Galvan,phillipslauren
5049,Female,1,Jessica Weaver,laurahammond
5050,Female,1,Jennifer Thomas,wendygill
5051,Male,1,Gabriel Lee,perkinspatrick
5052,Male,2,Kenneth Beasley,pramos
5053,Female,2,Melissa Nelson,jordanedward
5054,Female,2,Carolyn Woods,ntaylor
5055,Female,1,Susan Dominguez,michelehunter
5056,Female,1,Danielle Perez,hartshelly
5057,Male,1,Mark Miller,zmitchell
5058,Male,1,Steven Smith,matthew87
5059,Male,2,James Sanchez,amyrichardson
5060,Male,1,John Hamilton,michael73
5061,Male,1,Mr. Corey Haas,matthew40
5062,Male,1,Anthony Camacho,ronaldvalenzuela
5063,Female,1,Sarah Park,zachary79
5064,Male,2,Curtis Chan,william82
5065,Female,1,Andrea Cruz,vmitchell
5066,Male,1,Gregory Lee,kwilson
5067,Male,1,David Hamilton,travisruiz
5068,Male,1,William Lee,robert58
5069,Male,1,Robert Prince,matthew99
5070,Male,1,Paul Burton,holly92
5071,Male,1,Daniel Poole,kathleenwilliams
5072,Female,1,Cynthia Hill,fordjoseph
5073,Male,2,Peter Reyes,deannasnyder
5074,Female,1,Pamela Hart,dariuspeck
5075,Female,2,Cheryl Ryan,cooperlaura
5076,Male,2,Jason Bean,jamesteresa
5077,Female,2,Rebekah Salinas,carpentershawn
5078,Male,2,Donald Ellis,austincolleen
5079,Male,1,Robert Alvarez,sloanjon
5080,Male,1,Anthony Patterson,jeremysanders
5081,Male,2,Wayne Martinez,cynthiasmith
5082,Male,2,Richard Cook,mikemiller
5083,Female,1,Sara Salazar,howardkimberly
5084,Male,2,Mark Washington,iclark
5085,Female,1,Annette Riley,ycarlson
5086,Female,2,Jennifer Hawkins,smithlaura
5087,Female,2,Jessica Cooper,camachojoseph
5088,Female,2,Erica Hill,anthony69
5089,Male,2,Johnathan Wright,stephanie65
5090,Male,1,Tanner Gilmore,melissa98
5091,Male,2,Michael Mccann,harrisonmarcus
5092,Female,2,Becky Lee,vbowen
5093,Male,1,Matthew Middleton,oharris
5094,Male,2,Michael Estrada,codyhall
5095,Male,1,Angel King,davidhinton
5096,Male,1,Aaron Anderson,hunteranne
5097,Female,2,Lori Turner,sanchezmegan
5098,Female,2,Carrie Green,elliottashley
5099,Female,1,Leah Parker,hgraham
5100,Female,1,Shirley Martin,fturner
5101,Female,1,Erin Patel,edward45
5102,Female,1,Kelly Reed,jessicastevenson
5103,Male,1,Dr. Michael Love,tamara18
5104,Female,1,Nancy Leblanc,christina42
5105,Male,2,Dwayne Taylor,jacobscandice
5106,Female,1,Lori Hunt,anthony32
5107,Female,1,Elizabeth Jones,tterry
5108,Female,2,Beth Patterson,ileblanc
5109,Male,2,Trevor Larson,youngshannon
5110,Female,1,Amanda Sanchez,johnacosta
5111,Female,1,Donna Wagner,amandamendez
5112,Male,2,Shane Branch,jeremyharmon
5113,Female,1,Jessica Weaver,hughesdavid
5114,Male,1,Alejandro Arellano,jonesdenise
5115,Male,1,Christopher Mathis,april37
5116,Female,2,Jodi Huang,lhill
5117,Female,2,Emily Garza,hortonsean
5118,Male,1,Evan Greene,david30
5119,Female,2,Aimee Hansen,wrightcarlos
5120,Male,2,John Jenkins,johnsonchristopher
5121,Male,2,Jacob Shaw,stacy10
5122,Male,2,Richard Sanchez,smithmiranda
5123,Female,1,Kimberly Allen,xking
5124,Female,2,Jasmine Gutierrez,sotovicki
5125,Male,1,Michael Yoder,proth
5126,Male,2,Albert Joseph,fchung
5127,Female,2,Samantha Murphy,caldwellnancy
5128,Female,2,Jillian Stone,michelle12
5129,Male,1,Joshua Patel,rodriguezbrooke
5130,Male,2,James Thompson,masseyseth
5131,Female,2,Taylor Wong,michael80
5132,Female,1,Yolanda Sanders,david95
5133,Male,1,Johnny Johnson,cruzrebecca
5134,Male,1,Michael West,suzanneriggs
5135,Male,1,Michael Frazier,emily59
5136,Male,2,Kevin Dean,rodriguezcourtney
5137,Female,2,Christy Mcgee,brenda05
5138,Female,2,Jennifer Pruitt,dwalls
5139,Male,1,Theodore Russell,maureenbailey
5140,Male,2,Richard Pennington,parsonsnicholas
5141,Male,1,John Crawford,acarroll
5142,Female,1,Sandra Petersen,fwalker
5143,Female,2,Tina Bryant,higginsmichelle
5144,Male,1,David Chaney,reedmichael
5145,Male,2,Glen Castillo,lisa58
5146,Female,1,Angelica Gomez,sherrialexander
5147,Male,2,David Graham,james98
5148,Female,1,Kayla Thompson,lgonzalez
5149,Male,2,Don Lopez,kimberly25
5150,Female,1,Karen Thomas,eric46
5151,Female,1,Margaret Bell,gjones
5152,Male,1,Jeffery Webb,cherylcruz
5153,Male,1,Dakota Powell DVM,brian43
5154,Female,1,Carly Sosa,christina39
5155,Female,1,Bonnie Flores DDS,jdean
5156,Female,1,Kimberly Huerta,morganbush
5157,Male,2,Spencer Valdez,jessica77
5158,Male,2,Terrence Sherman,karen57
5159,Female,2,Wendy Hayes,parksjulie
5160,Female,2,Caitlin David,vhowell
5161,Male,2,Jason Hatfield,chadwillis
5162,Male,2,Mario Nelson,timothysmith
5163,Male,1,Larry Hayden,patrickvalerie
5164,Female,2,Cheryl Griffith,josephgonzalez
5165,Female,2,Mary Cook,lisa85
5166,Male,2,Michael Ward,ryan07
5167,Male,2,Bryan Brown,williamsjose
5168,Male,2,Mr. William Gilmore PhD,lwhite
5169,Female,1,Amber Padilla,zramirez
5170,Female,2,Gina Short,wrobinson
5171,Female,2,Courtney Cruz,jessica19
5172,Male,2,Shannon Johnston,patrickmorris
5173,Female,2,Alyssa Fields,ucook
5174,Female,1,Laura Howell,duncanbrandy
5175,Male,2,Joseph Wade,hfranklin
5176,Female,1,Brandy Hill,nwilliams
5177,Male,2,Mr. Alexander Duncan MD,christy05
5178,Male,1,Ronald Figueroa,rebeccamiles
5179,Male,1,Joshua Jackson,megan95
5180,Female,1,Lori Chaney,martinadam
5181,Male,2,Ethan Watson,tracy79
5182,Male,1,Jacob Dorsey,travis01
5183,Female,2,Michelle Alexander,doyledaniel
5184,Female,1,Elizabeth Hunter,abigailjones
5185,Male,2,Michael Lewis,stephanie73
5186,Male,2,Gary Rodriguez,vdavis
5187,Male,2,Edward Stephens,gmoreno
5188,Male,1,Nicholas Jackson,brandon62
5189,Female,1,Lisa Hood,halljenna
5190,Female,2,Brittany Freeman,lunadan
5191,Female,1,Ashlee Matthews,boltonpamela
5192,Male,2,Jeffrey West,jacob90
5193,Female,1,Megan Reyes,aedwards
5194,Male,2,Miguel Gray,slopez
5195,Male,2,John Spencer,patricianelson
5196,Female,2,Stephanie Zhang,shermandanielle
5197,Male,1,Joel Schmidt,smithbrittany
5198,Male,1,Zachary Ward,gabriellewright
5199,Female,2,Elizabeth Green,crystal12
5200,Male,1,Travis Higgins,pamela59
5201,Male,2,Michael Leach,christineconner
5202,Male,1,Paul Smith,crystalpittman
5203,Female,2,Bethany Gordon,wesleymclaughlin
5204,Male,2,Charles Douglas,justin09
5205,Male,1,Andrew Brooks,ureed
5206,Female,2,Crystal Smith,rodriguezshannon
5207,Male,1,Wayne Davis,ibarry
5208,Male,1,Brian Scott,jacquelinecannon
5209,Female,2,Brianna Rivera,lisa30
5210,Female,2,Taylor Welch,vgood
5211,Male,1,Brad Ferrell,ryanangela
5212,Female,1,Kayla Barr,jonathancampbell
5213,Male,1,Martin Bradley,belldanielle
5214,Female,2,Christine Burton,zrichard
5215,Female,2,Ann Mcclure,mckaytroy
5216,Male,2,Terry Moore,sullivannicholas
5217,Male,2,Clinton Davenport,xolson
5218,Female,2,Miss Kimberly Cummings,april56
5219,Female,1,Kelsey Gordon,richard85
5220,Male,1,David Larsen,kimberlyochoa
5221,Male,2,Ernest Morris,mooreteresa
5222,Female,1,Diana Harper,colliererik
5223,Male,1,Stephen Ruiz,seth62
5224,Female,2,Lori Butler,logan44
5225,Male,1,Walter Kennedy,billrice
5226,Male,1,Wesley Scott,lauracarson
5227,Female,2,Patricia Crawford,smithmanuel
5228,Male,2,Jason Byrd,michael36
5229,Female,1,Tanya Reeves,wadedeanna
5230,Female,1,Judy Garcia,hernandeztroy
5231,Male,2,Jose Harris,tammy15
5232,Male,2,Brent Moore,gonzalezchristopher
5233,Female,2,Rose Sullivan,taylor02
5234,Male,2,Christopher Cannon,crawfordcatherine
5235,Male,2,Matthew Ray,karenmoore
5236,Female,2,Deborah Weaver,rvincent
5237,Female,1,Lauren Ray,candace47
5238,Female,2,Patricia Martinez,andradepeter
5239,Male,2,Shaun Lewis,iferguson
5240,Female,2,Crystal Jones,stephensanchez
5241,Male,1,Maurice Lane,wiselarry
5242,Male,2,Jay Smith,igrimes
5243,Female,2,Lauren Holmes,hillmaria
5244,Female,1,Sara Martinez,ldavis
5245,Female,2,Rebecca Hudson,christine50
5246,Female,2,Mary Moore,calderonkyle
5247,Female,1,Kelsey Lopez,mark44
5248,Male,2,Robert Mcdaniel,xdickerson
5249,Male,2,Cody Soto,fowlerstephanie
5250,Male,1,Jose Brooks,xedwards
5251,Male,2,Kevin Mccarthy,paige87
5252,Female,1,Mary Hawkins,edwardmartinez
5253,Male,1,Alan Blair,kellygraham
5254,Male,1,Reginald Gardner,lisagarcia
5255,Male,1,Richard Rodriguez,anne67
5256,Male,1,Russell Boyd,dsmall
5257,Female,2,Lynn Osborn,andrewalexander
5258,Female,2,Diana Olson,wwright
5259,Female,1,Stephanie Woodard,hmorgan
5260,Male,2,Joshua Davis,christophergutierrez
5261,Female,2,Tammy Sexton,mackenziehall
5262,Female,2,Amber Flores,leonconnie
5263,Female,1,Amanda Arnold,tkey
5264,Male,1,Jeffrey Jefferson,paige63
5265,Male,2,Joe Alexander,wendy94
5266,Female,1,Crystal Gonzalez,psmith
5267,Male,1,Mitchell Cantu,whitebrenda
5268,Male,1,Justin Lopez,charles39
5269,Male,2,Timothy Knight,vdavis
5270,Male,2,Nathan Ellis,shannonlee
5271,Female,2,Dawn Sutton,sarahburke
5272,Female,1,Frances Dean,whall
5273,Male,2,Donald Swanson,ahardy
5274,Male,1,Ryan Higgins,theresaharris
5275,Male,2,Jeffrey Hill,robertpayne
5276,Male,2,Michael Howard,theresawebb
5277,Male,1,David Newman,ashleywhite
5278,Female,1,Carolyn Bell,campossharon
5279,Male,1,Brandon Robinson,tyler21
5280,Male,1,Dean Chase,nicholas74
5281,Female,2,Sherry Gordon,garzanathan
5282,Male,2,Joseph Hodges,sheila53
5283,Female,2,Hannah Mckenzie,jerome82
5284,Male,2,Dylan Young,daltonmatthew
5285,Female,2,Susan Kim,megan15
5286,Female,2,Loretta Baker,hevans
5287,Female,2,Emily Johnston,yolandaevans
5288,Female,1,Michelle Bailey,nbraun
5289,Male,1,David Bowman,xjohnson
5290,Male,1,Kevin Erickson,mooneylaura
5291,Female,2,Tanya Vega,sandraguerra
5292,Female,1,Katie Jones,lucasjamie
5293,Female,2,Barbara Bailey,duartenicole
5294,Male,1,Jordan Morgan,christinebutler
5295,Male,1,Samuel Hernandez,elizabeth59
5296,Female,2,Amy Sheppard,thomasjacob
5297,Female,2,Heather Maldonado,glennmatthew
5298,Female,1,Danielle Griffin,brittanythomas
5299,Female,2,Sherry Fernandez,jennifergrant
5300,Male,1,Christopher Yates,hayley16
5301,Male,1,Matthew Carter,bromero
5302,Male,2,Edward Anderson,sherri28
5303,Male,2,Timothy Wallace,jennifer69
5304,Male,2,Edwin Thomas,danny39
5305,Female,1,Dawn Leon,nwatts
5306,Male,2,Daniel Mccoy,wellskeith
5307,Male,2,Dr. Mark Watts,anthonyware
5308,Male,1,Mr. John White,francisdebbie
5309,Female,2,Melissa Allen,sandraaustin
5310,Male,2,Gary Jackson,snydersonya
5311,Female,1,Taylor Sanchez,nharris
5312,Male,2,Christopher Mann,erica46
5313,Female,1,Lisa Wilson,leeapril
5314,Male,2,Wesley Jones,amanda15
5315,Female,1,Sheri Dominguez,sarahyang
5316,Male,1,Melvin Levy,courtneyskinner
5317,Male,1,Richard Walsh,joseph27
5318,Male,2,Dean Olson,walterbrewer
5319,Female,1,Lauren Price,jameshall
5320,Male,1,Chad Simmons,staceydavis
5321,Male,1,David Wallace,jodybrown
5322,Female,1,Teresa Walton,rpowers
5323,Male,1,Michael Marshall,walkermichael
5324,Female,1,Lauren Brown,geraldwalker
5325,Male,1,Zachary Reed,monicasingleton
5326,Female,2,Brandi Ruiz,ghernandez
5327,Male,2,Jeffrey Jennings,baldwinnicholas
5328,Male,2,Donald Webb,susan37
5329,Male,1,Thomas Ferrell,johnmyers
5330,Male,1,George Donovan,amanda53
5331,Male,2,Robert Hernandez,tylerjohnson
5332,Male,1,Richard Rodriguez,teresa83
5333,Female,1,Jennifer Anderson,muellerstephanie
5334,Female,2,Brooke Parks,qvillarreal
5335,Male,1,Luis Fowler,robinsonpaul
5336,Female,1,Kimberly Myers,taraspencer
5337,Male,2,Mark Velasquez,frivera
5338,Male,1,Scott Williams,hillrobert
5339,Male,2,Timothy Garcia,aprilpruitt
5340,Male,2,Danny Thompson,thompsondavid
5341,Female,2,Lisa Lewis,colemantanya
5342,Female,2,Dana Robbins,jonrivera
5343,Female,2,Renee Sellers,perrythomas
5344,Female,1,Alexandra Williams,andersonpamela
5345,Male,2,Michael Bishop Jr.,griffinjason
5346,Female,1,Shirley Dean,droberts
5347,Female,2,Judy Walter,andrew21
5348,Female,1,Jennifer Washington,angelamartinez
5349,Female,1,Elizabeth Joseph,mknight
5350,Male,1,Joshua Baker,kleinjane
5351,Male,2,Brian Lewis,nperez
5352,Male,1,Robert Nelson,waltersrachel
5353,Female,1,Joyce Tucker,steindiane
5354,Female,2,Ellen Sanford,michaelfloyd
5355,Female,1,Cheryl Blake,williamsmark
5356,Male,2,Justin Brewer,meganperry
5357,Male,1,Ryan Hudson,melody54
5358,Male,1,James Lopez,craig02
5359,Female,2,Hannah Berry,hmiller
5360,Female,2,Linda Holland,ucooper
5361,Female,2,Claire Hardy,goodmanwillie
5362,Male,1,Edward Baldwin,zgardner
5363,Male,2,Cristian Patton,hunternicole
5364,Male,1,Daniel Williams,daughertygregory
5365,Female,2,Katherine Obrien,benjaminpugh
5366,Female,1,Lisa Skinner,julie48
5367,Female,2,Kelsey Stone,xcallahan
5368,Male,2,Patrick Clark,hurstjudith
5369,Male,2,Theodore Adams,deanna60
5370,Female,1,Amanda Barnes,tiffany54
5371,Female,2,Samantha Collins,ryannichols
5372,Male,1,Charles Williamson,zshaw
5373,Male,2,Timothy Casey,hansonrussell
5374,Male,1,Andrew Rojas,jlewis
5375,Female,1,Lori Stewart,billy93
5376,Male,1,Eric Harrington,nsmith
5377,Female,2,Destiny Turner,griffinkathryn
5378,Male,1,Derek Koch,smithmichael
5379,Male,2,Gary Atkins,monicalogan
5380,Female,2,Jennifer Orozco,osmith
5381,Female,1,Amanda Chavez,kpotter
5382,Male,1,David Roth,sandraarmstrong
5383,Female,2,Terry Hamilton,carlhill
5384,Male,1,Anthony Turner,briantaylor
5385,Female,2,Janet Cruz,baileylindsey
5386,Male,1,Shawn Johnson,lawrence52
5387,Female,1,Alicia Owens,mwilson
5388,Male,1,Jason Mckinney,michaelthomas
5389,Male,2,Sean Diaz,jadefleming
5390,Female,1,Natalie Rivera,wgutierrez
5391,Female,2,Amanda Parker,michaellawson
5392,Male,1,Theodore Berry,glovermatthew
5393,Male,2,Mark Villegas,kingangie
5394,Male,2,William Ortega,cooktyler
5395,Female,2,Patricia Hall,owalsh
5396,Female,1,Dawn Ramsey,nathanhurley
5397,Female,2,Samantha Brown,stephanie81
5398,Male,1,Brian Thompson,clarkkristen
5399,Female,1,Jessica Payne,shaun63
5400,Female,1,Veronica Thompson,campbellpeter
5401,Female,1,Julie Evans,xcruz
5402,Male,1,Lance Reynolds DVM,zanderson
5403,Female,1,Elizabeth Pearson,awarren
5404,Male,2,Andre Aguilar,william16
5405,Male,1,James Herrera,rmoss
5406,Male,2,Terry Smith,mitchell95
5407,Female,1,Megan Weaver,hollyfrazier
5408,Female,1,Carla Clements,heather46
5409,Female,2,Judy Henson,henry75
5410,Male,1,Timothy Rios,xwoods
5411,Male,1,William White,brownlaura
5412,Female,2,Ashley Little,elizabeth93
5413,Female,1,Melissa Mcguire,nknox
5414,Female,2,Lindsay Martinez,tannerjennifer
5415,Female,1,Kathryn Riley,christophergarza
5416,Male,1,Christopher Acevedo Jr.,vlittle
5417,Female,2,Cynthia Watts,susan90
5418,Female,1,Kathleen Massey,tonicervantes
5419,Male,2,Eric Barr,suzannemorales
5420,Female,2,Ashley Mccall,kochkenneth
5421,Female,1,Alexandra Martin,fostersteven
5422,Female,2,Jennifer Russell,ywilson
5423,Male,2,Timothy Miller,kristiwillis
5424,Female,1,Maria Murphy,hickmanfrederick
5425,Male,2,Brian Ballard,guerreromario
5426,Male,2,Brandon Arroyo,stricklanddaniel
5427,Male,2,Daniel Willis,lisasoto
5428,Male,2,Benjamin Douglas,mariajohnson
5429,Male,1,Daniel Gibson,reginaldklein
5430,Female,2,Shannon Petersen,ggonzalez
5431,Male,2,Michael Miller,osbornebrandon
5432,Female,2,Stacy Melendez,kaneandrew
5433,Female,2,Sarah Reed,jerry29
5434,Female,2,Lisa Morgan,vballard
5435,Female,1,Katie Keller,james63
5436,Female,1,Elizabeth Shaffer,mrivera
5437,Male,2,Stephen Kelley,morrisonariel
5438,Male,1,Kevin Harris,kristin76
5439,Female,1,Dana Spencer,christinajones
5440,Male,1,Mark Fisher,matthewanderson
5441,Female,1,Angela Becker,braunjohn
5442,Male,1,Joshua Chambers,andrew35
5443,Male,1,Christopher Joseph,juliewillis
5444,Female,2,Patricia Sanchez,juliawright
5445,Male,1,Kevin Hurst,david53
5446,Male,2,Larry Harris,roberta76
5447,Male,2,Frederick Cook,carol64
5448,Male,1,Kevin Barr,vmyers
5449,Male,1,Julian Barnes,johnsoncharles
5450,Male,1,Christopher Gray,lcrawford
5451,Male,2,Mathew Jones,owright
5452,Female,2,Melissa Ruiz,kvance
5453,Female,2,Brandi Rios,michael26
5454,Male,2,Eric Clark,christina20
5455,Male,1,Luis Simon,jacobsjared
5456,Female,1,Tracy Ryan,courtney07
5457,Female,1,Brandi Becker,jennifer10
5458,Male,2,Andres Williams,desiree64
5459,Female,2,Katie Ramirez,wrighthannah
5460,Female,1,Pamela Lambert,anna47
5461,Female,1,Brittany Perkins MD,smithwilliam
5462,Male,2,Corey Wilcox,jeffrey85
5463,Male,1,Edward Bolton,joann62
5464,Male,1,David Dalton,burtonchristopher
5465,Female,2,Holly Bennett,tammy32
5466,Female,1,Deborah Porter,jessica65
5467,Male,1,John Kelly,probertson
5468,Female,2,Rachel Farmer,christinesampson
5469,Female,1,Brittany Chambers,nicholascollins
5470,Male,1,Zachary Soto,robertbauer
5471,Female,2,Carolyn Oconnell,cmcdaniel
5472,Female,2,Monica Anderson,jensenashley
5473,Female,2,Stephanie Mcclure,cgonzalez
5474,Male,2,Sean Wilson,josephmendoza
5475,Male,2,William Potts,michaelsmith
5476,Male,1,Eduardo Taylor,fmartin
5477,Male,1,Matthew Mayer,clarkeheather
5478,Male,1,Thomas Bryan,willisterri
5479,Female,2,Michelle Erickson,kimreed
5480,Male,1,Jacob Burgess,lauren53
5481,Male,2,Chad Jones,galvanmary
5482,Male,2,Kenneth Elliott,davismichelle
5483,Male,1,Ricardo Garcia,howardwillie
5484,Male,2,John Cooper,cjohnson
5485,Female,2,Heather Scott,huffadam
5486,Male,2,Nicholas Cohen,judith42
5487,Female,2,Amanda Pham,dgray
5488,Female,1,Ashley Johnson,lunazachary
5489,Female,1,Holly Johnson,fosterterri
5490,Male,1,Eric Allen,seanpena
5491,Female,1,Miss Colleen Baker DDS,sharon90
5492,Male,2,Kristopher Daniel,davisjacqueline
5493,Female,1,Tabitha Mcdonald,david93
5494,Male,2,David Collier,nvalentine
5495,Male,1,Troy Martinez,kyle63
5496,Male,1,James Dalton,danielbaker
5497,Female,2,Lisa White,melissaschaefer
5498,Female,1,Jessica Flores,angiehayes
5499,Female,2,Dr. Michelle Schroeder,joshuareyes
5500,Male,1,Justin Floyd,bakerelizabeth
5501,Male,1,Donald Mejia,krista86
5502,Female,1,Phyllis Burgess,sjennings
5503,Female,2,Nicole Patrick,thomaswashington
5504,Male,1,John Wilson,martinezcody
5505,Male,1,Larry Orozco,sarah77
5506,Male,1,Brett Schroeder,jefferygreen
5507,Male,2,Ruben Vargas,veronicasmith
5508,Female,2,Kathryn Orozco,hhernandez
5509,Female,1,Allison Ellis,wayne41
5510,Male,1,Jeremy Woods,jonathan71
5511,Female,2,Monica Shaw,derek30
5512,Female,2,Victoria Nunez,diane30
5513,Female,2,Anna Andrews,stephenfoley
5514,Male,1,Brad Jimenez,ashley31
5515,Female,2,Emily Moore,steven20
5516,Male,1,Kurt Schwartz,lindsay24
5517,Female,2,Linda Anderson,dgarza
5518,Female,1,Elizabeth Welch,anthonysosa
5519,Male,1,Robert Mathis,kruegerdaniel
5520,Female,2,Katrina Leonard,wilsonrobert
5521,Male,2,Brandon Smith,simmonsamy
5522,Female,2,Ashley Anderson,hernandezterri
5523,Female,1,Patricia Rodriguez,ocamacho
5524,Male,2,Martin Odom,kingjennifer
5525,Male,1,Jacob Parks,tony76
5526,Female,1,Briana Thompson,catherinecalderon
5527,Female,2,Emily Wilson,qthornton
5528,Male,1,Brandon Garrett,lmiles
5529,Female,2,Lisa Alvarado,samuelbennett
5530,Female,1,Teresa Lee,gonzalezbrenda
5531,Male,1,Robert Lee,nicholas97
5532,Female,1,Miss Stacey Blackburn,rhoffman
5533,Female,1,Lauren Schmidt,geoffreysmith
5534,Male,2,James Alvarez,jenniferschmitt
5535,Female,1,Mackenzie Krueger MD,tracey12
5536,Female,1,Victoria Baker,lindseykevin
5537,Male,2,Jon Jacobs,heather30
5538,Male,2,Mark Barnes,kellymary
5539,Male,2,Robert Johnson,brownamber
5540,Male,1,Kevin Branch,rogersjulian
5541,Male,1,Alexander Alvarez,mknox
5542,Male,2,Isaiah Case,wcruz
5543,Male,1,Joseph Young,tony46
5544,Female,2,Amy Brown,andrew90
5545,Male,1,Robert Lewis,wilsonjill
5546,Male,2,Kyle Sanchez,annjones
5547,Female,2,Jamie Moore,david66
5548,Female,1,Morgan Gamble,andrewfields
5549,Male,1,Jason Johns,robertsonjacob
5550,Male,1,James Wilson,scott94
5551,Female,2,Kimberly Gill,colecaitlyn
5552,Female,1,Elaine Wade,ochandler
5553,Male,1,Jay Perkins,david12
5554,Female,2,Stephanie Rodriguez,phillipsanchez
5555,Female,1,Lauren Johnson,mwilliams
5556,Female,1,Melinda Obrien,anacohen
5557,Male,1,Keith Harper,danalamb
5558,Female,1,Joan Kennedy,maria84
5559,Female,1,Tina Green,harrisjessica
5560,Male,2,Devin Brown,eric45
5561,Female,2,Nicole Clark,williamssamantha
5562,Female,1,Ashley Lewis,gperez
5563,Male,2,Raymond Swanson,jasonbaker
5564,Male,2,Edward Thornton,pereztammy
5565,Male,2,Jonathon Tucker,sharon21
5566,Female,1,Stephanie Taylor,aberry
5567,Male,2,Eric Stevens,gmoore
5568,Male,1,Cameron Reed,glassedwin
5569,Male,2,Tyler Lambert,cassidyturner
5570,Male,2,Robert Randall,cohenomar
5571,Female,1,Dr. Kristi Bright,fletcherjason
5572,Female,2,Melanie Nguyen,smccarthy
5573,Female,2,Melissa Taylor,joseph15
5574,Male,2,Martin Smith,cynthiaflynn
5575,Male,2,Damon Rangel,gonzalezmaureen
5576,Female,1,Diana Johnson,troymartin
5577,Male,2,Mark Fry,rowelucas
5578,Female,1,Michelle Ramirez,traviswatson
5579,Male,1,William Walter,snowamy
5580,Female,1,Samantha Porter,shellyhawkins
5581,Female,1,Crystal Miller,myerslance
5582,Male,1,Shawn Ortiz,omyers
5583,Female,1,Candace Mejia,dknight
5584,Male,2,Michael Powell,qhale
5585,Male,2,David Parsons,joan14
5586,Male,2,Michael Stephens,qgonzalez
5587,Female,2,Rachel Contreras,owhite
5588,Female,2,Angela Riley,pschmidt
5589,Female,1,Natasha Schneider,sierra42
5590,Male,2,Brandon Lewis,mendozastephanie
5591,Male,2,Brent Nielsen,christophergilbert
5592,Female,2,Chelsea Martin,leelaurie
5593,Male,1,Daniel Hall,ohicks
5594,Female,2,Katherine Melton,mooremarc
5595,Male,2,Christian Roach MD,robertdavis
5596,Female,1,Cassandra Roberts,john19
5597,Male,2,John Tran,aortiz
5598,Female,2,Kristin Rodriguez,shelbygarcia
5599,Male,2,Timothy Davis,cynthia92
5600,Female,2,Kayla Holloway,kennethjackson
5601,Male,1,Ryan Flores,john73
5602,Female,2,Robin Jones,bellrandy
5603,Male,1,Daniel Holmes,garzajohn
5604,Female,1,Elizabeth Barry,dylan05
5605,Male,1,John Norris,ffields
5606,Female,1,Amanda Reed,rwilliams
5607,Female,2,Lindsey King,wrightdwayne
5608,Female,1,Abigail Ewing,irocha
5609,Male,1,John Wilson,joshua13
5610,Male,1,Daniel Morris,masonsamantha
5611,Male,1,Juan Chavez,brittanycook
5612,Female,1,Claire Mcguire,michellealvarez
5613,Female,2,Charlene Mccarthy,dsmith
5614,Male,1,Gabriel Hendrix,ptucker
5615,Male,1,Andrew Hunter,cramirez
5616,Female,1,Alyssa Ho,jenniferwolf
5617,Male,2,Anthony Rivera,morrisstephen
5618,Male,1,Joseph Cox DVM,marksbrittney
5619,Male,2,Joshua Young,samanthacarey
5620,Female,2,Jessica Thomas,jimenezallison
5621,Female,1,Anna Gilbert,iharris
5622,Male,2,Henry Petty,osbornebarbara
5623,Female,2,Lisa Pierce,dixonjames
5624,Male,1,Joseph Richards,tarajohnson
5625,Female,1,Sydney Cuevas,santiagogeorge
5626,Female,2,Amy Johnson,bakerrebecca
5627,Female,1,Cynthia Owens,jayleblanc
5628,Male,2,Hunter Short,cynthiamartinez
5629,Male,2,Charles Koch,josephrhonda
5630,Male,1,Gerald Owens,christopher09
5631,Female,2,Melissa Smith,jacob90
5632,Male,1,Luis Williams,smithjennifer
5633,Female,1,Tammy Lopez,christopher89
5634,Female,2,Caitlyn Rogers,xchurch
5635,Male,2,Michael Cameron,kristencampbell
5636,Female,1,Kimberly Clarke,rodriguezdouglas
5637,Male,2,Ryan Bennett,amandamontgomery
5638,Male,1,Jared Johnson,yschultz
5639,Female,2,Jennifer Murillo,leahwheeler
5640,Female,2,Kelli Henry,gloriaavila
5641,Female,2,Brianna Chavez,rthompson
5642,Male,2,Ryan Martinez,allengabrielle
5643,Female,1,Erika Smith,richardsmisty
5644,Male,2,Jason Cross,noahcobb
5645,Female,2,Amanda Burton,jeffery21
5646,Female,2,Jacqueline Lee,johnsonsharon
5647,Female,2,Theresa Miller,careyrenee
5648,Female,2,Karen Robinson,emilygibbs
5649,Female,1,Morgan Armstrong,ericjones
5650,Female,1,Amy Kline,uriddle
5651,Female,1,Megan Morales,yboyd
5652,Male,2,Derek Long,sdunn
5653,Male,2,Joshua Ryan,xjackson
5654,Male,2,Spencer White,joyce04
5655,Male,1,Thomas Sims,wilsonmelinda
5656,Female,1,Tanya Carson,baileykaren
5657,Female,2,Sandy Le,dcannon
5658,Male,2,David Owens,carlos92
5659,Female,2,Gloria Chambers,amy49
5660,Female,1,Janet Peterson,heatheradams
5661,Female,2,Kim Clark,tyler63
5662,Male,2,Andrew Watkins,jessica69
5663,Male,2,Jesus Santos,bakersamuel
5664,Female,2,Rachel Anderson,danielsshane
5665,Female,1,Jessica Mitchell,gregory49
5666,Female,1,Julia Farmer,suttonsharon
5667,Male,1,Wesley Perkins,singhmary
5668,Female,2,Sheena Smith,dwayne28
5669,Male,2,Jeffrey Rogers,johnstonanthony
5670,Female,1,Kayla Bradshaw,michaelsmith
5671,Male,1,Kenneth Cooper,aaron32
5672,Male,2,Michael Smith,owashington
5673,Female,1,Jasmine Moran,hbenson
5674,Female,1,Deborah Moore,russellnewman
5675,Female,1,Shannon Robbins,james87
5676,Female,2,Christine Shelton,jamieryan
5677,Male,1,Michael Hopkins,maynardshelia
5678,Male,2,Gregory Adams DDS,victorcummings
5679,Male,2,Christian Watson,tammymorris
5680,Male,2,Gary Smith,contrerastracey
5681,Female,2,April Walter,ricedaisy
5682,Female,1,Christina Flowers,joelglass
5683,Male,2,Michael Williams,bpena
5684,Female,1,Diamond Thompson,cassandrasandoval
5685,Male,1,David Morris,chelseavazquez
5686,Male,1,John Gould,ymccann
5687,Male,2,James Chambers,arice
5688,Male,2,Matthew Rodriguez,ucooper
5689,Female,1,Mary Adams,barbara45
5690,Female,2,Judy Thomas,amorris
5691,Male,2,Sean Herman,tiffanymiller
5692,Female,1,Anna Mckenzie,ldennis
5693,Male,1,Ronald Perez,colemanwilliam
5694,Female,2,Sheila Trevino,zmora
5695,Male,1,Jeffrey Holmes,bhunt
5696,Male,1,James Chavez,qheath
5697,Male,1,Aaron Burton,ethan02
5698,Female,2,Nancy Rangel,dalebaker
5699,Female,1,Katherine Martinez,michaelchristian
5700,Female,2,Kelly Davis,zacharyconrad
5701,Female,1,Jennifer Berry,kendra36
5702,Female,2,Jennifer Jackson,sanchezlisa
5703,Male,1,Andrew Gonzalez,annagrant
5704,Male,2,Richard Turner Jr.,jaygross
5705,Male,1,Gerald Valencia,julie49
5706,Female,2,Katie Harris,andrea94
5707,Female,2,Felicia Martin,pierceallen
5708,Male,2,James Gutierrez,vrowe
5709,Female,2,Christina Young,justin39
5710,Female,2,Pamela Lee DVM,jason04
5711,Female,2,Taylor Kennedy,todd46
5712,Female,2,Monica Rivera,ochen
5713,Female,2,Helen Hart,keysamuel
5714,Female,2,Stacey Allen MD,robert19
5715,Female,2,Pamela Williams,smithscott
5716,Female,1,Michele Richardson DVM,holmesalfred
5717,Female,1,Holly Henson,malikrose
5718,Female,1,Nancy Francis,ihorton
5719,Male,2,Michael Young,millershannon
5720,Male,1,Elijah Dunlap,mmcintyre
5721,Female,1,Jennifer Gonzales,louis22
5722,Female,2,Misty Pineda,cynthiawinters
5723,Male,2,Jeremy Reynolds,courtneyshah
5724,Male,1,Charles Atkinson,laurasawyer
5725,Female,1,Debbie Miller,smithjerry
5726,Female,1,Donna Ryan,joseph15
5727,Female,2,Carla Carter,hayesbradley
5728,Male,2,David Murray,toddbell
5729,Female,2,Sarah Gates,mathewstodd
5730,Male,2,John Rose,afranklin
5731,Female,1,Shannon Leonard,mdavis
5732,Female,1,Kimberly Munoz,williamsrobert
5733,Female,2,Ashley Farley,peter03
5734,Male,1,Walter Oconnor,michaelsmith
5735,Male,2,Shawn Booth,carlos00
5736,Male,2,Brian Farmer DDS,waltondavid
5737,Male,1,Gary Smith,jesus26
5738,Female,2,Jennifer Massey,carriekent
5739,Female,1,Lori Gonzalez,amy46
5740,Female,2,Julia White,morganpeterson
5741,Male,2,Mark Chandler,qsweeney
5742,Male,1,Michael Ray,tracy88
5743,Female,2,Maria Watson,ryanedwards
5744,Male,2,Shawn Williams,amy32
5745,Male,1,Aaron Wilson,spencerrobert
5746,Male,2,Kevin Arnold,haletammy
5747,Female,1,Lori Fisher,zhangjessica
5748,Male,2,David Wallace,pmartin
5749,Female,2,Rebecca Parker,gardneramanda
5750,Male,1,Thomas Blackwell,wsanchez
5751,Female,2,Jessica Williams,harrisjimmy
5752,Male,1,Lance Goodwin,rachel82
5753,Male,2,Mark Peterson,lorrainecameron
5754,Male,2,Danny Pena,kyle61
5755,Female,1,Alexis Sweeney,zclark
5756,Female,2,Angela Lang,patricia56
5757,Female,1,Emily Jackson,andrewclements
5758,Male,1,Richard Coffey,wongbrian
5759,Female,2,Robin Sanchez,sandracurry
5760,Male,1,Jason Hernandez,williamsnina
5761,Male,1,Theodore Sherman,rebeccakane
5762,Male,2,Brendan Nixon,veronica48
5763,Female,1,Sarah Wright,melissatate
5764,Male,1,Kevin Oneal,wheelerthomas
5765,Male,2,Tommy Moses,judymiller
5766,Male,1,Christopher Baxter,danielle34
5767,Female,2,Allison Horne,sandrasharp
5768,Male,2,Chase Diaz,ddavis
5769,Female,2,Kelly Cuevas,anthonyphillips
5770,Female,2,Catherine Kennedy,donald75
5771,Male,2,Jonathan Grant,jeff40
5772,Male,1,Andrew King,josephhuffman
5773,Female,1,Laura Richmond,melissaroberts
5774,Female,1,Jennifer Dixon,lynn01
5775,Female,1,Teresa Kirby,shernandez
5776,Male,2,Guy Richard,erinpearson
5777,Male,2,Brent Sanchez,cynthiacastillo
5778,Female,2,Kristen Stevenson,agonzalez
5779,Male,2,Daniel Williams,christophersanchez
5780,Female,2,Alyssa Holmes,kennethwilkins
5781,Female,1,Rebecca Gonzalez,crossthomas
5782,Male,2,Kevin Matthews,riversmackenzie
5783,Male,1,Brian Flores,suarezjohn
5784,Male,2,Scott Clay,xlewis
5785,Male,2,Dr. Shawn Castillo,douglas74
5786,Female,2,Megan Warner,russelllaura
5787,Male,2,Roy Freeman,andersonelizabeth
5788,Male,1,Richard Martin,joy37
5789,Male,2,Joshua Torres,jeremy34
5790,Female,2,Christina Santos,edwardsnicholas
5791,Male,1,Erik Roberts,wpatterson
5792,Male,2,Jason Tucker,dcooper
5793,Female,2,Jessica Hernandez,rachaelwilson
5794,Male,2,Aaron Martin,barnettmary
5795,Male,2,Randall White,mkennedy
5796,Male,2,Thomas Anderson,denise12
5797,Female,2,Haley Tate,erika55
5798,Male,1,James Daniels,mayjames
5799,Female,1,Melissa Flynn,zmiller
5800,Female,1,Nicole Haley,markbyrd
5801,Male,1,Joseph Smith,lindsey36
5802,Female,2,Lisa Bell,kim73
5803,Female,2,Michelle Phillips,smallcrystal
5804,Female,2,Julie Mueller,cherylbishop
5805,Female,2,Catherine Oneill,adamjones
5806,Female,1,Sonya Fox,david58
5807,Male,2,Matthew Parker,jessica88
5808,Male,2,Tony Stein,qlopez
5809,Female,2,Michele Espinoza,rsnow
5810,Male,2,Jesse Arroyo,xflores
5811,Male,1,Michael Duke,stephanierussell
5812,Male,1,Marvin Harding,pfoster
5813,Male,1,Antonio Knox,crystaljohnson
5814,Male,1,Brad Jones,qlambert
5815,Female,1,Deborah Anderson,hwilliams
5816,Female,2,Kimberly Krause,hernandezkevin
5817,Female,2,Alexis Kelly,jefferysanchez
5818,Female,1,Aimee Schmidt,cisnerosjoseph
5819,Male,1,Henry Colon,gillespieeric
5820,Female,1,Heather Carroll,daniellehill
5821,Female,2,Leah Hamilton,davidolson
5822,Female,2,Jackie Gonzalez,dean49
5823,Female,1,Sharon Peters,nathan89
5824,Male,2,Matthew Newman,aalexander
5825,Female,2,Patricia Lawson,rchavez
5826,Female,2,Veronica Acosta,dmacdonald
5827,Female,1,Lisa Norman,daniel47
5828,Female,1,Tamara Lopez,alejandrodavies
5829,Female,2,Maria Wright,annettelucas
5830,Male,1,Steven Parker,wilsontimothy
5831,Male,2,Joe Hampton,daltonmorgan
5832,Female,1,Leslie Reed,garciajessica
5833,Male,1,Jason Johnson,annadavis
5834,Female,2,Sydney Tyler,esellers
5835,Female,2,Carrie Martin,bowensara
5836,Male,1,Steve Barry,scottguzman
5837,Female,1,Tanya Vazquez,jenniferwilliams
5838,Male,2,Robert Smith,marc03
5839,Female,2,Amanda Jones,scott88
5840,Female,2,Amber Parker,davidandrews
5841,Male,1,Joseph Fischer,shawn50
5842,Female,2,Shannon Hill,brooksbrenda
5843,Male,2,Brian Watts,lisa03
5844,Male,1,Anthony Garcia,kimberlygaines
5845,Male,2,Anthony Flowers,xavier04
5846,Female,2,Lisa Martin,stephensruth
5847,Male,1,Steven Hall,valeriepoole
5848,Female,1,Julia Marshall,nkim
5849,Female,1,Amy Wolf,cruzmatthew
5850,Male,1,Mathew Anthony,fnewman
5851,Female,2,Taylor Rodriguez,philliphawkins
5852,Male,1,Jeffrey Collins,christywilliams
5853,Female,2,Kathleen Miller,rothjustin
5854,Female,2,Sara Harrison,denisewhite
5855,Female,1,Brooke Dean,bradleyallen
5856,Female,2,Krista Lucas,bjohnson
5857,Male,1,Christopher Harrison,tuckerryan
5858,Male,2,John Davis,laurensilva
5859,Male,1,Michael Green,tanner37
5860,Male,1,Paul Evans,xhernandez
5861,Female,1,Chelsea Lin,ryankey
5862,Male,2,Brian Herrera,nguyendaniel
5863,Female,2,Mary Haynes,martinkayla
5864,Male,1,Roberto Logan,natashacline
5865,Male,2,William Hayes,anthony50
5866,Female,2,Michele Hester,baldwinjimmy
5867,Female,1,Lori Wells,lisareed
5868,Female,2,Dawn Barr,ytaylor
5869,Female,1,Christina Gutierrez,thomas09
5870,Female,2,Jodi Ortiz,rogersfred
5871,Male,1,Darryl Sims,sandovalronald
5872,Male,2,Matthew Williams,davidhernandez
5873,Female,2,Alexis Patton,matthew79
5874,Female,1,Kimberly Castillo,jamie39
5875,Male,1,Nicholas Keller,uwong
5876,Female,2,Wendy Boyle,brianpayne
5877,Male,2,Anthony Taylor,misty86
5878,Male,1,Joseph Morrison,rickey35
5879,Female,2,Tammy Russell,mingram
5880,Female,1,Monica Williams,huffmanmary
5881,Male,1,Terry Dickson,josewright
5882,Female,1,Kimberly Ward,andrew42
5883,Female,1,Ashley Ray,andrewfrank
5884,Male,2,Nathan Johnson,robinsonfaith
5885,Male,2,Justin Sandoval,julia99
5886,Male,2,Benjamin George,houstonchristine
5887,Female,1,Amy Barker,jason30
5888,Female,1,Jamie Valdez,dawn41
5889,Male,2,Philip Walters,sbradley
5890,Male,2,Charles James,mackenzie36
5891,Male,1,Jimmy Reeves,claytongonzalez
5892,Male,1,Henry Crawford,gregorytaylor
5893,Male,1,Kyle Dixon,vgonzalez
5894,Male,2,Craig Goodwin,parkererica
5895,Male,2,Robert Young,isaac60
5896,Male,2,Christopher Hebert,moralessharon
5897,Female,1,April Herrera,orozcobrian
5898,Female,1,Elizabeth Ross,lowechristopher
5899,Male,2,David Hernandez,floresgeorge
5900,Female,2,Hannah Moreno,christina07
5901,Female,2,Joan Atkinson,dfischer
5902,Male,2,Jeremiah Adams,michaelskinner
5903,Female,1,Amanda Durham,thomasbrandon
5904,Female,1,Laura Johnson,kellywilliams
5905,Female,1,Kayla Romero,estesdiamond
5906,Male,2,Jason Henderson,alvarezchristy
5907,Female,2,Christina Smith,eholmes
5908,Female,2,Tiffany Drake,david61
5909,Female,1,Amy Thomas,mbryant
5910,Male,1,Steve Yang,ylong
5911,Male,2,Kyle Johnson,srivera
5912,Female,2,Stephanie Gomez,xgrimes
5913,Female,2,Amy Kelly,karengreen
5914,Female,2,Joanna Perez,tara70
5915,Male,2,Christopher Barrett,jonathanlewis
5916,Male,1,Adam Ayala,yespinoza
5917,Male,2,Adam Morgan,jeffrey19
5918,Female,1,Gail Bell,susan39
5919,Male,2,Brendan Hogan,brettwoodard
5920,Female,1,Michelle Richardson,nandrews
5921,Female,2,Mary Stevens,johnwilson
5922,Female,2,Melissa Hudson,akelley
5923,Male,2,David Howard,harias
5924,Male,1,Anthony Cox,brettwatson
5925,Female,2,Sarah Wallace,acoffey
5926,Male,2,Adam Vega,evelyn67
5927,Female,1,Ashley Gonzales,crussell
5928,Male,1,James Harvey,gparker
5929,Female,1,Tracy Frazier,jameshicks
5930,Female,1,Katherine West,foxdamon
5931,Male,2,Kyle Hunter,fwilliams
5932,Female,1,Erica Tate,stevenking
5933,Female,2,Nicole Le,brianna81
5934,Male,2,Matthew Robinson,garzadavid
5935,Male,2,Aaron Fields,ljohnson
5936,Male,2,Gregory Brown,christopher71
5937,Male,2,Jeremy Blankenship,elizabethgarcia
5938,Male,2,Corey Park,haydenandrea
5939,Male,1,Eric Sanchez,kimlouis
5940,Female,1,Lynn West MD,kcooper
5941,Female,1,Wendy Perry,clarksamantha
5942,Male,1,Anthony Knight,sbrown
5943,Male,2,Paul Jacobs,stephenguerrero
5944,Female,2,Gail Peters,wilsonmary
5945,Female,1,Barbara Pierce,rogerssteven
5946,Female,2,Meagan Leonard,cruzshawn
5947,Male,2,Kyle Rose,lnash
5948,Female,1,Ana Johnson,rbailey
5949,Male,1,Austin Hall Jr.,todd76
5950,Male,2,Daniel Levy,tuckerchristine
5951,Male,2,Timothy Charles,ksmith
5952,Female,2,Cassidy Johnson,gilesjames
5953,Female,2,Pamela Boyd,qreyes
5954,Female,1,Jennifer Gibson,maryjones
5955,Male,2,Cole Walker,vaughnyesenia
5956,Female,1,Stephanie Osborn DDS,ubennett
5957,Female,2,Rachel Contreras,andrew93
5958,Female,1,Molly Banks,gregoryramirez
5959,Male,1,Michael King,jessica09
5960,Female,1,Lori Watson,amy50
5961,Female,1,Allison Leonard,courtneylong
5962,Female,1,Alisha Jones,zsnyder
5963,Female,1,Jennifer Newton,kanenatalie
5964,Male,2,Roberto Day,scottjohn
5965,Female,1,Amy Boyd,jeffreyserrano
5966,Male,2,Steven Williams,burnsamanda
5967,Male,1,Derrick Scott,michaelrobinson
5968,Female,1,Tammy Baker,johnstone
5969,Male,1,Derrick Esparza,amandasanchez
5970,Male,1,Joseph Thomas,allen67
5971,Male,2,Danny Casey,douglasgarcia
5972,Female,1,Megan Jones,brianfrancis
5973,Male,2,Timothy Bell,michellebailey
5974,Female,2,Sierra Molina,santostiffany
5975,Male,2,Russell Stevens,kmitchell
5976,Female,1,Grace Smith,chapmanthomas
5977,Female,1,Brianna Nelson,amydavis
5978,Male,1,Jason Graves,tlevy
5979,Male,2,Christopher Griffin,vellis
5980,Female,2,Shannon Nelson,lboone
5981,Male,2,Garrett Morrow,shermanmatthew
5982,Female,2,Karen Galloway,zwhitaker
5983,Male,2,Alan Kelly,estradanicholas
5984,Female,2,Victoria Zuniga,ryan89
5985,Male,2,John Thomas,diazrobyn
5986,Male,1,Eric Ray,joshua02
5987,Female,2,Susan Riley,alvareztara
5988,Male,1,Adam Brown,hwilliams
5989,Male,2,Adrian Santos,aguirrelisa
5990,Male,2,Jeffrey Carter,vangamanda
5991,Female,2,Haley Gonzales,melissa55
5992,Male,1,Steven Johnson,adamsdebra
5993,Female,1,Cassandra Young,gambleryan
5994,Male,2,Kyle Parks,bethany73
5995,Male,2,Gerald Harris,jeremycastillo
5996,Male,2,David Villarreal DDS,qgarcia
5997,Male,1,Nathan Lang,diana82
5998,Male,1,Anthony Clark,carolsexton
5999,Male,2,Todd Cochran,qrobinson
6000,Male,1,Daniel Harrell,penny85
6001,Male,1,Tyler Becker,mariaedwards
6002,Male,2,Arthur Simmons,cgarcia
6003,Female,2,Lorraine Gonzales,arnoldamy
6004,Male,2,Jordan Cooper,khanadam
6005,Male,2,John Mckay,rhawkins
6006,Male,2,Joseph Ellis,david07
6007,Female,2,Rachel Anderson,williamssue
6008,Female,1,Rachel Peterson,twalls
6009,Female,2,Brittany Daniels,garciamary
6010,Male,2,Joseph Livingston,blacksusan
6011,Male,1,Matthew Banks,jdaniels
6012,Female,2,Ashley Watts,marcus46
6013,Female,2,Sarah Howard,riverajames
6014,Female,1,Sandra Kennedy,pray
6015,Female,1,Katherine Greene,ibrowning
6016,Female,1,Melissa Jones,bradychandler
6017,Male,2,Nicholas Mills,fosterjesse
6018,Male,1,Thomas Burton,sanderschristina
6019,Male,2,Gary Wells,cherylwright
6020,Male,1,Jordan Hall,lanceadams
6021,Female,1,Ann Harris,martinnicholas
6022,Female,2,Kristina Arellano,stephanie36
6023,Female,2,Donna Cohen,brian98
6024,Female,1,Ashley Nelson,hjohnson
6025,Female,2,Katrina Henderson,mistyhunt
6026,Male,1,Timothy Chapman,cummingsrebecca
6027,Female,1,Jennifer Gonzalez,ywallace
6028,Female,1,Sharon Martin,kathleen92
6029,Female,1,Chelsea Rice,jesusmcclain
6030,Male,1,Robert Taylor,lmeadows
6031,Female,2,Jeanette Martin,jcurry
6032,Male,1,Jason Jacobs,berryalexis
6033,Male,1,Chad Kirby,dwilson
6034,Male,2,Matthew Odonnell,mhobbs
6035,Male,2,Luis Sosa,olivermaria
6036,Male,2,Matthew Gray,catherine77
6037,Female,1,Kathleen Price PhD,deannamendez
6038,Male,2,Kevin Savage,lewismatthew
6039,Male,2,Scott Conner,maxwell62
6040,Female,1,Cheryl Bauer,sharon51
6041,Female,1,Mrs. Jamie Holloway,sharris
6042,Female,1,Heidi Hodge,jackie48
6043,Female,1,Kimberly Russo,ericdavenport
6044,Male,1,David Johnson,frankbernard
6045,Male,1,Ryan Moore,jenniferramos
6046,Female,2,Monique Holland,harmstrong
6047,Male,2,John Larsen,johnsontaylor
6048,Male,2,Dr. John Ware,ytravis
6049,Female,1,Sherry Curtis,jeremy56
6050,Female,1,Amanda Dixon,robertwatkins
6051,Female,1,Mary Smith,lesliegray
6052,Female,1,Melissa Young,hingram
6053,Female,1,Pamela Greer,clinedakota
6054,Female,1,Amanda Moody,kara43
6055,Female,2,Audrey Kennedy,emily59
6056,Female,1,Nicole Russell,stanley01
6057,Male,2,Oscar Harris,hsuarez
6058,Male,1,Geoffrey Day,carrillokimberly
6059,Female,1,Hannah Boyd,rraymond
6060,Female,2,Nicole Rodriguez,rickyhansen
6061,Male,1,William Cooper,abigailfitzgerald
6062,Female,1,Nicole Gibbs,jacob48
6063,Female,2,Katherine Harris,john41
6064,Female,2,Anna Adams,david05
6065,Male,2,Christopher Crawford,destiny53
6066,Female,2,Dawn Campos,brandon93
6067,Male,1,Theodore Miller,nharris
6068,Female,2,Lisa Pearson,eallen
6069,Female,1,Holly Fernandez,laura24
6070,Female,1,Katherine Campos,ryanosborn
6071,Male,1,Paul Evans,msmith
6072,Male,2,Thomas Goodwin,colescott
6073,Male,1,James Roberson,colemanmark
6074,Male,1,Ray Avila,james87
6075,Female,2,Sandy Becker,allenalexa
6076,Male,1,Rick Harvey,alvarezeugene
6077,Female,2,Jessica Sanders,jason45
6078,Female,2,Lori Anderson,dennisbryant
6079,Male,1,Michael Duran,corey04
6080,Male,1,Aaron Barnes,clarkvalerie
6081,Male,1,Stephen Flynn,jnorton
6082,Male,1,Andre Wells,anthony66
6083,Female,2,Lauren Ramos,birdrobin
6084,Male,2,Mr. Travis Fleming,colemanjoshua
6085,Male,1,Clinton Conrad,hjackson
6086,Male,1,William Le,elizabeth02
6087,Female,2,Kelly Johnston,hperez
6088,Male,2,Tony Bailey,juarezmary
6089,Female,2,Alexandra Rodriguez,valerie69
6090,Female,1,Teresa Jones,ganderson
6091,Female,2,Alice Maynard,cameronallen
6092,Male,2,Isaiah Daniel,allenjulie
6093,Female,2,Kathleen Oliver,ramoscharles
6094,Female,1,Tammy Alexander,dpace
6095,Male,2,Glenn Shaffer,mcross
6096,Male,2,Steve Conway,goodmancharlene
6097,Male,2,Charles Brown,cameronlaura
6098,Female,1,Samantha Hill,smithtimothy
6099,Male,2,Brian Lewis,matthewvargas
6100,Female,1,Marisa Nguyen,rsolis
6101,Male,1,Brian Barton,rpatterson
6102,Female,1,Dawn Owens,sanchezbonnie
6103,Female,1,Michelle Smith MD,jasmine07
6104,Male,1,James Perez,sara36
6105,Male,1,Nicholas Maynard,jamespeters
6106,Male,1,John Brown,pjimenez
6107,Female,1,Samantha Jones,lsmith
6108,Female,1,Stephanie Davis,fhoffman
6109,Female,1,April Mack,gordonautumn
6110,Male,2,Casey Mcdonald,cheryl39
6111,Female,2,Laura Morris,michaelhughes
6112,Female,2,Brenda Webb,melanie57
6113,Male,1,Lee Lyons,zdodson
6114,Male,2,Christopher Atkins,esparzatheresa
6115,Male,1,James Garcia,jordanjames
6116,Female,2,Rebecca Rivera,fitzgeralddaniel
6117,Female,1,Jennifer Alvarado,harrisbeth
6118,Female,2,Amber Rodriguez,zacharybailey
6119,Male,2,Timothy Turner,castanedasarah
6120,Male,2,Jeffrey Michael,marksdominique
6121,Female,1,Samantha Williams,richardsonjessica
6122,Male,1,Bobby Robinson,deborahreyes
6123,Male,2,Christopher Barnes,donaldboyd
6124,Male,2,Ryan Lozano,marcrobinson
6125,Female,2,Tiffany Lin,williamstuart
6126,Male,2,Jeffrey Taylor,qclark
6127,Female,2,Katherine Baker,taramays
6128,Male,2,Keith Hernandez,nancyhodge
6129,Female,1,Anita Brown,jeffrey95
6130,Male,1,Justin Mcmillan,obailey
6131,Male,1,Andrew Bradley,jessica80
6132,Female,2,Heather Mcdonald,rking
6133,Female,2,Jennifer Hahn,yconner
6134,Male,2,George Cameron,howelltonya
6135,Female,1,Jennifer Smith,angelarobbins
6136,Male,2,Christopher Lowery,lisaortiz
6137,Female,2,Carol White,imoore
6138,Male,1,Dennis Carpenter,hdavis
6139,Female,2,Tamara Dennis,taylorbradley
6140,Male,1,William Torres,katherine28
6141,Male,2,Michael Gill,penamary
6142,Female,1,Jessica James,ballcindy
6143,Female,2,Robin Maxwell,ellen03
6144,Female,1,Mary Briggs,kevin86
6145,Male,1,Michael Salas,stephen27
6146,Female,2,Lisa Cummings,kbright
6147,Female,2,Jennifer Sutton,roblessamantha
6148,Male,2,Mark Parker,megan84
6149,Female,1,Cindy Harding,brandonallen
6150,Male,1,Aaron Wallace,ibradley
6151,Female,1,Cathy Rodriguez,laura87
6152,Female,2,Laura Murray,dallen
6153,Male,1,Barry Simon,barbara39
6154,Male,1,William Wilson,michellephillips
6155,Female,1,Christine Morales,leerobert
6156,Female,1,Laurie Jackson,myersdeborah
6157,Male,1,Paul Barber,tatemarcus
6158,Male,1,Sean Ferguson,gomezhailey
6159,Female,1,Alexis Webster,robincraig
6160,Female,1,Carolyn Whitehead,patrick50
6161,Female,2,Mary Baker,sgreene
6162,Male,1,Justin Harris,hollymcdaniel
6163,Male,2,Paul Sweeney,dcooke
6164,Male,1,Cody Ortiz,nicholedorsey
6165,Female,2,Alexis Lewis,cynthiajacobs
6166,Male,1,Anthony Lang,robert42
6167,Male,2,Gabriel Baker,kenneth67
6168,Female,1,Elizabeth Smith,tchavez
6169,Female,2,Denise Hunter,michaeljohnson
6170,Female,2,Summer Curry,escobarbrittany
6171,Female,2,Shelby James DDS,aguilarchristian
6172,Male,2,Joseph Davis,amandatran
6173,Male,2,Joseph Rollins,markanderson
6174,Female,2,Gina Lee,fergusonsarah
6175,Female,2,Rebecca Lee,patricia10
6176,Male,1,Casey Zamora,matthew23
6177,Male,2,Phillip Webster,johnlopez
6178,Male,2,Ryan Khan,joeboyd
6179,Female,2,Marissa Brown,htran
6180,Female,1,Melissa Rose,avilamichelle
6181,Female,2,Lisa Allen,msherman
6182,Male,1,Roy Bridges,katherine41
6183,Male,1,Frederick Gonzalez,lthornton
6184,Male,2,Christopher Russell,john27
6185,Male,1,Ian Chen,susan47
6186,Female,2,Kaitlyn Malone,carolcordova
6187,Female,1,Susan Best,jenniferdavis
6188,Male,2,Matthew Carroll,david40
6189,Male,1,Michael Nelson,bburke
6190,Female,2,Linda Charles,annknox
6191,Male,1,Douglas Johnson,nguyenamanda
6192,Male,2,Mr. Dennis Ortiz,otanner
6193,Male,1,Eric Barker,angela07
6194,Male,1,David Collins,tony07
6195,Male,1,Stephen Brown,castrojoshua
6196,Female,2,Tiffany Willis,dmorse
6197,Female,2,Christina Cantrell,nelsonmarissa
6198,Male,2,John Pena,brightalexa
6199,Male,2,Jacob Saunders,leslie32
6200,Female,1,Brenda Bennett,grace16
6201,Female,1,Crystal Powell,cory90
6202,Female,2,Nicole Mcfarland,dawnserrano
6203,Female,2,Theresa Harrison,cmorgan
6204,Male,1,Gabriel Murphy,atrujillo
6205,Female,1,Brittany Conner,sandy34
6206,Female,2,Julie Barker,cchavez
6207,Female,1,Tiffany Charles,richardsondonna
6208,Female,2,Kayla Moore,whitakersteven
6209,Male,1,Steven Phelps,cameron10
6210,Male,1,William Hernandez MD,kristenking
6211,Male,2,Anthony Martinez,taylormcdonald
6212,Male,1,Michael Galloway,vmassey
6213,Female,1,Michelle Graham,qcastillo
6214,Male,1,Matthew Duffy,james05
6215,Male,2,Edward Drake DVM,bryanreynolds
6216,Male,1,Jeffrey Dickerson,patrickgarrett
6217,Male,1,Anthony Blevins,grayjoshua
6218,Female,2,Christine Combs,campbellcarl
6219,Female,2,Jamie Jones,cookekenneth
6220,Male,1,Rick Ortiz,sandra39
6221,Female,2,Courtney Mccormick,scott12
6222,Male,1,Andrew Jimenez,holtmike
6223,Female,2,Melinda Williams,xlevy
6224,Female,2,Victoria Allen,melissa20
6225,Male,1,Julian Evans,yjohnson
6226,Male,1,Clinton Adams,westkaren
6227,Male,1,Dylan Morgan,susan30
6228,Male,2,Ryan Smith,emilycarter
6229,Male,2,Thomas Dunn,maynardmichael
6230,Male,1,Stephen Robinson,rhondawilliams
6231,Female,2,Stacey Christensen,carlos63
6232,Female,1,Jill Phillips,matthew51
6233,Male,2,Justin Smith,hornantonio
6234,Male,1,Mr. Bryan Lee,hernandezbrian
6235,Female,2,Heather Turner MD,molly62
6236,Female,1,Christy Davis,qbennett
6237,Female,2,Laura Morris,johnsonjeremiah
6238,Male,2,Jesus Johnson,mendezchristian
6239,Male,2,William Owens,jeffreybrown
6240,Male,1,Matthew Davis,charlesbray
6241,Female,2,Hannah Duran,carlaball
6242,Male,1,Kyle Foster,milleranne
6243,Female,2,Bianca West,smithjamie
6244,Female,1,Hannah Myers,reginalove
6245,Male,1,Anthony Mcdonald,francoderek
6246,Male,2,David Whitaker,udelacruz
6247,Male,1,Daniel Dorsey,coreymoore
6248,Female,2,Latoya Bennett,rachel90
6249,Male,1,David Ramos,xmcclain
6250,Male,1,Connor Black,ggonzales
6251,Male,2,Richard Ramirez,mclarke
6252,Male,1,Dylan Lawrence,rayedward
6253,Male,2,Jesus Carson,lisa72
6254,Female,1,Lindsay Leach,drodgers
6255,Female,2,Susan Martinez,freemankaylee
6256,Male,2,Jerry Curtis,zvance
6257,Male,2,Larry Olsen,jennifer83
6258,Female,2,Lisa Patterson,rebecca50
6259,Female,2,Jasmine Lowe,jasmine44
6260,Female,1,Katherine Woods,brooksjohn
6261,Female,2,Tara Lewis,jeffery61
6262,Male,1,Anthony Johnson,amartinez
6263,Female,1,Tracy Houston,ygonzales
6264,Male,2,Gabriel Lopez,xtaylor
6265,Female,1,Jennifer Saunders,ortizadam
6266,Female,1,Cassie Cabrera,cervanteskyle
6267,Male,2,Noah Odom,alexanderzuniga
6268,Female,1,Jessica Brown,richardwalsh
6269,Female,2,Christine Brown,dustin83
6270,Male,1,David Taylor,michelle21
6271,Male,1,Matthew Mendoza Jr.,crystalfitzgerald
6272,Female,2,Shannon Howard,yperez
6273,Male,2,Kevin Goodwin,tracihunter
6274,Female,1,Yvette Torres,tracy65
6275,Male,1,Jeffrey Chavez,janetday
6276,Male,2,Donald Robbins,nfowler
6277,Female,1,Connie Walker,dunnpatricia
6278,Male,1,Matthew Pollard,yolanda41
6279,Female,2,Amanda Brooks,heidijuarez
6280,Female,1,Sara Anderson PhD,gardnerkathryn
6281,Female,1,Jennifer Vaughn,tracey54
6282,Female,2,Kendra Bailey,ricky73
6283,Male,2,Joshua Hanna,riverakimberly
6284,Female,2,Jillian Duarte,fpearson
6285,Female,1,Kimberly Hodge,yaguilar
6286,Male,1,Daniel Bray,kent09
6287,Female,2,Cynthia Jones,pearsondestiny
6288,Male,1,Eric Berry,amy19
6289,Male,1,Alex Thompson,angela18
6290,Female,2,Catherine Smith,jedwards
6291,Male,1,Darryl Flores,nguyentiffany
6292,Male,1,John Thomas,daniel51
6293,Male,2,Donald Sullivan,jeffreydaniels
6294,Male,1,David Cross,joshuamooney
6295,Female,1,Megan Ferrell,framirez
6296,Female,1,Connie Sullivan,williamscarlos
6297,Male,2,Roy Jones,lepaul
6298,Male,2,Charles Smith,vhughes
6299,Female,1,Danielle Stewart,greenjohn
6300,Female,2,Mary Martinez,mayosophia
6301,Female,2,Michelle Cooper,wisesean
6302,Male,2,Andrew Haas,pennyandrews
6303,Male,1,Ian Myers,rebeccabowers
6304,Male,2,Ethan Carpenter,morrislaurie
6305,Male,2,Jimmy Middleton,harperderek
6306,Female,1,Brittany Murray,zacharysmith
6307,Female,2,Christina Leonard,igraves
6308,Male,1,Sergio Hunt,qfoster
6309,Male,2,Eddie Walker,stonejoanne
6310,Male,2,Allen Stone,joshua94
6311,Female,1,Pamela Luna,zmoses
6312,Female,1,Sara Buchanan,andreyoung
6313,Male,1,David Humphrey,middletonjames
6314,Male,2,Brendan Martin,triciafuller
6315,Male,1,Eric Green,jon80
6316,Female,1,Cynthia Cooper,wilsonnancy
6317,Male,2,Matthew Berger,ashleyhatfield
6318,Male,1,Dustin Payne,wendy33
6319,Male,2,Steven Oconnor,smithjulia
6320,Female,1,Robin Reed,fwarren
6321,Female,2,Amy Terry,gtrujillo
6322,Male,1,Isaac Olson,kenneth49
6323,Male,2,Brian Martinez,amanda99
6324,Female,2,Sharon Wheeler,caitlinnichols
6325,Female,1,Laura Gilmore,amanda18
6326,Male,2,John Powell,dkrause
6327,Female,2,Heather Moreno,rmurray
6328,Male,1,Fernando Oliver,kendra94
6329,Male,2,Matthew Fields,kelseyfisher
6330,Male,1,Shawn Fowler,grayjim
6331,Female,1,Elizabeth Johnson,glennalicia
6332,Female,1,Stephanie Warren,denisethornton
6333,Male,1,Alan Nash,boydandrew
6334,Female,1,Erin Wright,fcoleman
6335,Female,1,Jennifer Olson,upitts
6336,Female,1,Kristen Bartlett,alexander33
6337,Male,1,Joseph Hernandez,sonya53
6338,Female,1,Sarah Bradley,tiffanygardner
6339,Male,2,Scott Benson,elizabeth00
6340,Male,1,Jeffrey Mcdonald,ibarrera
6341,Male,1,Andrew Miller,deborahtorres
6342,Male,1,Michael Wells,nwatson
6343,Male,1,Ryan Rogers,ymiller
6344,Male,1,Eric French,tarroyo
6345,Female,1,Ashlee Young,pattersonantonio
6346,Female,2,Lindsay Johnson,vanessa20
6347,Female,2,Lindsay Vasquez,brooke39
6348,Male,1,Jorge Matthews,william87
6349,Male,2,Kyle Mercado,yshepherd
6350,Male,2,Nicholas Macdonald,jeremiahcurtis
6351,Female,1,Paula Phillips,jonathan20
6352,Female,2,Sarah Walton,tarawheeler
6353,Male,1,Dennis Walker,jenniferbryan
6354,Male,2,Patrick Myers,elizabeth17
6355,Male,1,Ronald Perez,jennifermurray
6356,Male,1,Anthony Woods,hernandezcraig
6357,Male,1,Mr. Craig Friedman,traciparks
6358,Female,2,Rhonda Johnston,nolanamanda
6359,Female,1,Glenda Mccormick,ybranch
6360,Male,2,Travis Perez,daniellesmith
6361,Male,1,Alexander Khan,alex43
6362,Male,1,Nathan Reese,millerkenneth
6363,Male,1,Matthew Rodriguez,vcox
6364,Male,1,Andrew Taylor,carmendennis
6365,Male,2,James Jacobs,joshuarhodes
6366,Female,2,Cynthia Robinson,lowejason
6367,Female,2,Glenda Wood,mmendez
6368,Male,2,Charles Williams,ysmith
6369,Male,2,Edward Rodriguez,colleenlloyd
6370,Female,1,Terri Hall,davidthomas
6371,Male,2,Jeremy Smith,jacob87
6372,Female,1,Angie Brown,holmesheather
6373,Male,1,Jason Murray,brian33
6374,Male,1,Jeffrey Oliver,bauerkristi
6375,Male,2,Jason Kent,deborah09
6376,Female,2,Michelle Atkins,anthony43
6377,Female,2,Cathy Hughes,hhoward
6378,Male,1,Thomas Gray,moorekenneth
6379,Male,2,Ricardo Carter,thompsongreg
6380,Male,1,Bill Aguirre,kelseyneal
6381,Male,2,Jeremy Reeves,jjackson
6382,Male,2,Daniel Schneider,jillandrade
6383,Male,2,Justin Mendoza Jr.,barrbrian
6384,Female,2,Christine Jackson,baguilar
6385,Male,1,Juan Jones,gailmartin
6386,Female,2,Kathryn Mitchell,ifisher
6387,Male,1,Parker Holt,wendyvang
6388,Female,1,Stefanie Obrien,martinalison
6389,Female,1,Sally Franklin,kristiwilliams
6390,Female,1,Leslie Mitchell,fanderson
6391,Female,1,Patricia Zimmerman,shurley
6392,Female,2,Diane Molina,jamesgeorge
6393,Female,1,Deborah Wilkins,melanie45
6394,Male,2,Mark Martin,dustinjensen
6395,Male,2,Jeffrey Lopez,chase80
6396,Male,2,Harry Rodriguez,christina45
6397,Female,2,Heather Hall,dchapman
6398,Female,1,Jasmine Cox,ryan44
6399,Male,2,David Friedman,clarkjoseph
6400,Male,2,Justin Garcia,stevencooper
6401,Female,2,Laurie Murphy,nguyenvictoria
6402,Male,2,James Huber,amberbender
6403,Female,2,Melissa Wood,gwiggins
6404,Female,2,Melissa Young,reedsamantha
6405,Female,2,Kimberly Nicholson,gknapp
6406,Female,1,Ellen Lee,rodriguezrichard
6407,Male,2,Dean Hubbard,roytimothy
6408,Male,1,Jeffrey Graham,nelsonsarah
6409,Female,2,Denise Bates,shirleyrichard
6410,Male,2,Justin Walker,rachel73
6411,Female,2,Kristin Harris,juarezrhonda
6412,Male,1,William Ward,ltaylor
6413,Female,1,Kara Guzman,bmarshall
6414,Male,2,Evan Ellis,bryan09
6415,Male,1,Charles Harris,jrobinson
6416,Male,1,Mark Brown,matthew49
6417,Male,2,Kevin Pearson,zwilson
6418,Female,2,Jennifer Morgan,adamskatherine
6419,Female,2,Jessica Lane,shannon48
6420,Female,1,Kimberly Contreras,laurareid
6421,Female,2,Kathleen Lambert,jhall
6422,Male,2,Mike Black,patriciaray
6423,Female,2,Stephanie Edwards,sherylcarroll
6424,Female,2,Lynn Robertson,jerome64
6425,Female,2,Emily Roth,johnsonlaura
6426,Male,2,Lee Lee,gordonronald
6427,Male,1,Christopher Gutierrez,romeromark
6428,Female,2,Kayla Reid,michael62
6429,Male,2,Adam Taylor,qchavez
6430,Female,2,Emily Buckley,gregoryjones
6431,Male,1,Fred Travis,jonesmichael
6432,Female,2,Nancy Jenkins,kristin79
6433,Male,1,Joseph Kaiser,ycollins
6434,Female,1,Crystal Barry,foxdavid
6435,Male,1,Anthony Hernandez,arthur63
6436,Male,1,Eddie Ali,michaelshelton
6437,Male,1,David Forbes,kserrano
6438,Female,1,Rose Prince,stephanie11
6439,Male,2,Michael Smith,clarkmark
6440,Male,1,Michael Patton,tyler75
6441,Male,1,Timothy Lam,ycaldwell
6442,Male,1,Seth Erickson,hayeselizabeth
6443,Female,2,Adrienne Aguilar,calderonalyssa
6444,Female,1,Kimberly Jensen,joshua61
6445,Female,2,Pamela Franklin,hopkinsjessica
6446,Female,2,Sharon Franklin,brian15
6447,Male,2,Timothy Martinez,valeriejones
6448,Male,2,Andrew Tyler,matthewallen
6449,Male,1,Thomas Gutierrez,catherinetaylor
6450,Female,2,Andrea Martinez,vmiller
6451,Male,1,Jeremy Jones,alexander59
6452,Female,2,Jill Jones,melissa28
6453,Male,2,Garrett Powell,bfoster
6454,Female,2,Erin Schmidt,egonzalez
6455,Female,1,Lisa Paul MD,wmaxwell
6456,Female,2,Nicole Walker,chadclark
6457,Female,1,Nicole Stewart,garysolis
6458,Female,2,Madison Cunningham,andreacook
6459,Female,2,Cassandra Hinton,phouston
6460,Male,1,Christian Davis,megan95
6461,Male,1,Todd Cole,nicolewells
6462,Male,2,Anthony Clark,carterwillie
6463,Male,1,Michael James,johnsonchristopher
6464,Male,1,Chad Dominguez,wcole
6465,Male,1,Douglas Watson,hrussell
6466,Female,2,Monica Barnett,kiara40
6467,Male,1,Aaron Lopez,jacob51
6468,Male,2,Jon King,andrew63
6469,Female,1,Wendy Cole,adambean
6470,Male,2,Donald Hughes,xespinoza
6471,Male,2,Jacob Rodriguez,thomas79
6472,Female,2,Michelle Johnson,daniel87
6473,Male,1,Steven Holmes,brownrichard
6474,Male,1,Johnny Vasquez,brian42
6475,Male,2,Ronald Moses,alexandra04
6476,Female,2,Crystal Ellison,stephanie90
6477,Male,2,Douglas Reynolds,michellevillanueva
6478,Male,1,Matthew Payne,brice
6479,Male,1,William Mcdonald Jr.,xwalker
6480,Male,1,Jon Smith,brianna66
6481,Male,2,Luis Ballard,millsheather
6482,Female,2,Jillian Hall,john83
6483,Female,2,Michele Mason,smithstephanie
6484,Male,2,Eduardo Marshall,yortega
6485,Male,1,Larry Reynolds,lrios
6486,Female,2,Nancy Taylor,sarahstevens
6487,Male,1,Samuel Rodriguez,imitchell
6488,Female,1,Lisa Riley,hannah37
6489,Female,1,Cynthia Allen,brewercarmen
6490,Male,1,David Martinez,ycummings
6491,Male,1,David Weiss,jharris
6492,Female,2,Carmen Hill,james35
6493,Female,1,Ashley Robbins,gouldrobert
6494,Male,2,James Cochran,john48
6495,Female,1,Colleen Johnson,brett90
6496,Female,2,Yolanda Rodriguez,matthew93
6497,Male,1,Dr. Joshua Melendez,morriskurt
6498,Female,2,Elizabeth Todd,carmen61
6499,Male,1,Timothy Morgan,fletchergregory
6500,Male,2,Tommy Martin,colleensutton
6501,Male,1,William Bartlett PhD,dturner
6502,Female,1,Diana Paul,laura81
6503,Female,2,Mrs. Jamie Alexander,smithnicole
6504,Male,1,Andrew Flores,bevans
6505,Female,1,Kimberly Hayes,eduardo17
6506,Male,2,Stuart Carpenter,robert55
6507,Female,1,Amy Smith,tinasnyder
6508,Female,1,Deborah Bell,alexander29
6509,Male,1,Robert Sullivan,jgeorge
6510,Female,1,Catherine Brennan,briannaperry
6511,Female,2,Kelly Duncan,kberry
6512,Male,1,Larry Li,keith84
6513,Female,1,Elizabeth Snyder,joseph28
6514,Male,1,Glenn Wyatt,qbailey
6515,Female,1,Jennifer Roy,adamssonya
6516,Female,1,Tiffany Hill,jason06
6517,Male,2,Brandon Pena,marcrichardson
6518,Female,1,Toni Garcia,flynnerin
6519,Male,1,William Wheeler,joshua57
6520,Male,1,Daniel Schmidt,knappmelissa
6521,Male,2,Richard Williams,michael77
6522,Male,1,Bradley Garcia,vcampbell
6523,Male,2,John Sanchez,vmorgan
6524,Male,2,Hector Clark,kimberly22
6525,Male,1,Brandon Mccarty,lindarodriguez
6526,Male,2,James Henderson,scottharvey
6527,Male,1,Joseph Mora,xaviermartin
6528,Female,2,Natalie Martinez,alexis53
6529,Male,1,William Bradley,patrick55
6530,Female,2,Lisa Underwood,carpentermatthew
6531,Female,1,Kim Thompson,wcain
6532,Male,1,Michael Guerra,susanholden
6533,Male,2,Adam Davis,cynthialeonard
6534,Female,2,Dominique Branch,johnsonsara
6535,Female,1,Amanda Parker,michael88
6536,Male,1,John Johnson,walkerjohn
6537,Male,1,Dustin Watkins,hannah32
6538,Female,2,Robin Dean,andrewjohnston
6539,Male,1,Brian Mathews,ann61
6540,Female,1,Becky Cook,munozwilliam
6541,Female,1,Theresa Smith,ypeterson
6542,Female,2,Chelsea Smith,thomassamantha
6543,Male,2,Stephen Vega,crystal56
6544,Female,2,Sheryl Shannon,lsanders
6545,Male,1,Jeff Walsh,derek29
6546,Female,1,Leah Webster,zamoracindy
6547,Female,2,Kristen Roberts,ndavis
6548,Female,1,Christina James,jorge44
6549,Male,2,Robert Navarro,ianjohnson
6550,Female,1,Amanda Santiago,wendy81
6551,Female,2,Brooke Mcgrath,jayreyes
6552,Male,1,Steven Franklin,gibsondavid
6553,Female,2,Elizabeth Harris,joel73
6554,Male,1,Jason Parker,sheppardjacob
6555,Female,1,Kathleen Rivera,gtaylor
6556,Male,2,Jon Merritt,michellesmall
6557,Male,2,Chad Dunn,markhill
6558,Male,2,Dylan Rogers,josephhayes
6559,Female,2,Tracy Miller,tamaraclayton
6560,Male,2,Francis Novak,ehancock
6561,Female,1,Cheryl Mcconnell,angelablackwell
6562,Female,2,Sara Jordan,christian46
6563,Male,1,Terry Hill,patriciamullen
6564,Female,2,Ashley Sanchez,hannahwright
6565,Female,1,Kathryn Forbes,allison35
6566,Male,1,Evan Pace,caroline77
6567,Female,1,Sara Roberts,kleinjacqueline
6568,Female,2,Rebecca Gutierrez,zmills
6569,Male,1,Paul Wilson,davidsmith
6570,Female,1,Dr. Brandi Dixon DVM,shawn47
6571,Male,2,John Wise,bmoon
6572,Male,2,Robert Ibarra,jacksonjohn
6573,Male,1,Dustin Cook,scott20
6574,Male,1,Scott Acosta,wmcdaniel
6575,Female,2,Julie Gonzales,dianareyes
6576,Female,2,Amanda Lopez,emilycollins
6577,Male,1,Brian Bender,phillipclark
6578,Female,2,Jasmine Crawford,michellewilliamson
6579,Female,2,Karen Wallace,luis18
6580,Female,2,Kimberly Morris,agalvan
6581,Male,1,Matthew Montoya,golson
6582,Female,1,Heather King,cannonleslie
6583,Male,1,Kevin Beltran,ppeck
6584,Female,2,Rachel Diaz,deborahdavis
6585,Male,2,Dustin Carter,ichase
6586,Male,1,Mark Fuentes,sarahcruz
6587,Female,2,Madison Welch,jason56
6588,Female,2,Alyssa Norris,wisebrian
6589,Female,1,Kelsey Hamilton,hunter06
6590,Female,1,Lori Gonzales,ccaldwell
6591,Female,2,Tonya Schroeder,stephaniemalone
6592,Female,1,Angel Miller,btate
6593,Female,2,Jacqueline Pacheco,nathanlawrence
6594,Male,1,Timothy Brooks,ibaldwin
6595,Female,1,Jeanne Scott,bdavis
6596,Female,2,Rebecca Thomas,davidtaylor
6597,Female,2,Allison Kent,hortonsydney
6598,Male,1,John Miller,marykelly
6599,Female,1,Denise Marshall,aaron13
6600,Male,2,Paul Brown,savannah85
6601,Male,1,Robert Barber,ygraham
6602,Female,1,Michelle Jefferson,jennifer83
6603,Male,1,Adam Crawford,vincentthomas
6604,Female,2,Amy Barrett,emma02
6605,Female,1,Jennifer Sanchez,bensondaniel
6606,Female,1,Denise Williams,christopher84
6607,Female,1,Teresa Cardenas,michaelunderwood
6608,Male,1,Jordan Rocha,conniebonilla
6609,Female,2,Natalie Krueger,zjames
6610,Female,2,Laura Melendez,colesherry
6611,Male,2,Tyler Maldonado,tsmith
6612,Male,2,Matthew Hardin,smalltracy
6613,Male,2,Kevin Mcdonald,zbaker
6614,Female,1,Cassandra Fitzgerald,barbarajones
6615,Female,1,Wendy Wheeler,yperez
6616,Female,2,Mercedes Warner,rebecca45
6617,Male,1,Mr. Christopher Lozano DDS,tracy07
6618,Male,2,Sean Owens,smithelizabeth
6619,Male,1,Joe Murphy,hbrown
6620,Male,1,Craig Guzman,michelleguzman
6621,Female,2,Anna Beasley,chambersian
6622,Female,1,Sara Garza,james08
6623,Female,1,Jennifer Morris,frankwilliams
6624,Male,2,Eric Jackson,qherrera
6625,Female,2,Lauren Nixon,jeffrey78
6626,Male,1,Cory Ruiz,jacksonamanda
6627,Male,2,Michael Russell,michaelbecker
6628,Male,1,Ryan Norton,garrettmelissa
6629,Female,1,Kristina Ortega,bakercameron
6630,Female,1,Anita Cunningham,patricia18
6631,Male,2,James Adams,william30
6632,Male,1,Michael Smith,keithgreen
6633,Female,1,Catherine Morrison,reynoldsbryan
6634,Male,1,Justin Baker,zgonzalez
6635,Male,1,Matthew White,blairmichael
6636,Female,1,Olivia Small,williamwells
6637,Male,2,John Morgan,mcfarlandlisa
6638,Male,1,Timothy Cole,eddie59
6639,Male,1,Jacob Butler,christensenvictoria
6640,Female,1,Debbie Serrano,ashley04
6641,Female,1,Crystal Figueroa,heather01
6642,Female,1,Holly Lara MD,suzanne14
6643,Male,2,Jeffrey Hopkins,collinsdavid
6644,Male,2,Arthur Garcia,beckerchristopher
6645,Female,2,Pam Wong,jonesderek
6646,Male,1,Justin Martinez,belljoshua
6647,Female,2,Christine Gross,nancy79
6648,Male,1,Timothy Gross,vaughnamy
6649,Male,2,David Montoya,wellis
6650,Male,1,Brandon Hall,markfrazier
6651,Female,1,Alexis Hall,michaelrogers
6652,Female,1,Kristen Price,williamsbrian
6653,Male,1,Jeffrey Caldwell,diazteresa
6654,Male,2,John Sellers,jessica41
6655,Female,2,Joanne Pena,garyyoung
6656,Male,2,John Bryant,silvanathan
6657,Male,2,Frank Dennis,joseph86
6658,Male,2,Keith Stewart,melanie58
6659,Male,1,Marco Nelson,graytheresa
6660,Female,2,Deborah Barton,csharp
6661,Male,2,Curtis George,brittney93
6662,Female,2,Andrea Dominguez,weisskimberly
6663,Male,2,Michael Fisher,frank10
6664,Female,2,Rebecca Scott,sergiofernandez
6665,Female,2,Joy Taylor,phillipsryan
6666,Female,2,Meghan Williams,paynemelissa
6667,Male,1,Scott Kelly,elizabeth76
6668,Male,1,Evan Mooney,jamesmercer
6669,Female,2,Karina Griffin,adrienne33
6670,Male,1,Steven Sanchez,dixonkenneth
6671,Female,1,Nicole Howard,brodriguez
6672,Male,1,Gary Mcclain,youngjason
6673,Female,1,Ms. Sherry Martinez,teresa27
6674,Male,2,Kyle Bell,fcoleman
6675,Male,1,Ronald Gray,maria75
6676,Female,1,Amy Phillips,mackenziemontgomery
6677,Male,1,Jacob Little,wilkinsonkristen
6678,Male,2,Aaron Kennedy DDS,drew52
6679,Female,1,Melissa Long,michaelhartman
6680,Female,1,Kimberly Cummings,larryatkinson
6681,Female,1,Briana George,millerbarbara
6682,Male,2,Timothy Murray,odombrandon
6683,Male,2,Robert Ray,rtanner
6684,Male,2,Mark White,jaredcox
6685,Male,2,Chris Johnson,andrewbell
6686,Male,2,Antonio Wilson,christopher43
6687,Female,2,Sarah Boyer DVM,bridgetwalton
6688,Female,2,Amber Brown,joshua00
6689,Male,2,Jose Flores,joseramos
6690,Female,2,Marilyn English,nbrown
6691,Male,1,Duane Smith,richardweiss
6692,Female,2,Crystal Fowler,tclark
6693,Female,1,Heather Little,michael28
6694,Female,1,Penny Diaz,bramos
6695,Male,2,Daniel Berg,rebecca89
6696,Male,2,Scott Buchanan,ashley47
6697,Male,1,Jason Tyler,kaiseryvette
6698,Female,2,Rachael Reynolds,mark04
6699,Female,1,Melissa Morris,tyronebecker
6700,Female,1,Pam Davis,trevinodavid
6701,Female,2,Mrs. Maria Ramirez,molinamichael
6702,Male,2,Alan Ramirez,gordon50
6703,Female,1,Debra Jensen,danielgiles
6704,Female,2,Shirley Ramirez,omarsh
6705,Female,2,Jodi Neal,hamiltonjames
6706,Male,2,Mitchell Reed,delgadosylvia
6707,Female,2,Karen Brown,kristin93
6708,Male,2,Matthew Collins,joannagraham
6709,Male,2,Brian Daniels,anna53
6710,Male,2,Christopher Rodriguez,stevestone
6711,Male,2,Charles Ward,lisasmith
6712,Male,1,Tony Clark,amy57
6713,Male,1,Joshua Carter,brendafrench
6714,Female,2,Alexandria Sanchez,cindy14
6715,Male,2,Tyler Larson,wayne46
6716,Female,2,Emily Winters,patricia37
6717,Female,2,Amy Fischer,rodriguezjoshua
6718,Male,2,Eric Jenkins,justin66
6719,Female,2,Jordan Li,benjamin06
6720,Male,2,James Short,cdiaz
6721,Female,1,Sandra Brown,cordovabrian
6722,Female,1,Shannon Jackson,tony48
6723,Male,1,Robert Rodriguez,ibradley
6724,Female,1,Tracy Torres,eric17
6725,Female,2,Karen Gillespie,april72
6726,Male,1,Andrew Rice,walkereric
6727,Female,1,Rebecca Vargas,kennethswanson
6728,Male,2,Adam Wyatt,victoria88
6729,Female,1,Ashley Smith PhD,rosariovictoria
6730,Male,1,Brady Wood,marisa70
6731,Female,1,Lisa Jones,newtonashley
6732,Female,2,Amy Page,zhale
6733,Male,1,Nicholas Odonnell,erikscott
6734,Male,1,Mark Gill,michaelgarcia
6735,Female,2,Taylor Brown,xblanchard
6736,Male,1,Ethan Williams,michaelbonilla
6737,Male,1,Shane Kline,cstokes
6738,Male,1,Dakota Moore III,nrogers
6739,Male,1,Nathan Heath,hsanchez
6740,Female,1,Danielle Clark,rebecca97
6741,Male,2,Matthew Allen,austin66
6742,Male,1,Frederick Dunn,hamiltonerik
6743,Male,1,George Becker,scottelizabeth
6744,Male,1,Jason Valdez,dali
6745,Male,1,Martin Robinson,allison28
6746,Male,1,Gary Martin,gregory28
6747,Male,1,William Ayala,fwright
6748,Female,1,Victoria Hunter,matthew15
6749,Male,1,Matthew Perez,jamesrodriguez
6750,Female,2,Dawn Mullen,jwagner
6751,Female,2,Mallory Harris,bianca24
6752,Female,2,Jennifer Wallace,jacquelineberry
6753,Male,2,Brian Petersen,xking
6754,Male,1,James Evans,gthomas
6755,Female,1,Kelly Rosario,carl45
6756,Male,1,Clayton Welch,haleyrodriguez
6757,Male,2,Travis Solis,loriortiz
6758,Female,1,Sue Cochran,gonzalesdaniel
6759,Female,2,Victoria Thomas MD,contrerasdonna
6760,Female,2,Jacqueline Robertson,bradley79
6761,Male,1,Keith Davis,jason94
6762,Male,2,Albert Morales,john54
6763,Male,1,Bryan Wheeler,mary09
6764,Male,1,Scott Taylor,sara00
6765,Male,2,Jeremiah Collins,kleinandrea
6766,Female,2,Maria Quinn,toddmarquez
6767,Female,2,Jessica Odonnell,tcampbell
6768,Male,2,Daniel Moreno,uhamilton
6769,Male,2,Richard Fernandez,colemanandrew
6770,Male,2,Scott Ramos,abell
6771,Female,1,Melissa Dalton,perryscott
6772,Male,1,Malik Francis,vharvey
6773,Female,1,Elizabeth Rodriguez,mcosta
6774,Male,2,Eric Vaughn,richardlowe
6775,Male,2,Raymond Johnson,schwartzmelissa
6776,Male,2,Grant Bennett,lancepalmer
6777,Male,1,Shane Garrison,john99
6778,Female,2,Michelle Mcdowell,brandonhenry
6779,Male,1,Mark Stevenson,david67
6780,Female,2,Lisa Howard,robin57
6781,Male,1,Andrew Barrett,jennifernelson
6782,Female,1,Crystal Mendez,laura20
6783,Male,1,Joseph Martinez,lisamcgee
6784,Male,2,Blake Todd,ambervilla
6785,Male,1,Michael Williams,fergusonmichael
6786,Female,2,Jill Gilbert,debrapadilla
6787,Female,2,Julie Mccoy,kprice
6788,Male,1,Brandon Rios,tinaanderson
6789,Female,2,Christina Ferguson,joshua10
6790,Male,1,Michael Jackson,toddgonzalez
6791,Male,2,William Allen,brittany43
6792,Male,2,Timothy Anthony,austin50
6793,Male,1,Keith Pruitt,theresa90
6794,Female,2,Lauren Larson,hoffmanrichard
6795,Female,1,Cynthia Olsen,holdendonald
6796,Female,2,Deanna Davis,jeffrey11
6797,Male,2,James Moore,connorfaulkner
6798,Female,1,Dr. Madison Scott,david38
6799,Female,2,Michelle Lewis,cameron81
6800,Male,2,Jimmy Watkins,ldavis
6801,Female,2,Julia Anderson,mevans
6802,Male,2,George Li,jsmith
6803,Male,1,David Mccarthy,barkermichele
6804,Female,2,Jordan Shepard,hlee
6805,Female,2,Dr. Margaret Bernard MD,robertatkinson
6806,Male,1,Jason Bradshaw,elizabethhunt
6807,Male,2,Keith Lang,slogan
6808,Male,2,Michael Harris,michael45
6809,Male,1,Grant Banks,rogerhenderson
6810,Female,2,Kathy Carlson,levymelissa
6811,Male,1,William Coleman,landrews
6812,Male,1,James Rivera,thompsonamanda
6813,Male,1,Shane Rodriguez,briley
6814,Female,2,Cheryl Smith,coxdarlene
6815,Male,2,Colin Smith,preyes
6816,Male,1,Nicholas Irwin,andreasalinas
6817,Female,2,Heidi Valdez,fpineda
6818,Female,1,Michelle Roberts,kcohen
6819,Female,1,Ashley Rose,ijenkins
6820,Male,1,Malik Rivas,elizabethmorgan
6821,Male,1,Anthony Nelson,pcooke
6822,Female,1,Natalie Powell,fisherjohn
6823,Male,2,Jason Mendoza,rstephenson
6824,Female,2,Abigail Mckinney,flemingbarbara
6825,Male,1,Gregory Stewart,baileytanya
6826,Male,2,David Harris,watsonmckenzie
6827,Male,2,Connor Hughes,donnajenkins
6828,Male,1,Arthur Campos,mhernandez
6829,Female,2,Tammy Cummings,matthewgarcia
6830,Male,1,Tony Logan,rosschristina
6831,Male,1,Christopher Hudson,guzmaneric
6832,Female,1,Terri Dawson,dawn71
6833,Female,2,Diane Campos,dgalloway
6834,Female,1,Kimberly Escobar,john18
6835,Male,1,George Turner,kwinters
6836,Female,2,Teresa Martinez,ryanknox
6837,Female,2,Brandi Hawkins,hayesdavid
6838,Female,2,Beverly Gonzalez,jensenkirsten
6839,Male,2,John York,huertawilliam
6840,Male,1,Jesse Sanchez,thomasjenkins
6841,Male,2,John Hicks,bradkrueger
6842,Male,2,John Morton,johnsonrobert
6843,Male,2,Wyatt Hayes,ballen
6844,Male,2,Adam Stevens,mcox
6845,Male,2,Joshua Sharp,michellegraham
6846,Female,1,Patricia Hamilton,ijackson
6847,Male,1,Anthony Anderson,hickscynthia
6848,Female,1,Crystal James,kristopherguzman
6849,Male,2,Alan Williams,connie69
6850,Female,1,Melissa Martin,howecheryl
6851,Male,1,Christopher Dougherty,johnlittle
6852,Male,1,Peter Davis III,paul66
6853,Female,1,Mary Waller,michael19
6854,Female,1,Tracy Kim,morgan61
6855,Male,1,Joseph Santiago,pcruz
6856,Male,1,Mr. Daniel Baker,jennifer96
6857,Female,1,Tonya Haynes,agood
6858,Male,1,Erik Boyer,matajoseph
6859,Male,1,Keith Parker,pattersonjoel
6860,Female,1,Kimberly Anderson,mirandamcconnell
6861,Male,2,Andrew Gomez,huffmanvictoria
6862,Male,2,Arthur Hardin,smithkevin
6863,Male,2,Gabriel Lewis,robertromero
6864,Female,1,Martha Adams,tatkins
6865,Female,2,Linda Jenkins,robert99
6866,Female,2,Wendy Acevedo,wavery
6867,Female,1,Desiree Fuller,leonardkaren
6868,Male,2,Christopher Blanchard,dgalloway
6869,Female,2,Kelly Shaw,margaretmoses
6870,Female,1,Suzanne Brown,timothy07
6871,Male,2,Robert Beasley,brentklein
6872,Female,1,Paula Walter,michaelhooper
6873,Male,2,William Scott,kphillips
6874,Female,1,Ashley Peterson,kristin79
6875,Female,1,Nicole Rodriguez,theresaabbott
6876,Male,1,Ronald Moore,scottbrenda
6877,Female,2,Lynn Petersen,pcarrillo
6878,Female,1,Emily Cole,ffowler
6879,Male,1,Ryan Peck,hwells
6880,Female,1,Nicole Roberts,elizabethdelgado
6881,Female,1,Amanda Snyder,bradydonna
6882,Female,1,Kristina Garcia,adouglas
6883,Male,1,Ryan Coleman,karenkim
6884,Female,2,Kelsey Martinez,lindacooper
6885,Female,2,Whitney Lewis,jeremy70
6886,Male,1,Cody Sherman,richard90
6887,Female,2,Laura Benson,sheajeremy
6888,Male,2,Michael Shaffer,huangjesse
6889,Female,1,Lindsey Hughes,mackjohn
6890,Male,2,Matthew Burke,sarahharrison
6891,Male,1,David Anderson,jacobsamber
6892,Male,2,John Murphy,jesus03
6893,Male,1,John Morgan,jimaustin
6894,Male,1,Stephen Yang,saraperez
6895,Male,1,Charles Miller,milesjohn
6896,Female,2,Jennifer Montgomery,ronald86
6897,Female,2,Jenna Howard,feliciaroberts
6898,Female,1,Sandra Campbell,sean98
6899,Female,1,Kayla Jones,qhansen
6900,Female,2,Rebecca Johnston,dcantu
6901,Male,1,William Wade,garycochran
6902,Female,2,Susan Ibarra,lowens
6903,Male,2,Donald Howard,turnerjohn
6904,Female,1,Nicole Glenn,christopher48
6905,Male,2,Christopher Thompson,theresaramirez
6906,Female,2,Jacqueline Hooper,nbradford
6907,Male,2,Daryl Figueroa,jessicaharris
6908,Female,1,Kristi Thomas,jessica61
6909,Male,1,Franklin Lee,channa
6910,Male,2,Andre Adams,qwilliams
6911,Male,1,Kevin Harris,vpruitt
6912,Male,2,Jason Pena,jamessalazar
6913,Male,2,Shawn Lam,joshua65
6914,Female,2,Alicia Gill,scottsherman
6915,Male,1,Tracy Hamilton,ggarcia
6916,Male,2,John Jackson,jason32
6917,Female,1,Jessica Palmer,keith80
6918,Female,1,Christina Green,joannahunt
6919,Male,1,Gary Obrien,thomasmark
6920,Male,2,Robert Shaw,amyrichardson
6921,Female,1,Donna Jones,ldunn
6922,Male,2,Timothy Hicks,gregory11
6923,Male,1,Kristopher Frost,browncurtis
6924,Female,2,Patricia Robinson,garciachris
6925,Male,2,Robert Hunt,ashley78
6926,Male,2,Philip Brown,tsmith
6927,Male,1,Andrew Leonard,aharrison
6928,Female,1,Connie Moore,gina08
6929,Male,2,Ryan Berg,fishercynthia
6930,Female,1,Cheryl Martin,qrogers
6931,Female,2,Rachel Flores,pierceluis
6932,Female,2,Angela Sims,paulwebb
6933,Female,2,Jessica Church,stephensonnicholas
6934,Male,1,Dr. Andrew Stewart,joshua06
6935,Male,1,Joseph Turner,jeremy72
6936,Male,2,Jose Khan,fmichael
6937,Male,1,Hunter Cruz,jasonharvey
6938,Male,1,Kenneth Huff,brian71
6939,Male,1,Jason Johnson,austin73
6940,Male,1,Aaron Ballard,watersgregory
6941,Female,1,Helen Baldwin,jeffreybest
6942,Male,1,Jacob Herrera,brian32
6943,Female,2,Jennifer Parker,kimberlyburns
6944,Male,2,Andrew Frey,thompsonjoshua
6945,Male,2,Edward Smith,mgraham
6946,Female,2,Carrie Mahoney,whall
6947,Male,1,James Jones,michaelvalenzuela
6948,Male,1,John Conley,qcooper
6949,Female,1,Jennifer Wong,suzannerodriguez
6950,Male,2,Christopher Sullivan,williamcardenas
6951,Male,1,Michael Adams,lauren69
6952,Male,2,David Keller,millerjordan
6953,Male,1,Mr. Miguel Rogers,michaelmartinez
6954,Male,1,Steve Lee,xjones
6955,Male,1,Jacob Hale,johnsonjeffrey
6956,Female,1,Danielle Gibbs,brownkelly
6957,Female,2,Patricia Adams,tylertorres
6958,Female,2,Susan Carpenter,hadams
6959,Male,1,Joseph Frazier,mcabrera
6960,Male,2,Stephen Lyons,jesus36
6961,Male,1,Steven Rubio,michellebrooks
6962,Male,2,Michael Stevens,obrienmike
6963,Female,2,Barbara Jones,omcpherson
6964,Female,2,Sally Mullins,heatherwinters
6965,Male,1,Jason Fitzpatrick,stevensruben
6966,Female,1,Regina Perez,meganmcpherson
6967,Male,2,Derrick Cunningham,james22
6968,Female,1,Jennifer Brown,thansen
6969,Male,1,Robert Miles,william84
6970,Male,2,Michael Jackson,jpeters
6971,Female,2,Jacqueline Hawkins,sarah49
6972,Female,1,Katrina Butler,feliciawilliams
6973,Male,1,David Fields,haasstanley
6974,Male,2,Aaron Greene,michelerodriguez
6975,Male,2,Dean Murphy,woodsjoshua
6976,Female,1,Stacy Villanueva,jessicavargas
6977,Male,2,Dennis Anderson,brettmartin
6978,Female,2,Ashlee Alexander,charlesrobert
6979,Female,1,Heather Miller,mgordon
6980,Male,2,Dr. Jeffrey Nelson,jamesespinoza
6981,Female,2,Jennifer Singh,josemcconnell
6982,Male,1,Robert Bowman,lewiskeith
6983,Male,1,Nathan Norton,sandra84
6984,Male,1,Benjamin Lynn,danieladams
6985,Female,1,Michele Davis,sheppardryan
6986,Female,1,Holly Parks,armstrongmonica
6987,Female,2,Summer Green,xcaldwell
6988,Male,1,Wayne Perry Jr.,freeves
6989,Male,1,Eric Hayes,hessshirley
6990,Male,2,Cory Mcfarland,xmccoy
6991,Female,2,Molly Daniel,gregorywhitehead
6992,Female,1,Jacqueline Silva,nwalsh
6993,Female,2,Rebecca Powell,michaelacosta
6994,Male,1,Kevin Martin,wrightsonya
6995,Female,2,Caitlin Blackburn,samuelmorales
6996,Male,2,Jonathan Johnson,spencer11
6997,Female,1,Tara Ferguson,kpatel
6998,Male,1,David Brown MD,maurice15
6999,Male,2,Curtis Knight,xcaldwell
7000,Female,1,Maria Santos,kevin70
7001,Male,1,Steve Walker,ksnyder
7002,Male,1,Jonathan Malone,morgan24
7003,Female,1,Kristina Thomas,perrysabrina
7004,Male,2,Paul Knight,morganbrenda
7005,Male,2,Paul Diaz,christopher40
7006,Female,2,Toni Gonzalez,floresmelissa
7007,Female,2,Carmen Hall,michelecrawford
7008,Female,2,Nicole Benton,lisa74
7009,Male,1,Rodney Jones,rbenson
7010,Female,2,Faith Gordon,charlesjohnson
7011,Male,2,Kenneth Mendoza,breannaadams
7012,Female,2,Colleen Mcknight,zallen
7013,Male,2,Jason Schaefer,dwhite
7014,Female,2,Shannon Montgomery,rvargas
7015,Male,2,Michael Moore Jr.,nrodgers
7016,Male,1,Daniel Torres,victoriabennett
7017,Female,1,Isabel Kramer,adrianmoss
7018,Male,2,Anthony Cruz,qrichardson
7019,Male,2,Steven Wright,smartinez
7020,Male,1,Brent Oliver,hwebb
7021,Male,1,Benjamin Romero,joshuajuarez
7022,Male,2,Kyle Owens,stacygoodwin
7023,Male,2,Vincent Torres,davilakaren
7024,Female,2,Whitney Vega,fostergary
7025,Female,1,Joanne Brennan,sheryl36
7026,Male,2,Scott Jackson,ashley04
7027,Male,1,Ryan White,ritaharris
7028,Male,2,Larry Stevens,vday
7029,Female,1,Brenda Dunlap,xdiaz
7030,Male,2,Jacob Thomas,tamaraswanson
7031,Male,2,Joseph Phillips,jesse92
7032,Male,1,Robert Barnes,stevenbrooks
7033,Male,2,Anthony Johnson,lwilson
7034,Female,1,Jacqueline Thomas DVM,teresarogers
7035,Female,2,Gina Stephenson,oliviasimmons
7036,Male,2,Christopher Williams,pamelagallegos
7037,Male,2,Gerald Rodriguez,zadams
7038,Male,1,Jared Jimenez,matthewbaker
7039,Female,2,Emma Thomas,elizabethjohnson
7040,Male,1,Kevin Smith,gregory72
7041,Male,1,Christopher Mills,williamgonzales
7042,Female,1,Karen Harrell,jamesashley
7043,Female,1,Sharon Henderson,christopher58
7044,Male,1,Hunter English,coryrobinson
7045,Male,1,Michael Williams,allison15
7046,Male,2,Nicholas Bishop,justin12
7047,Female,2,April Harris,adamgonzalez
7048,Female,2,Wanda Barrett,paul70
7049,Male,2,Joshua Cannon,uharris
7050,Female,2,Chelsea Austin,dthornton
7051,Female,1,Becky Sharp,jordankenneth
7052,Female,2,Carol Townsend,matthewswanson
7053,Male,2,Nathan Smith,john75
7054,Male,1,Jesse Jackson,theresacarpenter
7055,Male,2,Zachary Moore,jonesdylan
7056,Female,1,Rhonda Graham,anthony30
7057,Male,2,Steven Johnson,contrerasjames
7058,Male,2,Alexander Webb,marcialee
7059,Male,2,Jordan Smith,thomashenry
7060,Female,1,Mary Smith,christine26
7061,Female,1,Danielle Bowers,michael13
7062,Female,1,Erika Wilson,scabrera
7063,Male,2,Joshua Cook,petersongeorge
7064,Female,2,Karla Lee,alexandersanchez
7065,Female,2,Tiffany Massey,pbuck
7066,Male,1,Mr. John Gibson Jr.,starkolivia
7067,Male,2,Adam Byrd,kathy76
7068,Female,1,Brandi Jones,anthonyharding
7069,Male,1,Christian Parker,michaelrice
7070,Male,2,David Patel,jamesperry
7071,Female,1,Belinda Conrad,amberfernandez
7072,Female,1,Jodi Mcdonald,jennifer64
7073,Male,2,Joshua Peterson,smithanna
7074,Female,1,Anna Edwards,sonyawhite
7075,Female,1,Colleen Whitney,cabreralori
7076,Male,2,Johnny King,ojohnson
7077,Male,2,Jeff Schmitt,powersjack
7078,Male,2,David Carter,wwhite
7079,Male,2,Ryan George,christopherdavis
7080,Female,1,Heather Reese,kaylalane
7081,Male,1,Cory Fisher,kjohnson
7082,Female,1,Bonnie Dalton,wgomez
7083,Male,1,Christopher Carpenter,nobleashley
7084,Female,2,Nicole Brown,valeriedavis
7085,Female,2,Courtney Jackson,acostalauren
7086,Female,2,Robin Farmer,mackmonique
7087,Male,2,Mr. Brett Hill,mitchelltiffany
7088,Male,2,Jason Castaneda,zachary18
7089,Female,1,Wendy Holmes,jameschambers
7090,Female,1,Sonia Cantrell,eshaffer
7091,Female,2,Molly Johnston,justin16
7092,Male,1,Peter Bauer,kendra62
7093,Male,1,Bobby Harris,dmiller
7094,Male,2,John Mcbride,rebecca45
7095,Female,1,Tricia Schultz,emorgan
7096,Female,1,Martha Barker,kingjoshua
7097,Male,1,Colton Lawrence,cheryl21
7098,Female,2,Jennifer Decker,amy91
7099,Female,1,Cindy Crawford,rmata
7100,Female,2,Deborah Lewis,clintonfreeman
7101,Male,2,Dominic Fuller,trobles
7102,Female,1,Nancy Hall,sandra96
7103,Male,1,Daniel Scott,justinmccoy
7104,Male,2,Bryan Miller,bowersamy
7105,Female,1,Theresa Stanton,matthewmcdonald
7106,Female,1,Stephanie Fields,smithwilliam
7107,Female,1,Mallory Mendoza,mark10
7108,Female,1,Tara Hunter,james48
7109,Male,1,James Smith MD,jmurray
7110,Male,2,Peter Young,michaelmcdonald
7111,Male,2,Michael Harding,mejiamelissa
7112,Male,1,Todd Pena,robinsonalicia
7113,Female,1,Linda Choi,wfisher
7114,Male,2,Brian Lopez,kballard
7115,Male,2,Preston Cross,zachary46
7116,Female,1,Amber Walker,amanda57
7117,Female,1,Amy Medina,gutierrezkristen
7118,Male,2,Gregory Zamora MD,ryanshaun
7119,Male,2,Michael James,yvonne07
7120,Female,1,Casey Moore MD,lindakaiser
7121,Female,2,Nicole Clark,jessica93
7122,Male,2,Joshua Huffman,lambertjennifer
7123,Female,1,Tammy Branch,wanthony
7124,Male,1,Andrew Moore,melissawashington
7125,Female,1,Erin Reynolds,rebecca19
7126,Male,2,Ronald Henry,jfuller
7127,Female,2,Maria Jordan,amandachen
7128,Female,1,Hannah Miller MD,katherineruiz
7129,Male,2,John Flynn,jessicawong
7130,Female,1,Stephanie Ray,trevor75
7131,Male,1,Tyler Anderson,kevin32
7132,Female,1,Catherine Escobar,lindseykelly
7133,Male,2,Gregory Alexander,ytaylor
7134,Female,1,Angela Kennedy,zbailey
7135,Male,2,Joseph Lyons,nbird
7136,Male,2,Charles Burns,lcarroll
7137,Female,2,Stephanie Harris,christopher93
7138,Female,1,Dawn Johnson,tyler34
7139,Female,2,Tiffany Gordon,wrightkeith
7140,Female,2,Jessica Le,wallaceallen
7141,Female,1,Debra Rose,usmith
7142,Male,2,Jonathan Parsons,marcstephens
7143,Male,2,Jason King,tsmith
7144,Male,2,Victor Gonzalez,brandiwilliams
7145,Female,2,Melissa Bell,freemanlinda
7146,Male,2,Alex Rogers,aprilward
7147,Male,1,Jason Hall,markortiz
7148,Female,1,Krystal Wise MD,cheryl90
7149,Female,1,Amanda Smith,mendozaronald
7150,Male,2,Joseph Miller,john42
7151,Female,2,Kristen Spencer,dannyroberts
7152,Female,2,Andrea Bell,rhamilton
7153,Female,1,Carol Moore,scotthawkins
7154,Female,2,Brittney Warren,stephen02
7155,Female,2,Krystal Smith,ocarney
7156,Male,1,William Chang,john54
7157,Female,1,Samantha Roy,zlong
7158,Male,2,Tony Arroyo,patricia86
7159,Male,2,William Stewart,flemingronald
7160,Female,1,Barbara Trujillo,strujillo
7161,Female,2,Becky Weeks,rmcclain
7162,Female,1,Monica Watts,amueller
7163,Female,1,Maureen Lutz,stevenguerrero
7164,Male,1,Jesus Lewis,glewis
7165,Female,1,Michelle Sullivan,mary90
7166,Male,2,Jose Shaw,morenovicki
7167,Female,1,Rachel Krause,erin01
7168,Female,1,Kellie Edwards,davidmiller
7169,Female,2,Susan Duncan,millercrystal
7170,Female,1,Ashley Jennings,kyle34
7171,Male,1,Timothy Collins,ellisonstephanie
7172,Male,2,Mr. Kyle Moore,phamilton
7173,Female,1,Mary Roberts,omiller
7174,Male,1,Christopher Hoffman,ejacobs
7175,Female,2,Brittany Williams,charles84
7176,Female,1,Mary Aguirre,sydney45
7177,Female,2,Taylor Wade,bjones
7178,Male,1,William Johnson,jacksonjoanna
7179,Male,2,David Sanchez,cassandrawright
7180,Male,2,Ian Crawford,bwarren
7181,Male,1,Robert Combs,scott56
7182,Female,1,Brittany Jackson,mariecunningham
7183,Male,2,Timothy Andrade,vmcintosh
7184,Female,2,Rachel Rodriguez,chadwilcox
7185,Female,2,Tina Miller,alexis77
7186,Female,2,Victoria Krause,justin42
7187,Female,2,Anna Davis,wilsonjacqueline
7188,Female,2,Stephanie Rose,watersbradley
7189,Female,2,Tanya Olson,woodsfred
7190,Female,2,Ann Jones,michael68
7191,Female,1,Nancy Aguilar,urobinson
7192,Female,1,Jennifer Curtis DVM,bradfordmary
7193,Male,2,Paul Stein,jennifer10
7194,Female,1,Kaylee Yang,sean10
7195,Male,1,Richard Roberts,trobinson
7196,Male,2,Jose Spears,bwhite
7197,Male,1,Michael Williams,huntmelissa
7198,Male,2,Lee Morrison,luis32
7199,Male,1,William Porter Jr.,williamcampos
7200,Male,1,James Sawyer,suzanneswanson
7201,Male,1,Johnny Jackson DDS,swalker
7202,Female,2,Mary Burton,brucejacobs
7203,Female,1,Sherry Collins,katelyn11
7204,Female,1,Elizabeth Garrett,sergiobarajas
7205,Male,2,Vincent Price,jennifersmith
7206,Female,1,Amy Richard,christophervelez
7207,Female,2,Anna Booth,espinozabrandon
7208,Male,2,Joseph Jackson,ngray
7209,Female,2,Nichole Curtis,newtonpaula
7210,Male,2,Ryan Smith,rhonda64
7211,Female,1,Sherry Lozano,jennifer15
7212,Male,2,Dakota Green,dyoung
7213,Female,2,Tiffany Moore,cherylcarter
7214,Male,1,Steven Perkins,michael17
7215,Male,1,Arthur Lee,moralesnicholas
7216,Male,2,Scott Bush,joannaallen
7217,Male,1,Zachary Harper,ywilson
7218,Female,1,Lori Yates,hayesbriana
7219,Female,1,Karen Livingston,joshuarandall
7220,Male,2,Timothy Bradley,jasonhicks
7221,Female,2,Mindy Stevenson,jenna50
7222,Female,1,Yvonne Williams,lboyd
7223,Male,2,Martin Ballard,taylordaniel
7224,Male,1,Thomas Guzman,karenkeller
7225,Male,1,Thomas Francis,jermaine60
7226,Female,1,Andrea Stokes,gadams
7227,Male,1,Jose Sosa,kyle10
7228,Female,2,April Sparks,fandrews
7229,Male,2,Brandon King,masseykevin
7230,Male,2,Kevin Kelly,vmartinez
7231,Male,2,Matthew Davis,tyler27
7232,Male,2,Clifford Mccall,fcollins
7233,Male,2,Michael Mendoza,amberfowler
7234,Male,1,Stephen Keller,sharon33
7235,Male,1,Ronald Murphy,janet20
7236,Female,1,Teresa Stein,virginia72
7237,Male,2,Shawn Wyatt,john68
7238,Male,2,Matthew Smith,stevensullivan
7239,Male,2,Christian Phillips,samuelstephens
7240,Female,2,Lisa Dickson,lcooper
7241,Female,1,Karen Saunders,maymark
7242,Male,1,Michael Riggs,jasonanderson
7243,Female,2,Crystal Parker,jcunningham
7244,Female,2,Julia Smith,garrisonjesus
7245,Male,1,Charles Gutierrez,fjohnson
7246,Male,2,David Hall,bthompson
7247,Female,2,Victoria Hansen,ldaniels
7248,Female,2,Erica Armstrong,vweiss
7249,Male,2,Justin Harris,kellysandra
7250,Male,2,Jeffery Horne,nicole67
7251,Male,2,James Johnson,llewis
7252,Male,2,Jacob Mckay,james94
7253,Male,2,Daniel Mcdonald,qwashington
7254,Female,1,Rebecca Barr,groth
7255,Male,2,Thomas Moore,vsanchez
7256,Male,2,Christopher Francis,jasonosborn
7257,Male,1,Thomas Jones,michaeljohnson
7258,Female,1,Natalie Maddox,katherinemartinez
7259,Male,1,Fernando Watson,brownpatrick
7260,Female,2,Christina Diaz,jeffery02
7261,Male,1,Justin Wang,ashlee14
7262,Female,1,Carol Griffin,sullivanchristopher
7263,Male,1,Jason Williams,hcarrillo
7264,Male,2,Edward Sullivan,william61
7265,Female,1,Tracy Taylor,zbarrett
7266,Female,2,Tracie Bryant,dlong
7267,Female,2,Deborah Wilson,zholmes
7268,Male,1,Jesse Reed,wadejasmine
7269,Female,2,Terry Gonzales,williamsbrooke
7270,Male,1,Michael Scott,jeffrey57
7271,Male,2,Aaron Johnson,thomasalexis
7272,Female,2,Laura West,charlesyoung
7273,Male,1,Michael Hamilton,jeffrey32
7274,Male,2,David Schultz MD,jennifer35
7275,Female,2,Judith Smith,garnersamuel
7276,Female,2,Michele Larsen,ustokes
7277,Male,1,Derek Rodriguez,rushbeth
7278,Male,1,Keith Ramirez,montgomerybarbara
7279,Female,2,Ashley Steele,timothy29
7280,Male,1,Troy Jones,nlowe
7281,Male,1,Daniel Robinson,tranvictoria
7282,Male,1,Martin Villarreal,chavezthomas
7283,Male,1,Thomas Walker,chanwalter
7284,Female,1,Tiffany Phillips,crystal96
7285,Female,1,Ms. Jordan Powell,michelle80
7286,Male,2,Adrian Bauer,bcollins
7287,Male,1,Patrick Wade,brownmark
7288,Male,2,Ryan Mcmillan,jessica71
7289,Male,1,Charles Gardner,cgregory
7290,Male,1,Kenneth Lucas,reedtravis
7291,Female,2,Valerie Green,jamescastro
7292,Male,1,Michael Warren,bwright
7293,Male,1,Matthew Briggs,christopher53
7294,Female,2,Lisa Smith PhD,fergusonmartin
7295,Male,2,Corey Dean,amberhicks
7296,Female,1,Heather Thomas,masondanielle
7297,Male,1,Logan Daniels,desireelewis
7298,Female,2,Suzanne Davis,joanne99
7299,Female,1,Amanda Fry,amberneal
7300,Male,1,Jeremiah Walker,allison36
7301,Male,2,Jonathan Dickerson,kennethhenson
7302,Female,2,Laura Lopez,anthony60
7303,Female,1,Brenda Goodman,vegabenjamin
7304,Male,1,Douglas Garcia,gsanchez
7305,Male,1,Joseph Torres,maynardjoseph
7306,Female,2,Brenda Smith,milleramber
7307,Male,2,Michael Baker,gnguyen
7308,Male,2,Mark Rodriguez,judydavis
7309,Female,1,Mary Kaiser,jclark
7310,Male,2,Nathaniel Jones,danfrost
7311,Female,1,Cheryl King,jacobshepherd
7312,Female,2,Kelly Espinoza,smithjames
7313,Male,2,Gary Ramsey Jr.,donnalewis
7314,Female,1,Gina Davis,saunderscynthia
7315,Female,1,Kathleen Macias,alicia56
7316,Female,2,Megan Grant,kara67
7317,Male,2,Paul Burch,barneslawrence
7318,Male,1,Joseph Farley,shannonspears
7319,Male,1,Christopher Patton,tommyalexander
7320,Female,1,Stephanie Weber,marylawrence
7321,Male,2,David George,rebekahgarcia
7322,Female,2,Sara Salazar,carpenternathan
7323,Male,1,Christopher Lopez,pmoore
7324,Female,2,Julie Hernandez,johnsongregory
7325,Female,2,Samantha Gonzales,kaylamiles
7326,Female,2,Denise Singh,heatheranderson
7327,Female,2,Kristen Stewart,lopezanna
7328,Male,1,Andrew Green,hmorris
7329,Male,1,Justin Cohen,kellyjohnson
7330,Male,2,Edward Ryan,jmartin
7331,Male,2,George Browning,mezadanielle
7332,Female,1,Miss Carla Mercado,michaelbeck
7333,Male,2,Edwin Roberts,lwalter
7334,Female,1,Erica Jennings,nbryant
7335,Male,2,John Adams,chanrobert
7336,Female,2,Beth Ingram,robertocohen
7337,Female,1,Brenda Lopez,dakota53
7338,Female,2,Felicia Martin,qschmidt
7339,Female,2,Mary Lawrence,ocase
7340,Male,1,Michael Gonzalez,deckerjanet
7341,Female,1,Angela Hawkins,ryanwilliams
7342,Male,2,Jason Wheeler,kingkenneth
7343,Male,2,Jason West,williamrodriguez
7344,Female,1,Jennifer Schneider,jenniferwood
7345,Female,1,Patricia Gardner,christopher08
7346,Female,1,Julie Rivera,rking
7347,Male,1,John Meyer,branchryan
7348,Male,2,Thomas Clarke,robert95
7349,Male,2,Jared Martinez,bwilliams
7350,Female,2,Anne Garrison,carl38
7351,Male,2,Ian Spencer,samuelnichols
7352,Female,2,Lauren Evans,vasquezmichele
7353,Female,2,Emily Thompson,lvelasquez
7354,Male,1,Daniel Bond,salinasjoseph
7355,Female,2,Jill Shaw,zparks
7356,Female,1,Hailey Jones,patriciawarren
7357,Female,1,Jessica May,jacqueline59
7358,Male,1,Mitchell Santana,matthewcastro
7359,Male,2,Johnny Wallace,cortezcarmen
7360,Male,2,Kevin Tran,sandra97
7361,Female,1,Annette Richards,walshamy
7362,Female,1,Nancy Glass,anthony58
7363,Male,2,Charles Hall,raymondgates
7364,Female,2,Dawn Wilson,karlabriggs
7365,Male,2,David Garcia,melindahansen
7366,Female,1,Ellen Reed,robert67
7367,Female,1,Elizabeth Hartman,robertmoore
7368,Female,1,Allison Fisher,saundersamy
7369,Male,1,Dillon Wright,wardchad
7370,Female,2,Alexandra Ramos,rrodriguez
7371,Male,1,Calvin Estrada,mayszachary
7372,Male,1,Benjamin Owens,austinkevin
7373,Female,2,Ashley Watson,maddoxbradley
7374,Male,2,Robert Torres,taylornancy
7375,Male,2,Ronald Chavez,cameron88
7376,Female,2,Sandra Shelton,drogers
7377,Female,2,Karen Mitchell,kingtonya
7378,Female,1,Colleen Murray,saraanthony
7379,Female,2,Amanda Lee,denisestevens
7380,Male,2,Scott Smith,josewade
7381,Female,1,Donna Fox,timothy00
7382,Female,2,Jane Mclean,ulong
7383,Male,1,John Walker,andrea85
7384,Male,1,Justin Robinson,davisjake
7385,Male,2,Jose Marshall,michele24
7386,Female,2,Nicole Carter,dwilson
7387,Female,2,Samantha Washington,linda82
7388,Female,1,Monica Miller,staceycox
7389,Male,1,Fernando Lewis,crawfordstephanie
7390,Male,2,Thomas Munoz,dana97
7391,Female,1,Michelle Velez,ufernandez
7392,Male,1,Dwayne Mack,chenrobert
7393,Male,1,Brandon Jones,vanessamontgomery
7394,Female,1,Erin Collins,castillomary
7395,Female,2,Lori Reynolds,hallwilliam
7396,Male,2,Brandon Banks,alicia43
7397,Female,2,Amanda Ramirez,lisabeck
7398,Male,2,Michael Wilson,dawsonandres
7399,Female,1,Miss Linda Cain MD,adamscynthia
7400,Male,1,Michael Robinson,paula69
7401,Male,2,John Anderson,barbara53
7402,Female,2,Angel Smith,warnerchad
7403,Male,1,John Romero,bennetttamara
7404,Female,1,Linda Armstrong,rileyhannah
7405,Male,1,Jesse Sanders,harperbrittany
7406,Female,2,Judy Cross,brobinson
7407,Female,1,Christina Baldwin,eduardo28
7408,Female,1,Brooke Hunter,christinebrown
7409,Male,1,Richard Chung,tamarawarner
7410,Male,1,Carl Peters,santiagosara
7411,Female,2,Maria Watson,mdavis
7412,Female,2,Carmen Whitehead,denise57
7413,Male,1,Sean Dawson,qgarcia
7414,Male,2,Brandon Kim,doris37
7415,Male,2,Kyle Jackson,lopezsusan
7416,Female,1,Emily Bell,johnsonvernon
7417,Male,1,Anthony Jones,paula35
7418,Female,1,Jane Morales,kevin24
7419,Male,2,David Wood Jr.,njordan
7420,Male,2,Brandon Lee,clong
7421,Male,1,Timothy Burke,haleygill
7422,Female,2,Christine Martin,justinortiz
7423,Female,2,Katherine Jacobs,stewartpatrick
7424,Female,2,Jody Hubbard,iholt
7425,Female,2,Beth Walker,thompsoneric
7426,Male,1,John Harris,kathleen08
7427,Female,2,Brittany Burgess,kylie64
7428,Female,2,Janice Castillo,emily38
7429,Male,1,Albert Cardenas,philliprobinson
7430,Male,2,Michael Hines,tony66
7431,Male,1,Matthew Benton,alice24
7432,Female,1,Lisa Snyder,olarson
7433,Female,1,Karen Evans,vjones
7434,Female,2,Paula Gonzalez,mhenry
7435,Female,2,Danielle Smith,thomasbrandon
7436,Female,1,Brittany Jones,rosstyler
7437,Male,1,William Ellis,holly47
7438,Male,1,Jeffrey Daugherty,miguelmoore
7439,Male,2,Carl Rodriguez,rachelthompson
7440,Male,1,Christopher Lawrence,hamiltonchristopher
7441,Male,1,Rick Jackson,holderjacob
7442,Female,1,Yesenia Macias,ayalasean
7443,Male,2,Justin Peters DDS,emma61
7444,Female,1,Madison Richardson,dmalone
7445,Male,2,Edgar Mccoy,thomasdana
7446,Female,2,Erica Griffin,vbarrett
7447,Female,2,Kimberly Pacheco,joseph93
7448,Male,1,Matthew Elliott,troy74
7449,Female,1,Jessica Smith,charles96
7450,Male,1,Jesus Kelley,william49
7451,Male,1,Bradley Pierce,alexanderfitzgerald
7452,Female,2,Lindsey Johnson,morrisdeanna
7453,Male,1,Edward Wilson,matthewhall
7454,Male,1,Richard Smith,williamlawson
7455,Female,2,Sandy Watson,mcknightmario
7456,Female,1,Sydney James,adrian47
7457,Female,2,Brenda Miller,figueroageorge
7458,Male,1,Wesley Moore,brandi43
7459,Male,2,Timothy Taylor,kewing
7460,Female,2,Robin Burns,stephanievang
7461,Female,1,Tara Evans,herrerarebekah
7462,Male,2,James Jones,sawyersteven
7463,Male,1,Kyle Garcia,derekjohnson
7464,Male,2,Eric Brandt,michaelbrown
7465,Female,2,Kirsten Wilson,mallorywallace
7466,Female,2,Ebony Middleton,jennifer01
7467,Female,1,Lauren Johnson,petersenjennifer
7468,Male,2,James Price,kim85
7469,Female,1,Samantha Conley,iking
7470,Female,1,Dawn Taylor,tryan
7471,Male,2,Sean Elliott,justinsantiago
7472,Male,1,Richard James,travis80
7473,Male,2,Brandon Dixon,tara96
7474,Female,1,Alexis Garcia,yolanda94
7475,Female,1,Shelly Pittman,djones
7476,Male,1,Scott Phillips,howelldaniel
7477,Male,2,Ray Lopez,robinsonedward
7478,Male,1,Norman Baker,msmith
7479,Female,1,Latoya Gallagher,samanthasmith
7480,Female,1,Megan Harvey,stephenblankenship
7481,Female,2,Kathleen Briggs,andrea05
7482,Female,1,Mrs. Monica Brooks,nflores
7483,Female,1,Tanya Floyd,fieldsdavid
7484,Female,2,Julie Gonzalez,leah48
7485,Female,1,Kimberly Peterson,adam09
7486,Male,1,Chris White,robertkramer
7487,Male,1,Andrew Foster,agarcia
7488,Male,1,Matthew Crane,barry78
7489,Male,1,David Dominguez,ramirezjoseph
7490,Female,1,Anne Hendricks,vscott
7491,Female,1,Karen Savage,cameronkoch
7492,Female,2,Danielle Smith,mendezbryan
7493,Female,1,Kaitlyn Tyler,gouldbrian
7494,Female,1,Michelle Garcia,ronald86
7495,Female,1,Sandra Greene,xwall
7496,Female,2,Rhonda Rivers,pamelagibson
7497,Female,1,Robin Silva,mason45
7498,Male,2,Patrick Le,tjohnson
7499,Male,1,Sean Williams,dawn21
7500,Male,2,Brad Donovan,ehammond
7501,Male,2,Gary Dorsey,loriscott
7502,Male,1,Erik Rivera,kmosley
7503,Female,1,Katherine Cuevas,suarezbeth
7504,Female,2,Robyn Sellers,patelmonique
7505,Female,2,Kristina Everett,dcarter
7506,Male,2,Jose Wright,samanthatorres
7507,Female,2,Hailey Thompson,donna34
7508,Female,2,Dorothy Mitchell,tonya58
7509,Female,1,Sue Lucero,jessicasaunders
7510,Female,2,Karen Foster,fchurch
7511,Male,2,Mark Wu,campbelltheresa
7512,Female,2,Allison Gardner,xnichols
7513,Female,2,Mary Watts,greenbrooke
7514,Female,1,Kelly Estes,tjohnson
7515,Male,1,William Gray,alexis00
7516,Female,1,Carolyn Douglas,walkeralexander
7517,Male,1,Sean Maldonado,nicholas79
7518,Female,1,Maureen Vazquez,sheila20
7519,Male,2,David Lawrence,sydneyodom
7520,Male,2,Tony Brown,zacharywise
7521,Female,1,Mary Mason,sandragross
7522,Female,1,Abigail James,adamsjonathan
7523,Male,1,Joe Johnson,tonya94
7524,Male,2,Justin Kennedy,hcaldwell
7525,Female,1,Terri Chapman,stephanie36
7526,Male,1,Stephen Martinez,odonnellkelli
7527,Male,2,Ian Warner,santanarachel
7528,Male,1,Jeffrey Reyes,wisejodi
7529,Male,1,Nicholas Yates,sgonzales
7530,Female,1,Nicole Richardson,taylor60
7531,Female,2,Karen Morrison,susandalton
7532,Male,1,Jason Cruz,wintersdaniel
7533,Female,2,Maria Allen,reedgregory
7534,Female,1,Kristen Henry,vsherman
7535,Female,1,Teresa Huff,mlong
7536,Male,1,Kevin Miranda,strongdestiny
7537,Male,1,Ricky Hines,fmoore
7538,Female,2,Aimee Donaldson,stevenbutler
7539,Male,2,Patrick Jenkins,dickersonjohn
7540,Female,1,Kristen Marquez,glennshelby
7541,Female,1,Julia Silva,qrogers
7542,Female,1,Melissa Chung,davidruiz
7543,Female,2,Lisa Harris,briancastillo
7544,Female,1,Diana Hughes,nmullins
7545,Male,1,Cody Stone,xbond
7546,Male,2,William Atkins,fmoore
7547,Female,2,Morgan Wilson,kelseybailey
7548,Male,1,Daniel Howard,holmesmarissa
7549,Female,2,Denise Wyatt,smithjohn
7550,Female,1,Elizabeth Turner,tommychristensen
7551,Male,2,Jason Young,flynnpreston
7552,Female,2,Cynthia Mason,pkent
7553,Female,1,Linda Harris,william59
7554,Male,2,Michael Davis,xross
7555,Male,2,Andre Hill,micheal99
7556,Male,2,Mark Davis,isaacgreen
7557,Female,2,Christina Boyd,garciawilliam
7558,Male,1,Andrew Lester,christineharper
7559,Female,2,Mrs. Jeanne Wheeler,fergusonlinda
7560,Female,1,Katelyn Stokes,fhiggins
7561,Female,2,Jennifer Hubbard,calderontheresa
7562,Female,2,Stephanie Kennedy,lisa14
7563,Female,1,Deanna Thompson,monroeclifford
7564,Male,2,Clayton Edwards,saraobrien
7565,Male,1,Brett Hall,maria24
7566,Male,2,Nicholas Moore,ohall
7567,Male,2,Jared Larsen,ericcobb
7568,Female,2,Stephanie Walker,martha57
7569,Male,2,Dean Kim,vcabrera
7570,Male,2,Jeffrey Rodriguez,stevensmartha
7571,Male,1,Shawn Le MD,ramirezjames
7572,Male,1,Joseph Rodriguez,robinsonmanuel
7573,Male,2,John Benitez,stephensjacob
7574,Female,1,Janet Kim,conneranna
7575,Male,1,Jonathan Thomas,seanthomas
7576,Male,1,Thomas Griffin,orodriguez
7577,Male,1,Stephen Henry,wisedennis
7578,Male,1,David Blake,evargas
7579,Male,2,Jason Kramer,susanparker
7580,Male,2,Brian White,khankayla
7581,Female,2,Heather Oneill,frodriguez
7582,Female,1,Melissa Ritter,fwalters
7583,Male,2,Matthew Meadows,carrillochad
7584,Female,2,Jennifer Porter,vcarson
7585,Male,2,William Mendez,davidpittman
7586,Male,1,Ricardo Ferguson,fporter
7587,Female,1,Victoria Morris,halllindsay
7588,Female,1,Sandra Smith,xadams
7589,Female,2,Jenna Ramos,longcarrie
7590,Male,1,Mr. Jason Fernandez,maria61
7591,Female,1,Wendy Mcdaniel,davisgregory
7592,Male,1,Dustin Taylor,stephanie38
7593,Male,2,Marc Hill,rhurley
7594,Female,1,Kathy Olson,abbottjennifer
7595,Male,1,James Meyers,wdavis
7596,Male,1,James Welch,isaiahsilva
7597,Male,1,Jackson Mcguire,dennischristopher
7598,Male,1,Jeremy Lopez,shieldsjustin
7599,Female,2,Lori Ballard MD,adam03
7600,Male,2,Mason Crosby,ljones
7601,Female,1,Lydia Smith,ronaldedwards
7602,Female,2,Joann Schmidt,graybonnie
7603,Female,2,Debbie Brown,bradleyfox
7604,Female,1,Jessica Edwards,michaelbrown
7605,Male,1,Gregory Morgan,steve62
7606,Female,1,Jennifer Jackson,emilypoole
7607,Male,2,Chris Dixon,lmorales
7608,Female,1,Donna Hall,harrisonpaul
7609,Male,1,Alexis Hatfield,daniellejohnson
7610,Female,2,Megan Wallace,icurtis
7611,Male,2,Alexander Porter,amy04
7612,Male,1,Brandon Diaz,jonesmorgan
7613,Female,1,Theresa Hayes,jeffrey92
7614,Male,1,Kevin Riley,sperez
7615,Male,1,Jerry Robles,jenniferdavid
7616,Male,2,Brian Davis,emilyking
7617,Female,2,Jessica Spencer,tkoch
7618,Female,2,Taylor Wilkinson,wbarnett
7619,Female,1,Mandy Gonzalez,nmartinez
7620,Male,1,Nicholas Johnson,xsmith
7621,Female,1,Michelle Mora,tboyd
7622,Female,1,Laura Combs,summersbrittany
7623,Male,1,David West,nruiz
7624,Male,1,Albert Kaufman,leemichelle
7625,Female,2,Dawn Gray,sarah01
7626,Male,1,David Lyons,ylong
7627,Male,1,James Lawson,lowejudy
7628,Female,2,Margaret Petersen,veronica47
7629,Male,2,Jacob Jones,jennifer44
7630,Female,1,Stacey Burke,slewis
7631,Male,1,Randall Shields,williamsruth
7632,Male,2,Jacob Taylor,jeanette62
7633,Male,1,James Navarro,wsanchez
7634,Male,1,Kent Williams,karen63
7635,Male,1,Miguel Moss,usantos
7636,Female,1,Teresa Gibson,xmorris
7637,Male,2,Nathan Suarez,briannacastillo
7638,Female,1,Susan Lee,rodriguezjeff
7639,Female,1,Jordan Smith,carmen46
7640,Male,1,Chris Zavala,patrickthomas
7641,Female,1,Ebony Black,jenniferdavies
7642,Male,2,Jacob Rose,montoyachristopher
7643,Female,1,Shelley Thomas,ejones
7644,Male,1,Edward Yates,angela19
7645,Male,1,Justin Harris,qbrooks
7646,Female,2,Kirsten Nelson,stephanie84
7647,Male,2,Jesus Johnston,qlopez
7648,Male,2,Jeffrey Smith,martinquinn
7649,Male,1,James Rhodes,vasquezdavid
7650,Male,1,Gary Clark,asmith
7651,Male,2,Max Mclaughlin,lmendoza
7652,Female,1,Sydney Nielsen,susan02
7653,Male,2,Jacob Perkins,darryl91
7654,Male,1,Mark Gray,scottnguyen
7655,Male,2,Darren Harrell,lawrencekevin
7656,Male,1,Jonathan Thomas,vramos
7657,Male,1,Luis Compton,thomaswest
7658,Male,2,Ryan Martinez,zjones
7659,Female,2,Desiree Tucker DDS,ehammond
7660,Female,1,Lauren Bailey,melissa23
7661,Female,2,Cheryl Odom,zimmermanalexander
7662,Female,2,Amy Fitzpatrick,earl53
7663,Female,1,Melissa Gill,chadmartinez
7664,Male,1,Angel Dominguez,cunninghamcassandra
7665,Female,1,Catherine Hardy,alexanderbrian
7666,Female,1,Hannah Turner,gardnermichael
7667,Female,2,Christine Edwards,ptorres
7668,Male,2,Adrian Moore,monicathompson
7669,Female,1,Amanda Lopez,calvinwang
7670,Male,2,Jesse Obrien,mercedes51
7671,Female,2,Danielle Price,freemanjill
7672,Female,1,Crystal West DDS,maryleach
7673,Female,1,Shannon Osborne,camposcathy
7674,Male,1,Jason Bradford,matthewchristensen
7675,Female,1,Lisa Liu,ymontgomery
7676,Female,2,Crystal Scott,maddoxdavid
7677,Female,2,Jamie Chapman,ojohnson
7678,Male,2,Luis Steele,michael12
7679,Female,1,Amanda Young,zskinner
7680,Female,2,Erica Johnson,tchen
7681,Female,2,Madison Ross,jonesmicheal
7682,Male,2,Mark Gonzales,rgarcia
7683,Female,2,Kristina Osborne,fboyer
7684,Male,1,Joshua Dodson,nflores
7685,Male,2,Brian Smith,imonroe
7686,Female,2,Stephanie Phillips,millermichael
7687,Male,2,Michael Cox,bwashington
7688,Male,1,Jacob Guzman,mendezmarie
7689,Female,1,Debra Gilbert,frenchdana
7690,Male,1,Christopher Smith,curtisthomas
7691,Female,1,Lisa Shepherd,aaron02
7692,Male,2,Michael Barnes,jack74
7693,Female,2,Melissa Perkins,craigthornton
7694,Female,2,Heather Vargas,bgilbert
7695,Female,2,Kimberly Young,salazarscott
7696,Male,1,Matthew Irwin,walter96
7697,Female,2,Angela Greene,schneiderian
7698,Female,1,Sarah Castillo,cody07
7699,Male,2,Michael Fletcher,toddramirez
7700,Male,1,David Rodriguez,stacy75
7701,Female,1,Susan Park,kennethmatthews
7702,Male,1,Steven Robinson,brenda02
7703,Female,1,Jamie Bell,robertmiller
7704,Male,1,Brett Scott,vmontgomery
7705,Female,1,Jamie Rosales,jarvisrussell
7706,Male,2,Christopher Collins,mclaughlinmelissa
7707,Male,1,Jacob Bennett,ayalakristin
7708,Male,2,Dylan Baker,wking
7709,Male,2,Philip Ryan,tara29
7710,Male,1,Paul Clark,makayla24
7711,Female,2,Holly Bartlett,carlchapman
7712,Female,1,Gina Moore,sarah68
7713,Male,1,Christopher Mcdaniel,richardbrown
7714,Female,1,Samantha Graham,jmontes
7715,Male,1,David Taylor,jennifer67
7716,Male,2,James Gardner,kimberly28
7717,Male,2,Daniel Martin,randyfigueroa
7718,Male,2,Michael Johnson,tammy45
7719,Female,1,Debra Little MD,timothycortez
7720,Female,2,Gloria Young,horncaroline
7721,Male,2,Matthew Cannon,evelynfox
7722,Female,2,Rhonda Tran,ublack
7723,Female,2,Tiffany Frye,bwood
7724,Female,1,Kristin Lynch,jacquelinedonaldson
7725,Female,2,Jennifer Sampson,jessicavalencia
7726,Female,2,Monique Walker,kberry
7727,Female,2,Rhonda Lopez,kimberly33
7728,Male,2,Jared Stewart,cooperrussell
7729,Female,2,Jennifer Mitchell,laurenarmstrong
7730,Female,2,Melissa Cole,matthewstark
7731,Male,1,James Mitchell,jennifermosley
7732,Female,2,Mary Patel,xhouston
7733,Female,2,Amanda Gill,lyates
7734,Male,1,Jason Moore,joshuaclark
7735,Female,2,April Tucker,ashannon
7736,Male,1,Kristopher Lewis,amberharris
7737,Male,1,John Hughes,weaverjoseph
7738,Male,1,Eric Gomez,etaylor
7739,Male,2,William Christian,davisstacy
7740,Female,2,Mrs. Sandra Lee MD,brenda84
7741,Female,2,Tiffany Ruiz,susancarr
7742,Female,1,Donna Hughes,ashleyfitzgerald
7743,Female,2,Brandy Matthews,selena94
7744,Male,1,William Martin,gabrielrogers
7745,Female,1,Nancy Williams,michael44
7746,Female,1,Patricia Phillips,jessica76
7747,Male,1,Nicholas Fuentes,kennethbarnes
7748,Male,1,Noah Delgado,johnmclean
7749,Male,2,Paul Molina,omartinez
7750,Female,2,Michelle Montgomery,marissabullock
7751,Female,1,Alexandra Smith,fosterantonio
7752,Female,1,Christina Hurst,wilkersondonna
7753,Female,1,Krystal Griffin,tracy35
7754,Male,1,Jeff Cole,oaguilar
7755,Male,1,William Adams,bethanymelendez
7756,Female,1,Sarah Delgado,williamperry
7757,Female,1,Nancy Martinez,syoung
7758,Male,1,Ian Elliott,jameslee
7759,Male,2,Craig Gonzalez,zlewis
7760,Female,1,Mrs. Katelyn Vega,maria87
7761,Female,2,Allison Johnson,anneschroeder
7762,Female,2,Catherine Thompson,mary01
7763,Female,1,Cynthia Scott,parkersusan
7764,Male,2,Craig Johnson,julieholt
7765,Male,1,Jack Rogers,rebeccapearson
7766,Female,2,Holly Olson,rebecca60
7767,Female,1,Gloria Ramirez,haley03
7768,Male,2,Robert Cortez,jennifer99
7769,Female,2,Ann Jennings,burgessbrenda
7770,Male,2,Matthew Freeman,xyoung
7771,Male,1,Brian Davis,richard43
7772,Female,2,Linda Nelson,djohnson
7773,Female,1,Aimee Beasley,ahernandez
7774,Female,2,Tiffany Reed,kennethrhodes
7775,Male,1,Thomas Fowler,thomastravis
7776,Female,1,Maria Watson,loriking
7777,Male,1,George Meyer,carterlatoya
7778,Male,1,Ryan Gross,andrew07
7779,Male,2,Calvin Sanchez,allison32
7780,Female,2,Mary Stone,pottsrobert
7781,Female,2,Kathy Powell,montesjuan
7782,Male,1,Darren Sanders,francisdenise
7783,Male,2,Matthew Carter,iolson
7784,Female,2,Grace Cochran,evangarcia
7785,Male,1,Kyle Cain,michelle79
7786,Female,2,Teresa Harris,hermanmary
7787,Female,1,Melissa Reynolds,fjohnson
7788,Male,2,Michael Lewis,ocooper
7789,Male,2,Robert Obrien,bridgesdebra
7790,Female,1,Stacey Rivera,bhart
7791,Female,1,Laura Gonzales,mwhite
7792,Female,2,Lisa Bowen,tara29
7793,Male,1,Frank Saunders,jenniferrodriguez
7794,Female,2,Kayla Walker,karinagarcia
7795,Male,1,Kyle Alexander,pageamanda
7796,Male,2,Donald Buchanan,natashachang
7797,Male,2,Joshua Wagner,jimmythomas
7798,Male,1,Xavier Wright,marshkaitlyn
7799,Male,1,John Mathews,jefferymarshall
7800,Male,1,Michael Brown,mooregregory
7801,Male,1,Thomas Smith,othompson
7802,Female,2,Diane Gibson,jeremy81
7803,Female,1,Marissa Thompson,michael67
7804,Male,1,Jonathon Vega,salvarez
7805,Female,2,Julia Wise,smithjeffrey
7806,Female,1,Brooke Chavez,everettkimberly
7807,Male,2,Bryan Sullivan,jeremyfarley
7808,Female,2,Laura Holmes,htravis
7809,Female,2,Kimberly Turner,hfrazier
7810,Female,1,Jordan Zuniga,ericksontanya
7811,Male,2,William Lopez,sellerskathryn
7812,Male,1,Jack Hunt,angelica69
7813,Male,2,Mr. Zachary Simpson Jr.,justin05
7814,Female,1,Ms. Shirley Peterson,jennifer33
7815,Male,1,Scott Davila,manuel06
7816,Female,2,Denise Gonzalez,emorales
7817,Female,2,Joyce Lee,valerie77
7818,Female,1,Debra Garcia,ebrown
7819,Male,1,Shane Herring,knightamanda
7820,Female,1,Candace Clark,toddrios
7821,Male,2,Eduardo Fernandez,erik78
7822,Female,2,Wanda Golden,lacey33
7823,Male,2,Donald Davis,robert28
7824,Male,2,David Orozco,calderonthomas
7825,Male,2,Wesley Campbell,chris88
7826,Female,2,Kayla Richmond,hernandeznicole
7827,Female,1,Donna Ruiz,jamesfoster
7828,Female,1,Elizabeth Pitts,brownsherry
7829,Male,1,Jacob Miller,henrymartin
7830,Male,1,Jacob Brooks,timothy13
7831,Male,1,Christopher Nguyen,robertsbenjamin
7832,Male,2,Paul Robbins,lesliewilliams
7833,Female,1,Brandy Dickerson,powelldebra
7834,Female,2,Caroline Nelson,simsadam
7835,Female,1,Melanie Patterson,bperry
7836,Female,2,Ashley Stanton,timothyescobar
7837,Male,1,Michael Haynes,gbrown
7838,Female,2,Cynthia Reeves,ellen79
7839,Female,2,Marie Best,eric75
7840,Male,1,Spencer Floyd,david47
7841,Female,2,Kristina Rosales,elizabeth51
7842,Male,1,Elijah Reid,bethanybrown
7843,Female,2,Margaret Thomas PhD,fhayes
7844,Female,2,Heather Williams,goldenashley
7845,Male,1,Michael Jones,icordova
7846,Male,2,Michael Brown,kellypittman
7847,Female,2,Jennifer Hernandez,swilliams
7848,Female,1,Karen Cox,fullerjohn
7849,Male,1,Gary Wilson,kimberlyacevedo
7850,Female,1,Sara Johnson,angela61
7851,Female,2,Melanie Black,campbellcolleen
7852,Female,1,Monica Jackson,brittany07
7853,Female,2,Katie Flynn,batestravis
7854,Male,2,Joseph Green,aharrison
7855,Male,1,Corey Richardson,bterry
7856,Female,1,Crystal Henry,jessicawarner
7857,Male,2,Alec Kim,michaelsellers
7858,Male,2,Thomas Rice,parker34
7859,Female,2,Lisa Curtis,adamanderson
7860,Female,2,Jennifer Foley,csmith
7861,Male,1,Kevin Walker,wendy00
7862,Female,1,Emma Singh,morrisjohn
7863,Male,2,Jose Berry,shericannon
7864,Female,2,Roberta Kline,katiegomez
7865,Female,2,Miss Meghan Merritt,kellyjose
7866,Male,2,Bradley Murray,gparker
7867,Female,1,Christine Mendoza,avilamelissa
7868,Female,1,Jessica Combs,tara79
7869,Female,1,Rachel Norton,davisryan
7870,Male,1,Jason Nelson,scottayers
7871,Male,2,Edward Harris,denniserickson
7872,Female,2,Veronica Bolton,williamsruth
7873,Male,1,Jacob Hoover,erin14
7874,Male,2,Hayden Duffy,meganparker
7875,Male,1,William Shields,pwarren
7876,Male,2,Michael Grant,kimberly42
7877,Female,2,Kayla Pierce,allison63
7878,Male,1,Christopher Johnston,grahamrobert
7879,Female,2,Amy Cohen,frederickjudith
7880,Male,1,Jason Frank,davisreginald
7881,Male,2,Robert Brown,lbaker
7882,Male,2,Aaron Myers,paula57
7883,Female,1,Christine Kennedy,fyoung
7884,Female,1,Patricia Phillips,brandijackson
7885,Female,2,Katie Rice,brian49
7886,Female,2,Michelle Green,laurasanders
7887,Female,1,Brittany Taylor,melissanoble
7888,Female,2,Angel Henry,brenda10
7889,Female,2,Betty Cole,janet07
7890,Female,2,Melissa Hammond,william43
7891,Male,1,Kevin Ray,espence
7892,Female,1,Melissa Gutierrez,singletonsteven
7893,Male,2,Andrew Chan,erica33
7894,Male,1,Gary Gentry,dominiquebrown
7895,Female,2,Elizabeth Combs,jonathanpeters
7896,Male,2,John Lam,tammy60
7897,Male,2,James Brown,chelsea29
7898,Female,1,Wanda Murphy,tommy92
7899,Male,2,Adam Mclaughlin,ethompson
7900,Male,1,Timothy Stevenson,jmiller
7901,Male,2,Samuel Osborn,qwhite
7902,Male,2,Paul Schmidt,hcooper
7903,Male,1,James Johnson,jamiepadilla
7904,Male,2,Mason Salazar,brandon39
7905,Female,1,Alyssa Brown,kimberlyvasquez
7906,Male,2,Anthony English,amy72
7907,Male,1,Paul Lee,andrewcampbell
7908,Female,2,Melanie Wells,klinejacob
7909,Female,2,Kristina Salazar,robert81
7910,Female,2,Annette Brown,brittany45
7911,Male,2,John Davis Jr.,yrivera
7912,Male,2,Daniel Murphy,williamsmatthew
7913,Female,2,Stephanie Rodriguez,williamwatkins
7914,Female,1,Alyssa Brown,pottspaula
7915,Male,1,Terry Weaver,hmacias
7916,Female,2,Christina Hill,jonathangalloway
7917,Female,1,Melissa Jones,pearsonhunter
7918,Female,1,Donna Vasquez,pricedavid
7919,Male,1,Brandon Hayes,desiree50
7920,Female,2,Grace Jarvis,kelly93
7921,Male,2,Jeffrey Martin,danasmith
7922,Male,1,David Butler,lopezapril
7923,Female,2,Bonnie Anderson,saraharnold
7924,Male,1,Jonathan Freeman,carrie31
7925,Male,1,Jonathan Juarez,heather03
7926,Female,1,Carla Miller,browndennis
7927,Male,1,William Cooper,jasonodom
7928,Male,1,Ricky Lynn,daniel70
7929,Female,1,Jennifer Murphy,huffrachael
7930,Female,1,Ashley Lynch,brian50
7931,Female,2,Danielle Moore,santosvictoria
7932,Female,2,Melissa Horn,fknight
7933,Female,2,Suzanne Powell,grantmichael
7934,Male,1,William Rivera,fmcmahon
7935,Female,2,Amber Lopez,brockdevin
7936,Female,1,Aimee Nolan,cshaffer
7937,Female,2,Theresa Hill,ortizbrandon
7938,Male,2,David Maxwell,lduncan
7939,Male,1,Steven Gonzalez,vsmith
7940,Male,1,Adam Ryan,brett72
7941,Female,1,Jessica Gordon,josephlittle
7942,Male,2,John West,sherri15
7943,Male,1,Brendan Morales,huffmichelle
7944,Male,1,Richard Daniels,rachelbrown
7945,Male,1,Kevin Campbell,molly79
7946,Female,2,Lauren Marshall,jason14
7947,Male,2,Ronnie Brooks,sarah59
7948,Male,2,Nicholas Mccoy,glane
7949,Female,2,Betty Mcdonald,andrewcarlson
7950,Female,2,Carrie Wilson,john39
7951,Female,1,Melissa Gonzales,paul12
7952,Female,2,Lori Nunez,fsandoval
7953,Male,2,Robert Williams,allisonalicia
7954,Female,2,Lisa Sanders,kstewart
7955,Female,1,Alicia Snyder,cynthiadodson
7956,Male,1,Michael Mercer,ashley22
7957,Female,2,Jamie Farmer,stephaniebaker
7958,Male,1,Scott White,carrchristopher
7959,Female,1,Eileen Reese,francisdavis
7960,Male,1,Steven White,johnstonsuzanne
7961,Female,1,Kelly Fox,michelle09
7962,Female,2,Chloe Boyd,vjacobson
7963,Male,1,Jerry Perez,awilson
7964,Male,1,John Thompson,wongheather
7965,Female,1,Jennifer Brown,alopez
7966,Male,1,Paul Mcfarland,hawkinscatherine
7967,Male,1,Michael Cook,amypowers
7968,Female,1,Elaine Pierce,martinmorgan
7969,Male,1,Charles Ward,andrea69
7970,Female,1,Pamela Williams,hhernandez
7971,Male,2,Ronald Gonzales,amoore
7972,Male,1,Daniel Jackson,andrewmartin
7973,Female,1,Amy Patterson,ykim
7974,Male,1,Andrew Clark,dlee
7975,Male,2,Miguel Cunningham DDS,harmonheidi
7976,Female,1,April Conway,stacywilson
7977,Female,1,Katherine Walter,asmith
7978,Female,2,Holly Romero,debraperez
7979,Female,2,Tiffany Pierce,farleymelissa
7980,Female,2,Cynthia Williams,pamelapineda
7981,Male,1,Patrick Lowe,carrjoshua
7982,Female,2,Briana Williams,morrissarah
7983,Female,2,Sandra Holt,john36
7984,Male,1,George Gates,juliemendez
7985,Male,2,Charles Barron,rmclaughlin
7986,Male,1,Terry Smith,echen
7987,Female,1,Emily Andrews,meganpeterson
7988,Male,1,Robert Galloway,roberta01
7989,Female,2,Debbie Hall,joyce56
7990,Male,2,Johnny Adams,andrewgreen
7991,Female,2,Virginia Winters,sfletcher
7992,Male,2,James Sanders,michael30
7993,Female,2,Deborah Barnes,rickyirwin
7994,Male,1,Matthew Collins,tgordon
7995,Male,2,Phillip Garcia,april25
7996,Male,1,Albert Davis,williamsadam
7997,Male,1,Brandon Porter,rose66
7998,Male,1,James Aguirre,qparker
7999,Female,1,Terri Gonzalez,cwood
8000,Male,1,Michael Sutton,molinajames
8001,Male,2,Thomas Anderson,rachel20
8002,Female,1,Sharon Morris,mmathis
8003,Male,2,Mitchell Young,david51
8004,Female,2,Mary Lynch,smithshelby
8005,Female,1,Crystal Ryan,garciatammy
8006,Female,2,Kimberly Gill,christopherlawrence
8007,Male,2,David Contreras,patriciagomez
8008,Female,2,Janet Sullivan,hbrown
8009,Male,1,Patrick Guerrero,cflores
8010,Female,1,Caroline Woods,phillipsbarbara
8011,Male,1,Phillip Beard,katie18
8012,Female,2,Stephanie Jackson,libilly
8013,Male,2,Sean Johnson,xjohnson
8014,Male,1,Jermaine Parker,chaseward
8015,Male,2,Erik Herring,andersonshelly
8016,Female,2,Holly Cisneros,jennifer53
8017,Female,1,Rebecca Meyers,elliottlisa
8018,Male,2,Robert Walker,caseyhanson
8019,Male,1,Mr. Ricardo Reed,larsonamy
8020,Female,2,Megan Harris,colleenaustin
8021,Female,2,Amy Fisher,ithomas
8022,Female,2,April Mccann,parsonspeter
8023,Male,2,Manuel Flores,heather65
8024,Male,1,Richard Lutz,claudia39
8025,Male,2,Jerry Trevino,jennifersteele
8026,Male,1,Jeffrey Frey,smccarthy
8027,Female,1,Susan Rocha,martindebbie
8028,Male,2,Steven White,afrost
8029,Male,1,Michael Rojas,justinvargas
8030,Male,2,Bruce Diaz,martin97
8031,Male,1,Philip Dominguez,cathyfoster
8032,Male,1,Benjamin Wu,christopher17
8033,Female,2,Betty Joseph,matthew05
8034,Female,1,Jennifer Shaffer,mmartin
8035,Female,2,Jamie Fritz,hblake
8036,Female,2,Theresa Williams,jason12
8037,Male,2,Steven Patterson,igonzales
8038,Female,1,Natasha Griffin,kenneth52
8039,Female,2,Alison Schultz,tbarnett
8040,Male,1,James Ward,benjaminhart
8041,Female,1,Karen Thomas,tracyosborne
8042,Male,2,Aaron Reed,aaron02
8043,Male,1,Glenn Harris,walter85
8044,Female,2,Mary Mccormick,katherinegarcia
8045,Female,2,Sheryl Clark,vincent25
8046,Male,2,Daniel Dyer MD,pparks
8047,Male,2,William Cobb,brownkelsey
8048,Male,2,Brian Carlson,ufuller
8049,Male,1,Adam Phillips MD,porterjeffrey
8050,Female,1,Andrea Morris,boydscott
8051,Male,2,Robert Moore,afields
8052,Male,1,Michael Bailey,zjohnson
8053,Male,2,Andrew Clark,uhoward
8054,Female,2,Heidi Wade,marksdavid
8055,Female,1,Bonnie Figueroa,kimberly69
8056,Female,1,Andrea Lewis,vanessa48
8057,Female,1,Laura Gallagher,fergusonbrenda
8058,Female,1,Laurie Garcia,ithomas
8059,Female,2,Amy Mccormick,rgonzalez
8060,Male,1,Aaron Woods,ruth35
8061,Female,1,Christina Acosta,richard22
8062,Female,1,Brittany Nichols,benjamin83
8063,Female,1,Kelli Underwood,sara27
8064,Male,2,William Ortega,tyler78
8065,Female,2,Anna Hall,terrianderson
8066,Male,1,Shane Fields,robertskelly
8067,Male,2,Robert Wallace,eharrell
8068,Female,2,Emily Blackburn,yquinn
8069,Male,1,Matthew Miller,amber11
8070,Male,1,Paul Pittman,emiller
8071,Male,2,Robert Fields,mccormickchristopher
8072,Male,1,Shannon Bautista,pamela72
8073,Female,2,Sarah Dalton,schaeferkathy
8074,Male,2,Daniel Knight,stephanie19
8075,Male,1,John Sullivan,george91
8076,Female,2,Alexa Mayer,thomasrogers
8077,Female,1,Meagan Rodriguez,oboyer
8078,Male,2,Daniel Watts,bautistamichael
8079,Female,2,Felicia Le,jensenbenjamin
8080,Female,2,Catherine Smith,whitejennifer
8081,Female,1,Sabrina Parks,angelamiller
8082,Male,1,Robert Ramos,williamsjesse
8083,Female,1,Lisa Crosby,clarkdana
8084,Female,2,Holly Marshall,jedwards
8085,Female,1,Kristin Ferguson,emiller
8086,Female,2,Erin Middleton,vstone
8087,Female,1,Megan Daniel,christyyoung
8088,Male,1,Evan Haley,dawnhess
8089,Male,1,Logan Stevens,dustin58
8090,Male,2,Jamie Williamson,scotthenderson
8091,Male,2,Larry Mcfarland,ryan80
8092,Male,1,Adam Wood,thomasdelgado
8093,Male,2,John Vance,amber05
8094,Male,1,James Holmes,nunezkimberly
8095,Female,2,Morgan Proctor,qserrano
8096,Male,1,Jason Collins,jmendoza
8097,Female,1,Jessica Jacobs,jeffrey57
8098,Male,2,Christopher Rodgers,keithhayes
8099,Female,1,Katie Smith,ramirezpaul
8100,Male,1,Erik Bryant,jamiegonzalez
8101,Female,2,Victoria Wells,austinzuniga
8102,Male,2,Michael Peterson,wrightchelsea
8103,Female,2,Kelsey Graham,coopersarah
8104,Male,2,Gregory Larson,katherine44
8105,Male,1,Joseph Kelly,chungerika
8106,Male,2,Joseph Schwartz,potternicole
8107,Male,1,Sean Howard,bryanmary
8108,Female,2,Bonnie Burke,snguyen
8109,Female,1,Megan Walker,elliskayla
8110,Female,1,Jennifer Holmes MD,carla87
8111,Female,1,Laura Bryant,jacksondavid
8112,Female,2,Molly Hoover,omarmoore
8113,Female,1,Jordan Green,hamiltonrobert
8114,Female,1,Lisa Leon,joshua02
8115,Male,1,Jared Rodriguez,jprince
8116,Male,2,William Swanson,njoseph
8117,Female,2,Whitney Andersen,timothypatterson
8118,Female,1,Tina Watkins,michellerose
8119,Male,2,Wesley Gardner,connor36
8120,Male,2,James Snyder,rebecca66
8121,Male,2,Matthew Caldwell,hancocktimothy
8122,Male,1,Justin Lambert,etorres
8123,Male,1,Joshua Aguilar,rebeccadavidson
8124,Female,1,Teresa Craig,cfisher
8125,Male,2,Jordan Fowler,xbarrera
8126,Female,1,Jessica Yoder,nathandowns
8127,Male,1,Brian Rodriguez,jamesdickson
8128,Female,1,Morgan Sellers,boothjoshua
8129,Female,2,Julie Brooks,marywright
8130,Male,1,David Brown,rachael79
8131,Female,1,Jacqueline Harris,ramosmark
8132,Female,2,Christine Hartman,daniellejennings
8133,Female,2,Donna Moore,samantha24
8134,Male,1,James Walker,vbishop
8135,Male,1,Eric Jackson,john89
8136,Female,1,Erica Clark MD,perezvalerie
8137,Female,1,Pamela Clarke,abigailatkinson
8138,Male,1,Joseph Hudson,ybentley
8139,Male,1,Joseph Newman,toddrobertson
8140,Female,1,Shannon Pitts,fowlertodd
8141,Female,1,Erica Davis,krista50
8142,Female,1,Rebecca Johnson,shawnpeterson
8143,Female,2,Caitlyn Guerrero,courtneyconway
8144,Male,1,Jonathan Smith,paul87
8145,Female,2,Anne Rose,sharrison
8146,Female,2,Catherine Mcclure,jbrooks
8147,Female,1,Lydia Floyd,ilang
8148,Male,2,Robert Roth,kevin41
8149,Male,2,Mitchell Wolfe,stephaniedavis
8150,Male,1,Jeffery Spence,hsampson
8151,Male,1,Christopher Oliver,danieldavis
8152,Female,2,Mrs. Susan Cruz,bernard85
8153,Male,1,Nicholas Ray,mathew77
8154,Male,1,Jason Terry,tarahernandez
8155,Male,2,Justin Krueger,kylemason
8156,Male,2,Dylan Castillo,herrerasharon
8157,Male,1,Justin Pace,george35
8158,Male,1,Christian Malone,christopher57
8159,Male,2,Larry Baldwin,sarahwalker
8160,Female,2,Lori Carey,brooksangel
8161,Male,1,Patrick Alvarez,joneskatrina
8162,Male,2,Raymond Acosta,eric95
8163,Male,1,Marc Morrison,xevans
8164,Male,1,Michael Lee,wilsondebra
8165,Female,2,Julia Cordova,ztaylor
8166,Female,2,Cassandra Benitez,seangraham
8167,Female,2,Amber Kramer,perrykatherine
8168,Female,1,Amanda Shaw,madison08
8169,Female,1,Kimberly Campbell,shaneguzman
8170,Female,2,Stacy Deleon,john69
8171,Female,1,Jennifer Castillo,jameswhitehead
8172,Male,1,Andrew Forbes,heather18
8173,Male,2,Derrick Ortiz,willie67
8174,Male,1,Christopher Holloway,cesarmiller
8175,Male,2,Richard Ramirez,gnelson
8176,Male,1,Jason Perry MD,smithdaniel
8177,Male,1,John Mendez,nathaniel33
8178,Male,1,Andrew Gibson,sbuckley
8179,Male,2,Joseph Clarke Jr.,shannon25
8180,Male,1,Jeffrey Baker,ethomas
8181,Male,1,Julian Frazier,benjamin93
8182,Female,1,Tammy Duran,deannaanderson
8183,Male,2,Brian Graham,alexanderjacqueline
8184,Female,2,Melanie Mills,flemingkelly
8185,Female,2,Amber Gomez,grantjones
8186,Male,2,Jamie Landry,pittmanjaclyn
8187,Female,2,Elizabeth Miller,matthewmartin
8188,Male,1,Jason Allen,jasmine47
8189,Male,2,Christopher Mccormick,harrisonhaley
8190,Female,2,Susan Kramer,brianhurst
8191,Male,2,William Garcia,lmartin
8192,Male,2,Roy Cohen,uturner
8193,Male,1,Alan Cook,wallaceheather
8194,Female,2,Kristina Bryan,ehoward
8195,Female,1,Anna Thomas,samuelhanna
8196,Male,1,Anthony Cunningham,nholmes
8197,Male,2,Alexander Cross,palmerandrew
8198,Male,2,Gregory Chandler,stevenperry
8199,Female,2,Jessica Gilbert,michaelwilson
8200,Male,1,Travis Waters,zgarrett
8201,Female,1,Samantha Wade,david94
8202,Female,1,Patricia Jones,kellycooper
8203,Male,2,David Johnson,ortegajonathan
8204,Male,1,Matthew Garcia,jeffersonlinda
8205,Female,2,Lindsey May,spearslori
8206,Male,1,Allen Rivera,carlarodriguez
8207,Male,2,Jamie Moore,reynoldsmiranda
8208,Male,2,Michael Brown,michael69
8209,Male,2,Bryan Jones,greenheather
8210,Male,1,Jermaine Obrien,jameslopez
8211,Male,1,Wesley Nelson,zmedina
8212,Male,1,Marcus Stewart,johnstondouglas
8213,Female,2,Maria Robinson,hmiller
8214,Male,1,Michael Flores,aaronmorrison
8215,Male,2,Tyler Perry,joseph60
8216,Male,1,Kyle Williams,jeffreymurphy
8217,Male,2,Steven Davis,drakekatie
8218,Male,2,Eric Chen,cooperkathryn
8219,Male,2,William Henson,ryantaylor
8220,Female,2,Andrea Delacruz,kcook
8221,Female,1,Jennifer Hernandez,stanleyhaney
8222,Male,2,Michael Marshall,jordankathy
8223,Female,2,Nicole Sanders,christopher00
8224,Female,2,Lindsey Hamilton,zwilkinson
8225,Female,2,Sara Nunez,steve02
8226,Female,1,Mrs. Mariah Stewart MD,keithlowe
8227,Male,1,Brian Franklin,ehoffman
8228,Male,2,Ricardo Maxwell,katherine99
8229,Male,1,Richard Harris,brian86
8230,Female,1,Amanda Miller,nnovak
8231,Male,1,Joseph Williams,gardnerbrittany
8232,Female,2,Jennifer Pennington,jamesmarsh
8233,Male,2,Jack Martin,hawkinsbrandi
8234,Female,2,Susan Perkins,ryanwest
8235,Male,1,Gregory Jones,cberger
8236,Female,1,Alyssa Young,tyler91
8237,Male,2,David Hoover,williamsdanielle
8238,Female,2,Miranda Swanson,glassalbert
8239,Male,2,Richard Ford,joshua39
8240,Female,1,Elizabeth Hodges,carrollscott
8241,Male,2,Jack Johnson,joseph29
8242,Male,1,Dustin Andrews,bweaver
8243,Male,2,Brent Booker,lawrence62
8244,Female,2,Michele Sanders,beckerchristopher
8245,Male,2,Brian Grimes,cmeyer
8246,Male,1,Shane Moyer,cathy02
8247,Female,1,Pamela Cabrera,harrisangela
8248,Male,1,Jason Rogers Jr.,luke46
8249,Male,1,Frederick Andrews,eduardosmith
8250,Male,1,Matthew Johnston,danielle78
8251,Male,2,Wesley Brown,lisamorrison
8252,Female,2,Lori Hernandez,matthew76
8253,Male,2,Sean Robinson,weekschristopher
8254,Male,2,Sean Rodriguez,pcummings
8255,Female,1,Michelle Joyce,tiffanycarroll
8256,Male,1,Arthur Nguyen,ebell
8257,Male,2,Martin Green,ericjohnson
8258,Female,1,Kerry Lucero,stephenmendoza
8259,Female,1,Lynn Myers,zmcclain
8260,Male,2,Mr. Cody Price,ltodd
8261,Female,2,Holly Jones,conradjessica
8262,Male,1,Vincent Garcia,wongstephanie
8263,Male,1,Mark Solomon,reneecook
8264,Female,2,Jennifer Harrell,philip12
8265,Male,2,Scott Alexander,dsmith
8266,Female,1,Pamela Stephenson,jmorales
8267,Female,2,Jody Cox,edward35
8268,Male,2,John Taylor,kevinhood
8269,Male,1,Johnathan Jacobs,myerschristine
8270,Female,1,Kimberly Benson,wanda18
8271,Female,2,Amy Henry,ddavis
8272,Female,1,Ann Vega,williammueller
8273,Male,1,Craig Green,drakegary
8274,Female,1,Melissa Bruce,mooremichael
8275,Male,1,Michael Romero,rachelgreen
8276,Female,1,Christina Smith,joseph79
8277,Female,2,Alyssa Wilson,johnnelson
8278,Female,2,Nicole Diaz MD,hortontina
8279,Female,2,Nicole Bell,cristian09
8280,Male,1,Matthew Nicholson,michele37
8281,Male,2,Miguel Davenport,williamshector
8282,Male,1,Jonathan Lee,emurray
8283,Female,1,Angela Rodriguez MD,sbrown
8284,Female,1,Sandra Ramos,carrollmichael
8285,Female,2,Ashley Castillo,huntertracey
8286,Female,2,Rhonda Ramos,bwilson
8287,Male,1,Adam Bowman,kathryn12
8288,Female,1,Carrie Bennett,philipmartinez
8289,Female,1,Amanda Harris,gonzalezjanet
8290,Female,1,Jessica Rogers,kellyharrison
8291,Male,2,Aaron Carter,jessica94
8292,Male,1,James Jordan,bhoffman
8293,Male,2,Daniel Rhodes,michaelpadilla
8294,Male,1,Scott Petty,tapiamelissa
8295,Female,1,Wendy Gregory,spencerwendy
8296,Female,1,Jennifer Taylor,bwilson
8297,Male,2,Aaron Dawson,butlerlaura
8298,Male,1,Michael Nelson,joneslarry
8299,Female,1,Felicia Freeman MD,grahamgregory
8300,Female,1,Stephanie Black,jordanjoseph
8301,Female,1,Kristin Ruiz,doughertychristian
8302,Female,1,Angela Johnson,debrabarker
8303,Male,1,Steven Mccoy,tbrown
8304,Female,2,Natalie Vargas,ortegadavid
8305,Male,1,Wesley Leonard,bailey44
8306,Male,1,Joshua Gilbert,owilliams
8307,Female,2,Renee Brown MD,lindalambert
8308,Female,2,Patricia Soto,samuel60
8309,Male,2,Robert Davis,stevenjohnson
8310,Female,1,Cynthia Velasquez,bradley76
8311,Female,2,Jennifer Gonzalez,coopercheryl
8312,Female,2,Madison Cook,ronaldnguyen
8313,Female,1,Beth Ramirez,lisareynolds
8314,Male,2,Dennis Lara,hayessandra
8315,Male,2,Steven Rose,barbarapeters
8316,Female,2,Jessica Schmidt,larryparrish
8317,Female,1,Cheyenne Hernandez,ericobrien
8318,Male,1,Jacob Fox,humphreyjason
8319,Male,1,Jeremy Powell,corygreer
8320,Female,2,Lisa Daniels,barrettbrittany
8321,Male,1,Bryan Dean,wnewman
8322,Male,1,Danny Jimenez,woodsdenise
8323,Female,2,Angela Johnson,ewingpatrick
8324,Female,1,Jennifer Moon MD,bsnyder
8325,Male,1,Zachary Curry,lmiller
8326,Female,1,Mrs. Kerry Carter DVM,david33
8327,Male,2,Ronald Hooper,fletcherjennifer
8328,Male,2,Matthew Ray,torresstacey
8329,Female,1,Emily Joseph,kimduncan
8330,Male,2,Arthur Jones,robinsonrachel
8331,Male,2,Johnny Clark,jjones
8332,Female,1,Sherry Washington PhD,chandlertyler
8333,Male,1,Brandon Hanna,dgallagher
8334,Male,1,Kevin Wagner,smithraymond
8335,Female,2,Yesenia Baker,wgarcia
8336,Male,1,Ricardo Jenkins,perezcarrie
8337,Female,2,Kayla Lee,kimkimberly
8338,Female,1,Kendra Peck,rebecca43
8339,Male,2,Bryan Smith,clewis
8340,Female,2,Amanda Phillips,wendyjordan
8341,Female,2,Catherine Burton,reneegreene
8342,Male,2,John James,ann26
8343,Female,1,Nancy Smith,bholmes
8344,Female,1,Crystal Newman,lsmith
8345,Male,2,Danny Melendez,charlesharris
8346,Male,1,Justin Robles,nguyenpatricia
8347,Male,1,Sean Boyd,krystalmcknight
8348,Female,2,Jordan Fisher,meganferguson
8349,Female,1,Melinda French,jacobhernandez
8350,Male,2,David Davis,michelle22
8351,Male,2,Ryan Garcia,eric00
8352,Male,2,Arthur Carr,mary15
8353,Male,2,Tyler Rodriguez,fchristian
8354,Male,2,Evan Riley,michelle53
8355,Male,1,William Flores,johnsondouglas
8356,Male,1,David Allen,juan35
8357,Female,2,Ariana Adams,victorprice
8358,Male,1,Joel Bautista,fitzgeraldjohn
8359,Male,1,William Serrano,williamskimberly
8360,Male,1,Benjamin Cisneros,aprice
8361,Male,2,James Barnett,isuarez
8362,Female,1,Gabrielle Thompson,melissagaines
8363,Male,1,Anthony Alvarado,hendrickscalvin
8364,Female,2,Jamie Wilson,victoria55
8365,Male,1,Jeffrey Estrada,zimmermandavid
8366,Female,1,Kayla Campbell,hanseneric
8367,Male,1,Andrew Brooks,welchlisa
8368,Female,1,Jasmine Sanchez,cwood
8369,Female,2,Jordan Peters,prestonshields
8370,Male,1,Bruce Thomas,craiganderson
8371,Male,2,Darren Lopez,alejandrasilva
8372,Female,1,Jessica Johnson,silvabrian
8373,Female,1,Jennifer Smith,alexis83
8374,Male,2,William Banks,heather00
8375,Female,2,Linda Barron,qoliver
8376,Female,1,Christine Hernandez,john32
8377,Male,2,Mr. Danny Singleton,ayersdaniel
8378,Male,1,Jesse Martinez,jessemartinez
8379,Female,2,Pamela Campos,jamiesmith
8380,Female,1,Angela Osborne,silvaeric
8381,Female,1,Jessica Gilbert,jonesjasmine
8382,Female,1,Amanda Lee,marissa93
8383,Female,1,Michelle Armstrong,mgates
8384,Male,2,Kelly Ball,matthew47
8385,Male,1,Alejandro Grant,ifields
8386,Female,2,Victoria Elliott,reneeclark
8387,Male,1,Calvin Cox,bgilbert
8388,Female,1,Maria Beard,xgonzalez
8389,Male,1,Jeremiah Bradley,bradleyrichards
8390,Female,2,Kimberly Galvan,ctaylor
8391,Male,2,Cesar Briggs,kristin77
8392,Male,1,Andrew Lucero,dsmith
8393,Female,2,Brittney Lynn,michaelkathleen
8394,Male,1,Aaron Morales,curryarthur
8395,Female,1,Nicole Koch,thompsoncarol
8396,Female,2,Ashley Brown,michael65
8397,Female,2,Christine Bennett,brittney97
8398,Male,2,Jeremy Mccarty,whitemorgan
8399,Female,1,Rachel Frey,hparks
8400,Male,2,Raymond Keller,danielsdavid
8401,Female,2,Nancy Ritter,janice56
8402,Female,2,Dawn Hayes,romerokevin
8403,Male,2,Timothy Lopez,kellydavid
8404,Female,2,Kathy White,valerie67
8405,Male,1,John Peck,terrytraci
8406,Female,1,Vickie Baker,michael56
8407,Female,1,Kathryn Solis,jordanrhonda
8408,Female,1,Nicole Madden,jason77
8409,Female,1,Michelle Smith,fhayes
8410,Female,1,Lisa Green,barbara65
8411,Male,2,Paul Nguyen,pheath
8412,Female,2,Jasmine Lucas,rwalker
8413,Female,1,Patricia Lara,mary89
8414,Female,2,Megan Williams,anapeterson
8415,Female,2,Tammy Kramer,garciadeborah
8416,Male,2,Austin Young,loringuyen
8417,Male,1,Lonnie Moss,ramirezmatthew
8418,Female,2,Katie Pace,roger71
8419,Female,2,Tina Cunningham,anitaflores
8420,Male,2,Carl Martin,igonzalez
8421,Female,2,Susan Hopkins,kelly16
8422,Female,2,Ashley Hanson,nmurray
8423,Male,2,Shane Calderon,erowe
8424,Female,1,Pam Guerrero,wendyroy
8425,Male,1,Daniel Rose,ginaphelps
8426,Male,2,Thomas Meyer,dylancombs
8427,Male,2,James Bonilla,hughesamy
8428,Female,1,Patricia Cochran,douglas37
8429,Female,2,Emma Levine,yparsons
8430,Male,1,Joseph Garcia,brianguerrero
8431,Male,1,Brandon Brown,knoxzachary
8432,Female,2,Patricia Gonzalez,amber49
8433,Male,1,William Lopez,edwardevans
8434,Female,1,Regina Meza,farleyrobin
8435,Male,2,John Williams,markhenderson
8436,Male,2,Mr. Eric Thompson,shepherdjimmy
8437,Male,2,Timothy Wolfe,lindapalmer
8438,Female,1,Beth Gibson,robbinsautumn
8439,Female,2,Doris Gonzales,garyreeves
8440,Female,1,Casey Daniels,cassandrahicks
8441,Female,2,Jennifer Kemp,georgemercado
8442,Male,2,Daniel Barker,avilacolleen
8443,Female,1,Ms. Wendy Morgan MD,michael28
8444,Female,1,Lisa Lloyd,jonathan80
8445,Male,1,Jason Lane,dianeholmes
8446,Female,2,Andrea Boyd,laurasimmons
8447,Female,1,Sharon Mitchell,nrasmussen
8448,Male,1,Gregory Mccoy,marychen
8449,Male,1,Richard Smith,tammyduran
8450,Female,1,Stacie Jones,zherring
8451,Female,2,Barbara Martinez,brittany91
8452,Female,1,Theresa Patton,jimenezjeffrey
8453,Male,1,William Becker MD,stonejennifer
8454,Male,1,Michael Martin,vmartin
8455,Female,2,Julie Mitchell,jennifer90
8456,Male,1,Miguel Summers,jason93
8457,Female,2,Tina Hardy,lbrock
8458,Female,1,Krystal Jackson,ecoleman
8459,Male,2,Brian James,moraallison
8460,Female,2,Sara Green,stephen63
8461,Male,2,Mark Oliver PhD,josediaz
8462,Female,2,Robin Wong,hancockgary
8463,Male,2,Jesse Crosby,mcclaindenise
8464,Male,1,Shawn Fox,mitchellkathryn
8465,Female,1,Sherri Molina,billybrandt
8466,Female,1,Kelly Logan,cheryljackson
8467,Male,1,William Price,vanessaanderson
8468,Male,1,Joshua Cole,mortonjohn
8469,Male,1,Cody Oconnor,wrightjonathan
8470,Female,1,Susan Anderson,perezdebbie
8471,Male,1,Angel Bush,johnsondonna
8472,Male,2,Anthony Jones,ufoster
8473,Female,2,Melissa Weber,millschristopher
8474,Male,1,Eric Shelton,burkejose
8475,Male,1,Timothy Davis,andreagonzales
8476,Female,2,Vanessa Ward,bruce74
8477,Female,1,Jackie Patrick,rogersallison
8478,Male,2,Richard Jones,eashley
8479,Male,1,Kyle Carter,gquinn
8480,Male,1,David Myers,cristian41
8481,Female,2,Brandy Williams,jbradley
8482,Male,1,Joel Greene,mitchellsarah
8483,Male,2,Timothy Hanna,annabrown
8484,Male,2,Jared Mcdaniel,tiffany86
8485,Male,1,Carlos Harmon,joshua24
8486,Female,2,Jill Savage,bryan52
8487,Female,1,Anita Gardner,audreyandrews
8488,Female,2,Joanna Williams,davidgonzalez
8489,Female,2,Heidi Cole,debra86
8490,Male,1,Mr. Timothy Grimes III,brittany04
8491,Female,1,Natalie Smith,qjones
8492,Female,1,Kimberly Martin,tuckertammy
8493,Female,2,Brandy Stewart,gallowaymichael
8494,Female,1,Becky Christensen,davidknight
8495,Male,2,Paul Carlson,fbaker
8496,Male,1,Austin Simmons,joseph79
8497,Male,2,Matthew Carr,taylorgrace
8498,Male,1,Jason Tran,zjackson
8499,Male,1,Peter Vazquez,rachael77
8500,Male,1,Jeffery Wilson,april63
8501,Female,2,Jamie Simmons,mlara
8502,Female,1,Christine Sanchez,mlee
8503,Female,2,Linda Petersen,curtisjohn
8504,Female,1,Stacie Simmons,williamsoncatherine
8505,Male,2,Peter Pollard,mason58
8506,Male,1,Keith Stewart,balljessica
8507,Female,2,Rebecca Jimenez,nchang
8508,Female,2,Mrs. Vicki Williams,kaylasimpson
8509,Male,2,Daniel Gray,collinserik
8510,Female,2,Sheila Finley,misty37
8511,Male,2,Steven Wagner,mackcaitlyn
8512,Female,2,Michelle Parsons,michael23
8513,Female,2,Margaret Kerr,briansummers
8514,Male,2,Daniel Doyle,kennedymichael
8515,Male,2,Ricky Fisher,brian53
8516,Female,2,Sierra Meyers,lisarogers
8517,Male,2,Dale Frazier,croy
8518,Male,2,Harry Jones,qvalenzuela
8519,Male,2,Anthony Thompson,rcastro
8520,Female,2,Kim Torres,gamblerachel
8521,Female,1,Melissa Medina,matthewwhitehead
8522,Female,2,Mary Hancock DDS,gillespiebobby
8523,Female,2,Natasha Wall,kim55
8524,Male,1,Kyle Hobbs,lisawilson
8525,Female,2,Shelby Walker,knightryan
8526,Female,2,Megan Cobb,brandon19
8527,Male,1,Jose Pace,kristen68
8528,Male,2,Joel Hill,orobbins
8529,Female,1,Alicia Miller,amandaacosta
8530,Male,2,Randall Barnes,brian56
8531,Female,2,Christine Ortiz,monicawatkins
8532,Female,2,Stephanie Ellis,joseph93
8533,Female,2,Jennifer Hayes,annette40
8534,Male,2,Anthony Garcia,monica03
8535,Male,2,Jeffery Smith,ericdavis
8536,Male,2,Timothy Garrett,birdlaurie
8537,Male,2,Russell Mckinney,joseph43
8538,Male,1,Benjamin Armstrong,sylvia11
8539,Male,2,Matthew Sanford,linda45
8540,Female,1,Gwendolyn Logan,katrina79
8541,Female,2,Debra Rodgers,paulmiller
8542,Female,2,Nicole Montgomery,jreyes
8543,Female,1,Gabrielle Johnson,mortonhannah
8544,Female,2,Amber Martin,pachecojanet
8545,Male,2,Justin Fitzpatrick,millerjoseph
8546,Male,1,Jared Jimenez,beckandrew
8547,Male,1,Jared Randolph,mistyevans
8548,Male,1,David Hammond,milesjason
8549,Male,2,Joshua Sullivan,millsbruce
8550,Female,1,Laura Reeves,melissajohnson
8551,Female,1,Debbie Ryan,greeneanthony
8552,Male,2,Robert Johnson,angelawelch
8553,Male,2,Jamie Jacobs,sthornton
8554,Female,2,Katrina David,welchjustin
8555,Female,1,Patricia Simpson,ascott
8556,Male,2,Timothy Caldwell,skramer
8557,Male,1,Samuel Hawkins,wbrown
8558,Female,2,Christine Patton,krystal53
8559,Female,1,Jessica Moore,rodriguezjose
8560,Male,2,Peter Lee,heatherburnett
8561,Female,1,Jennifer Mullen,heathricky
8562,Female,1,Kiara Avery,scottmiller
8563,Female,1,Virginia Taylor,yvargas
8564,Male,2,Scott Harris,joseph52
8565,Male,2,Derrick Adkins,walterstacey
8566,Female,1,Suzanne Morris,christopher81
8567,Female,1,Carmen Porter,rebekah34
8568,Female,2,Dr. Nicole Hansen,wrightmarc
8569,Male,2,Ricky Potter,gmurphy
8570,Male,2,Mark Mckinney,bsmith
8571,Male,2,Steven Walker,tina27
8572,Male,2,Jonathan Thomas MD,andersonamy
8573,Male,1,Jason Cherry,mmartin
8574,Male,1,Joshua Palmer,aklein
8575,Male,1,David Salazar,teresa62
8576,Female,2,Holly Gay,carriegutierrez
8577,Female,2,Sharon Barrett,fieldssusan
8578,Male,1,Joshua Smith,hwade
8579,Female,2,Jacqueline Smith,alanrussell
8580,Female,2,Angela Wells,jameslopez
8581,Male,1,Matthew Bond,rogerschristian
8582,Male,1,Robert Wells,catherinevasquez
8583,Female,1,Dawn Stark,kingmichelle
8584,Male,1,Kevin Ryan,hallian
8585,Male,2,Dale Williams,jeremy26
8586,Female,1,Carol Serrano,kerickson
8587,Male,2,Ryan Anthony,keith71
8588,Female,2,Ellen Woods,clarkteresa
8589,Male,1,Justin Evans,victoriajones
8590,Male,1,Rick Moore,kingalan
8591,Male,2,Thomas Scott,srobbins
8592,Female,2,Alicia Mosley,samanthacarter
8593,Male,1,Mr. Matthew Dixon,yvonnecalhoun
8594,Male,1,Daniel Reid,christina12
8595,Male,2,Ryan Ross,knielsen
8596,Male,1,Raymond Austin,alexandercourtney
8597,Male,2,Tyler Brown,oroberson
8598,Female,2,Carolyn Barnes,toni51
8599,Female,1,Andrea Chase,soliskatherine
8600,Male,1,Joseph Moore,daniel11
8601,Male,2,Derek Brown,seth21
8602,Female,2,Nicole Bentley,tmorgan
8603,Male,1,Gary Rodriguez,xhicks
8604,Female,2,Amanda Baker,peter02
8605,Male,1,Bryce Marquez,debbieray
8606,Male,2,Paul Allen,paul73
8607,Male,2,William Young,peckbrianna
8608,Female,1,Rachel Perez,wwinters
8609,Male,1,John Wright,howardsmith
8610,Female,2,Theresa Fernandez,angelica52
8611,Female,1,Veronica Clark,jeffreybrewer
8612,Female,1,Kelly Patton,ramirezmichael
8613,Male,2,Troy Myers,mejiadeanna
8614,Female,2,Tina Kane,michael75
8615,Female,2,Audrey Garcia,aarongomez
8616,Male,1,Michael Hall,cruzsummer
8617,Male,2,Stephen Benton,charles76
8618,Male,1,Jeffrey Skinner,stephanienoble
8619,Female,1,Bridget Lowery,hbrown
8620,Female,1,Crystal Martinez,mcalderon
8621,Male,2,Brian Mason,fpage
8622,Male,2,Shane Williams,melissahuffman
8623,Male,2,Troy Erickson,hicksamy
8624,Male,1,Andrew Johnson,villanuevajessica
8625,Male,2,Timothy Brooks,scottgrant
8626,Male,1,Nathaniel Riley,sherry63
8627,Male,2,James Ward,iandrade
8628,Female,1,Laura Nichols,karen44
8629,Male,2,David Wiley,hernandeznancy
8630,Male,1,Michael Roach,deanna56
8631,Male,2,Billy Figueroa,smorrison
8632,Male,2,Jason Rojas,alexandereric
8633,Female,2,Kimberly Franklin DDS,beltrankevin
8634,Male,2,Michael Gibson,hlynch
8635,Female,2,Tanya Tran,katherinerose
8636,Female,1,Kari Johnson,lyoung
8637,Male,2,Richard Medina,fowlerjulie
8638,Female,1,Lisa Price,jason73
8639,Male,2,Benjamin Cooper,jacksonmatthew
8640,Female,2,Sandra Woods,valenciajames
8641,Female,2,Tara Spencer,qwarren
8642,Female,1,Jennifer Roberts,david84
8643,Female,2,Julie Meyer,ecrawford
8644,Male,2,Dylan Knight,petersonwilliam
8645,Male,2,Jared Miller,trojas
8646,Male,1,Matthew Mata,robertdavenport
8647,Female,1,Courtney Galvan,wilkersonchase
8648,Male,1,Kevin Watson,williamsrebecca
8649,Male,1,Martin Taylor,phillipskatie
8650,Female,2,Angela Young,kbates
8651,Male,2,William Holmes,bryce50
8652,Female,1,Kathryn Baker,vasquezkrista
8653,Female,2,Jennifer Dominguez,ramoschristine
8654,Female,2,Tiffany Moss,tyronecampbell
8655,Female,2,Mrs. Beverly Case,theodore69
8656,Male,2,John Adams,rhonda80
8657,Female,2,Angela Brown,nmathis
8658,Female,1,Carol Burke,akhan
8659,Female,1,Mariah Ruiz,jamie25
8660,Female,2,Yolanda Moreno,smithdanielle
8661,Female,1,Donna Garza,kedwards
8662,Male,2,Michael Hernandez,patrickthomas
8663,Female,1,Samantha Mata,kevin65
8664,Male,2,Danny Morton,john85
8665,Male,2,Eric Richard,stephaniethomas
8666,Female,2,Amber Jackson,wilsonchristy
8667,Female,1,Megan Mcintyre,craig41
8668,Male,2,Christopher Garcia,scampbell
8669,Female,2,Amy King,lorigallegos
8670,Male,2,Michael Nelson,eric77
8671,Male,1,Craig Reeves,kristinegardner
8672,Female,1,Marie Larson,roger03
8673,Male,2,Robert Johnson,cody16
8674,Female,1,Julie Drake,upatrick
8675,Female,1,Mary Walker,xfox
8676,Female,1,Megan Marshall,edwardsamanda
8677,Female,2,Lisa Blair,banksangela
8678,Male,2,Nicholas Dominguez,brianweber
8679,Male,2,Sean Richardson,brandon85
8680,Male,1,Michael Johnson,ybaker
8681,Female,2,Emily Dorsey,bryanhuber
8682,Male,2,Richard Miller,jonathanmendez
8683,Female,1,Rachel Jackson,victoria98
8684,Female,2,Carol Wood,leonardsteven
8685,Female,2,Megan Schultz,vgraham
8686,Male,1,Scott Espinoza,matthewboyd
8687,Female,1,Alison Cox,ftownsend
8688,Female,2,Michelle Campbell,sylvia03
8689,Female,1,Shannon Schultz,rachael53
8690,Male,2,Cory Lang,owilliams
8691,Male,1,Lawrence Hayes,michael76
8692,Male,2,Robert Lee,andersonjose
8693,Male,2,Grant Andersen,kadams
8694,Female,1,Joyce Lynch,salazarstacey
8695,Male,1,Benjamin Jenkins,thomas65
8696,Male,2,Brian Nichols,adrian89
8697,Female,1,Grace Lara,watersjanice
8698,Female,2,Julia Oliver,reynoldsdanielle
8699,Female,2,Janice Torres,brian34
8700,Female,2,Anna Jones,davidmiller
8701,Male,2,Charles Fisher,pmontoya
8702,Female,1,Vanessa Lucas,reesecindy
8703,Female,1,Makayla Willis,jerry96
8704,Female,2,Jessica Davis,holmesthomas
8705,Male,2,Steven Martin,amandagriffin
8706,Male,2,Andrew Cochran,hhenderson
8707,Male,2,Blake Torres,megan14
8708,Male,1,Robert Cohen,julie89
8709,Male,1,Vincent Parker,gonzalesjoseph
8710,Female,1,Susan Jones,laurenmckenzie
8711,Female,1,Michelle Oconnor,brenda88
8712,Male,1,Kenneth Walter,dustinrios
8713,Female,1,Karen Ford,evansdavid
8714,Male,2,David Davis,brent65
8715,Male,1,Tony Martinez,caseychristine
8716,Female,2,Lauren Austin,jamie20
8717,Male,2,David Miller,xwolf
8718,Male,1,Joshua Salazar,gina90
8719,Female,2,Lauren Hughes,mariaevans
8720,Male,2,Albert Durham,jose19
8721,Male,2,James Brooks,sandra86
8722,Male,2,Alexander Barry,nrose
8723,Male,2,Andrew Burke,mathewlee
8724,Female,1,Angela Dudley,cookmitchell
8725,Female,1,Lisa Lee,vsummers
8726,Female,1,Tiffany Gray,david99
8727,Male,2,Matthew Chambers,stephenclark
8728,Female,2,Marissa Austin,zsmith
8729,Male,2,Paul White,rhondaford
8730,Female,2,Denise Barajas,blackerin
8731,Male,2,Michael Aguirre,paul50
8732,Female,1,Carolyn Hinton,johnsonsteven
8733,Female,1,Ellen Savage,michael89
8734,Female,2,Courtney Shaw,albertfitzgerald
8735,Male,1,Mark Black,molly80
8736,Female,2,Laurie Chandler MD,lindsey22
8737,Female,2,Tammy Solis,ndavis
8738,Male,1,Alex Roberts,kdominguez
8739,Female,1,Anna Bryant,michele77
8740,Female,1,Amber Hill,corey29
8741,Male,2,Joshua Russell,xlang
8742,Female,1,Stephanie Terry,katrina57
8743,Female,2,Michelle Brewer,gmatthews
8744,Male,1,Ryan Lee,ashley60
8745,Male,2,Matthew Peterson,fieldskaren
8746,Female,1,Andrea Garcia,karen15
8747,Female,2,Jessica Taylor,justinklein
8748,Female,1,Jennifer Mitchell,jonesdeborah
8749,Female,1,Christine Calderon,laurennelson
8750,Female,1,Diana Kent,dustin82
8751,Female,1,Michelle Jordan,eromero
8752,Female,2,Sharon Potter,stephanie77
8753,Female,2,Angela Singleton,dwilson
8754,Male,2,Joseph Mueller,wthomas
8755,Male,1,Fred Cannon,bthompson
8756,Male,2,Gary Williams,dhorton
8757,Female,1,Holly Conley,mirandaraymond
8758,Female,2,Meghan Williams,michael16
8759,Female,1,Kelsey Sutton,lfrazier
8760,Female,2,Ashley Levine,allen64
8761,Male,1,Keith Sims,torresjoshua
8762,Female,2,Amanda Nguyen,christiankevin
8763,Female,2,Sara Foster,gabrielle27
8764,Female,2,Wendy Thomas,jeffreycopeland
8765,Male,2,Anthony Davis,edwardsjamie
8766,Male,1,Michael Chavez,deanna65
8767,Female,1,Carolyn Greer,bishopdavid
8768,Female,1,Teresa Cochran,johnkane
8769,Male,1,Andrew Torres,herrerakatie
8770,Male,1,Kevin Morris,omurphy
8771,Female,1,Emily Jones,alicia20
8772,Female,1,Jeanette Bell,pmitchell
8773,Female,1,Andrea Munoz,garciaalicia
8774,Male,2,Kevin Neal,stephendean
8775,Male,1,Daniel Miller,martincharles
8776,Female,2,Adrienne Reeves,jasonjackson
8777,Female,2,Ellen Richardson,sarah87
8778,Female,1,Teresa Torres,allison67
8779,Male,1,Robert Wood,tonyajoseph
8780,Female,1,Alyssa Scott,julie77
8781,Male,2,Anthony Butler,joshua31
8782,Male,1,Stephen Stevens,deborahortiz
8783,Female,2,Lisa Barber,feliciamartin
8784,Male,2,Paul Young,jennifer76
8785,Female,1,Kendra Jackson,penaashley
8786,Male,1,Robert Shields,james35
8787,Male,2,Mr. Jason Gilmore,xstephens
8788,Female,1,Victoria Rojas,victoriachapman
8789,Male,1,Jonathan Robinson,igutierrez
8790,Male,2,Scott Ortega,uhansen
8791,Female,1,Ms. Marie Lewis MD,aaron87
8792,Male,2,Benjamin Gordon,lorimartin
8793,Male,2,Jacob Carter,sheriscott
8794,Male,1,Walter Thompson PhD,dwayne79
8795,Male,1,Alejandro Bonilla,codyruiz
8796,Female,1,Brandy Cain,kreynolds
8797,Female,2,Ashley Arnold,freywendy
8798,Male,2,Marcus Williams,austinalexis
8799,Male,2,Nathan Cummings,courtneyalexander
8800,Female,2,Jennifer Russell,solson
8801,Female,2,Tamara King,matthew20
8802,Female,2,Jordan Morris,dianecompton
8803,Female,1,Christine Mccarthy,darryl31
8804,Male,1,James Henderson,shirleycampbell
8805,Male,1,Christian White,tammy51
8806,Female,1,Julie Giles,katherine03
8807,Male,1,Ethan Reeves,burnsshelia
8808,Male,1,Eric Howell,nlee
8809,Male,1,Ricky Rodriguez,brandyclements
8810,Female,2,Erin Lee,kevin85
8811,Female,1,Margaret Burnett,ysmith
8812,Male,1,Timothy Garner,trandaniel
8813,Male,1,Robert Lopez,kandrews
8814,Male,1,Adrian Phillips,dominiquedawson
8815,Female,2,Nicole Cohen,jennifercook
8816,Male,2,Carl Dean,yperez
8817,Female,1,Kelsey Evans,dianeshaffer
8818,Female,2,Sue Wells,qmendoza
8819,Male,2,Donald Miller,thompsonsusan
8820,Male,2,Larry Gardner,adam30
8821,Female,1,Lauren Perry,jhowell
8822,Male,1,Dr. William Townsend,jenkinsamber
8823,Male,2,Jimmy Mills,collinsamber
8824,Male,1,Gregory Morse,warrenscott
8825,Male,1,George Levy,cynthiarangel
8826,Female,1,Jessica Sanford,jacqueline49
8827,Male,2,Craig Charles,frazierkeith
8828,Male,2,James Mckenzie,alansimpson
8829,Female,1,Pamela Paul,osmith
8830,Female,2,Jessica Aguilar,paigebeck
8831,Male,2,Steven Spencer,alvarezdustin
8832,Female,2,Christy Reed,michael56
8833,Female,2,Jennifer Rowe,meganclark
8834,Male,2,John Adkins,shannonhahn
8835,Male,2,Cory Johnson,toddvictoria
8836,Female,1,Karen Rowe,christinaprice
8837,Male,2,Marcus Obrien,caitlin39
8838,Female,1,Mrs. Janice Oliver,xmoss
8839,Male,2,Randy Hill,holtbarbara
8840,Female,1,Julia Gardner,zmartin
8841,Female,1,Natalie Tran,caguilar
8842,Male,1,Shawn Anderson,ppetersen
8843,Female,1,Carolyn Potts,becksarah
8844,Female,1,Leah Edwards,adamjohnson
8845,Male,2,Robert Copeland,tiffany69
8846,Male,1,Jay Johnson,stephaniecook
8847,Female,2,Kathleen Washington,robertssteven
8848,Male,1,Kyle Conley,thomas26
8849,Male,1,Richard Barnes,courtneyroberts
8850,Male,1,Mark Collins,paul71
8851,Male,1,Douglas Duran,ubond
8852,Male,2,David Smith,hrios
8853,Female,1,Allison Perez,alan81
8854,Male,2,Louis Lloyd,justin28
8855,Female,2,Sandra Clarke,luisbrown
8856,Female,1,Diane Everett,christopherowens
8857,Male,1,Matthew Herrera,anthony70
8858,Male,2,Jonathan Davidson,gilesandrew
8859,Female,2,Lori Jacobs,websterkenneth
8860,Male,1,William Miles,petermyers
8861,Male,2,Patrick Pennington,charles50
8862,Male,2,Lucas Fisher,nsmith
8863,Male,1,James Moore,xcampbell
8864,Female,1,Laurie Hill,todddouglas
8865,Male,2,Mark Hall,monicacastro
8866,Male,2,Eric Stark,ronald52
8867,Male,1,Timothy Anderson Jr.,kevin84
8868,Female,2,Adrienne Singh,tonya39
8869,Male,1,Jason Brown,patrickamy
8870,Female,1,Carolyn Garcia,tony99
8871,Male,1,Victor Mcneil,gschneider
8872,Female,1,Rebecca Marsh,juanli
8873,Female,1,Lauren Simmons,richardwashington
8874,Female,2,Patricia Herrera,sandovalmartin
8875,Female,2,Mary Wheeler,watsonkendra
8876,Male,2,Jonathan Fletcher,stewartkim
8877,Male,1,James White,ddavis
8878,Female,1,Ebony Gonzalez,patrickpham
8879,Male,1,Carl Hernandez,aliciapierce
8880,Male,2,Thomas Price,twilliams
8881,Female,2,Amy Barr,mark13
8882,Female,1,Sydney Knox,alvareztristan
8883,Female,2,Emily York,jessicafox
8884,Female,1,Sharon Zhang,amanda43
8885,Male,2,Michael Chavez,qglover
8886,Female,2,Stacey Miller,jillian07
8887,Female,1,Katherine Ferguson,shahfelicia
8888,Male,1,Clifford Turner,jennifermarquez
8889,Female,1,Shelby West,hollycobb
8890,Male,1,Jeffrey Campbell,andrewsbrian
8891,Male,1,Curtis Smith,hernandezmelody
8892,Female,1,Kelli Hill,stephentaylor
8893,Male,1,Charles Harris,milescatherine
8894,Male,2,Daniel Jackson,brownrobin
8895,Female,2,Karla Riggs,susanblair
8896,Male,1,Dr. Joel Parks MD,ricky85
8897,Male,2,Jack Cruz,tiffanythompson
8898,Female,2,Andrea Williams,lisa61
8899,Female,1,Angela Perkins,thompsoncynthia
8900,Female,1,Alyssa Mcintyre,paulreid
8901,Female,2,Leah Christian,vgarcia
8902,Male,2,Thomas Moore,obrienanna
8903,Female,1,Tiffany Lin,anthony55
8904,Male,2,Dennis Cooke,jesse46
8905,Female,2,Diane Flynn,hrodriguez
8906,Male,1,Henry Shepherd,ajones
8907,Female,1,Alison Hill,mariaclarke
8908,Male,1,James Oneal,tfernandez
8909,Male,2,Brett Cook,longteresa
8910,Female,2,Ann Holmes,mullinsveronica
8911,Female,2,Connie Smith,ashley04
8912,Female,1,Kristin Drake,mwilson
8913,Male,2,Joseph Trujillo,kenneth70
8914,Male,1,Gary Bender,ggarcia
8915,Female,1,Nicole Fleming,sharonking
8916,Female,2,Bianca Harris,ericawatkins
8917,Female,2,Vanessa Brown,andersonnicole
8918,Male,2,Nicholas Barnes,nnovak
8919,Male,1,Calvin Stevens,saracrane
8920,Male,2,David Bauer,fmendoza
8921,Male,2,Andrew Crawford,reedkayla
8922,Male,1,Thomas Ruiz,cochranchristopher
8923,Female,1,Robin Montgomery,kaitlinnelson
8924,Female,2,Tonya Keith,wlawson
8925,Female,1,Samantha Mcfarland,tracey88
8926,Male,1,Steven Romero,bethbrooks
8927,Male,2,Michael Gibson,david90
8928,Male,1,Joseph Harvey,bbernard
8929,Male,2,Carl Walker,richardsonregina
8930,Male,2,Scott Berry,derek69
8931,Female,1,Cassandra Wallace,aguirremichael
8932,Male,1,Jason Perry,emurphy
8933,Female,2,Melissa Smith,carolyn69
8934,Male,2,Jeffrey Garner,hendersonheather
8935,Female,2,Mary Price,hobrenda
8936,Female,2,Lisa Williams,jennifer23
8937,Female,1,Briana Shaw,apierce
8938,Female,1,Caitlin Williams,wallaceangela
8939,Female,2,Patricia Reynolds,mikayla86
8940,Female,2,April Robinson,rjordan
8941,Female,2,Maria Lopez,kwilliams
8942,Male,1,Robert Shepherd,ysmith
8943,Female,2,Wendy Hudson,joelcarr
8944,Female,1,Mrs. Kristen Lopez MD,stephen00
8945,Male,2,Devon Guzman,idavis
8946,Male,2,Benjamin Myers,griffindarren
8947,Female,1,Elizabeth Salas,christina99
8948,Female,1,Marie Castaneda,grantedwin
8949,Female,2,Brianna Wong,johnsonalex
8950,Female,2,Donna Jones,chapmanmichael
8951,Female,1,Tracy Weiss,jeanettedean
8952,Female,2,Christina Estes,chelsea87
8953,Female,2,Samantha Brennan,sharonjones
8954,Male,1,David Sutton,jolarson
8955,Female,2,Raven Jackson,vellis
8956,Female,1,Melissa Nelson,julian83
8957,Female,2,Patricia Davis,jamesmoore
8958,Male,2,Bryce Frey,warrensteven
8959,Female,1,Kristy Reyes,bowmankristina
8960,Female,1,Jamie Reynolds,pbrown
8961,Female,2,Mary Wright,zachary14
8962,Female,2,Elizabeth Carrillo,kanejeffrey
8963,Female,2,Laurie Johnson,nicolehicks
8964,Male,2,Christopher Ramirez,gwendolynlawson
8965,Female,2,Elizabeth Moore,omaddox
8966,Female,2,Angela Davis,jacqueline49
8967,Female,2,Rachel Cortez,austinmyers
8968,Male,2,Anthony Winters,susancarter
8969,Female,1,Terri Bolton DVM,lmay
8970,Female,2,Diana Taylor,tannertaylor
8971,Female,1,Julia Hurst,ubuchanan
8972,Female,1,Laura Todd,cathy63
8973,Male,1,Joel Sampson,njackson
8974,Female,1,Kimberly Morrison,melissa96
8975,Female,2,Angela Barnett,josephnunez
8976,Male,2,David Martin,serranomichael
8977,Female,2,Carol Thompson,nshaffer
8978,Male,2,Lee Smith,heatheravila
8979,Male,1,Rodney Jones,meaganjohnson
8980,Female,1,Pamela Dodson,matthewtran
8981,Male,1,Bryce Hawkins,daniel86
8982,Female,1,Heather Cooper,allen76
8983,Male,1,Andrew Williams,murrayteresa
8984,Female,2,Jenna Lynch,cody41
8985,Female,2,Sharon Montgomery,davidross
8986,Male,2,George Thornton,nicholas65
8987,Female,2,Megan Nguyen,wmitchell
8988,Female,1,Sherry Robertson,liujenna
8989,Male,1,Steven Gonzalez,wdalton
8990,Female,1,Chelsey Lee,michellehinton
8991,Male,2,David Henry,kelsey31
8992,Female,1,Rhonda Fox,ecompton
8993,Female,1,Barbara Payne,zscott
8994,Female,1,Tanya Benjamin,mfowler
8995,Female,2,Sheri Reeves,danielle24
8996,Female,2,Jacqueline Black,jefferybowers
8997,Male,2,Hunter Frazier,michaelprice
8998,Female,1,Susan Martinez,sdillon
8999,Male,2,David King,blopez
9000,Male,1,Jose Edwards,marshmallory
9001,Female,1,Michelle Robinson,kelseyyoung
9002,Female,2,Teresa King,charles47
9003,Male,1,Peter Rogers,francisjones
9004,Male,1,Gregory Dawson,showe
9005,Female,1,Melanie Holloway,amysoto
9006,Female,1,Paula Gillespie PhD,valenciageorge
9007,Male,2,Jason Mcintosh,bergmichael
9008,Male,1,David Smith,hendersonlinda
9009,Male,2,Joseph Carter,ssteele
9010,Female,2,Megan Hull,jordansamantha
9011,Female,2,Shannon Taylor,brandonhill
9012,Male,1,Jason Miller,jessicaphelps
9013,Female,1,Stacy Combs,bellchristina
9014,Female,1,Lisa Johnson,tjackson
9015,Male,1,Michael Scott,sabrina23
9016,Female,2,Lisa Compton MD,uhowell
9017,Male,1,Brian Valenzuela,charlotte74
9018,Male,2,Preston Smith,guerraroger
9019,Female,1,Sandra Lowe,salasangela
9020,Male,1,Brian Bauer,steven05
9021,Female,2,Amy Reeves,kimteresa
9022,Female,1,April Thompson,katherinesmith
9023,Male,1,Ronnie Wilcox,kristin04
9024,Female,1,Linda Smith,swilson
9025,Female,1,Linda Fisher,adam79
9026,Female,2,Elizabeth Fields,ashley41
9027,Male,2,Robert Maxwell,gfry
9028,Male,2,Bryan Garcia,alexanderdeanna
9029,Female,2,Susan Underwood,jmontoya
9030,Male,2,Timothy Caldwell,matthewgilbert
9031,Male,2,Steven Long,laurengregory
9032,Male,2,Mark Jacobs,smithalyssa
9033,Male,2,Kyle Anderson,matthew80
9034,Male,1,Michael Webb,matthewalvarado
9035,Male,2,Ronald Evans,emilygibson
9036,Male,1,Jeffrey Hobbs,glenncarson
9037,Female,1,Connie Phillips,manningtonya
9038,Female,2,Mary Phelps,johnsonkimberly
9039,Female,2,Linda Arnold,allensullivan
9040,Male,1,Matthew Townsend,irichardson
9041,Male,2,Devon Gonzalez,patriciawilliams
9042,Male,1,Charles Jones,natashahall
9043,Female,1,Brianna Carter,josephhess
9044,Male,1,George Huff,joseph45
9045,Female,2,Julie Larsen,diazjacob
9046,Female,1,Erika Woods,howardkathy
9047,Male,2,Bryan Johnson,paul95
9048,Male,2,Christopher Leblanc,gibsonchristopher
9049,Male,1,Todd Mullen,brogers
9050,Male,1,James Welch,ybrooks
9051,Male,1,Bradley Mccarthy,parias
9052,Male,1,Ronnie Livingston,millerjoseph
9053,Male,2,Kyle Greene,yhernandez
9054,Male,2,Richard Webster,brendacollins
9055,Male,2,Henry Nelson,alvarezjasmine
9056,Male,1,Phillip Garcia,campbelljames
9057,Male,2,Victor Howard,curtisdavid
9058,Male,2,Troy Smith,amber40
9059,Female,2,Elizabeth Cox,belindasherman
9060,Female,2,Wendy Leonard,wpeters
9061,Male,1,Eric Hunter,frankmassey
9062,Male,2,Curtis Schultz,john85
9063,Male,1,Dennis Jones,jnavarro
9064,Female,1,Rebecca Green,turnerkyle
9065,Female,1,Carol Pierce,syoung
9066,Male,2,Duane Zuniga,yolandavilla
9067,Male,1,Joshua Garcia,rebecca09
9068,Female,2,Tina Bates,scott89
9069,Male,2,Michael Mcdonald DVM,robert35
9070,Female,2,Sharon Simon,jason72
9071,Male,1,Kevin Campbell,briannagay
9072,Male,1,Michael Carr,duransamantha
9073,Male,1,Justin Smith,vmclaughlin
9074,Female,2,Sarah Munoz,stephanierojas
9075,Female,1,Shelby Weiss,dawnmckinney
9076,Male,1,Dr. Jeffrey Ramirez,jhays
9077,Female,2,Jessica Yu,pvalenzuela
9078,Male,2,Christopher White,cervantesamanda
9079,Female,2,Ann Mercado,kimberlymartin
9080,Male,2,Jay Johnson,aviladeborah
9081,Male,1,Jonathan Cohen,sheila61
9082,Female,1,Lisa Fletcher,carolyn94
9083,Female,1,Carly Taylor,boydmichael
9084,Male,2,Mr. Ryan Bonilla,frankmeyer
9085,Female,2,Felicia Webb,powellnicholas
9086,Female,1,Shannon Ingram,josephmonroe
9087,Male,1,Jason Gay,chavezevan
9088,Male,1,Dylan Schroeder,cmiller
9089,Male,1,Billy Johnson,jsweeney
9090,Female,2,Tracy Arias,jocelyn95
9091,Male,2,William Simmons,hernandezlisa
9092,Female,1,Megan Sanders,qsmith
9093,Female,1,Brittney Taylor,david56
9094,Male,2,Timothy Johnston,rodney68
9095,Male,2,Willie Moore,millerantonio
9096,Male,1,Craig Castro,greenmelissa
9097,Female,2,Grace Ryan,qshepherd
9098,Female,2,Teresa May,swilliams
9099,Female,2,Denise Turner,patriciataylor
9100,Female,2,Brandy Johnson,danielle18
9101,Male,2,Zachary Martin,mathisjean
9102,Male,1,Marcus Wilson,qharmon
9103,Female,1,Teresa Hernandez,qmoran
9104,Male,2,Arthur Thompson,cassandrafranklin
9105,Male,2,William Hudson,maureen74
9106,Male,2,Terry Mercado,linda98
9107,Male,1,James Evans,lharper
9108,Female,1,Emily Reynolds,gwallace
9109,Male,2,Alan Nguyen,adam35
9110,Male,1,Terry Wright,tbernard
9111,Male,2,David Martin,taylor13
9112,Male,2,Roy Martin,christran
9113,Female,2,Theresa Nielsen,brian75
9114,Female,2,Mrs. Bianca Freeman DDS,kevinmcfarland
9115,Male,1,Mario Mcdonald,stephanieboyd
9116,Male,1,James Reese,joe94
9117,Female,1,Dominique Goodwin,justinsimpson
9118,Female,2,Destiny Mclean,qmassey
9119,Male,2,Benjamin Leonard,rebecca78
9120,Female,2,Lori Graham,garciarobert
9121,Male,2,Jeffrey Jones,donald55
9122,Female,2,Kimberly Marsh,tanyarodriguez
9123,Female,2,Gina Martinez,monicamorrison
9124,Female,1,Jennifer Schneider,salasthomas
9125,Female,2,Leslie Yang,james89
9126,Female,2,Allison Dean,curtisrush
9127,Male,1,Alejandro Copeland,kyle59
9128,Female,2,Mary Collins,maldonadobryan
9129,Female,2,Sandra Park,wjohnson
9130,Male,1,Christopher Kelley MD,boydrichard
9131,Male,2,Benjamin Duncan,hunter73
9132,Male,1,Nicholas Robertson,ellishector
9133,Female,2,Jamie Newton,jeff45
9134,Male,2,Christopher Frazier,robert86
9135,Female,2,Stephanie Davidson,barneserika
9136,Male,2,Matthew Villanueva,ryan15
9137,Female,2,Cheryl Wilson,fbuck
9138,Male,1,Jacob Gregory,dillon52
9139,Female,2,Megan Miller,donna92
9140,Male,2,Brian Calderon,rbrewer
9141,Male,1,Thomas Davidson,adamschad
9142,Male,1,Jason Cunningham,brad08
9143,Male,2,Charles Stone,alexis04
9144,Female,2,Kelly Cole,gregoryrobinson
9145,Female,1,Courtney Johnson,lharvey
9146,Female,1,Kimberly Carter,jamesanderson
9147,Female,2,Sherri Lane,amy19
9148,Female,1,Jaime Summers,lance54
9149,Female,2,Christina Robinson,arnoldamber
9150,Male,2,Sergio Ramirez,bradley67
9151,Male,2,Logan James,smithleslie
9152,Female,1,Lisa Barnes,mcgeegabriel
9153,Female,1,Sydney Paul,cooperraymond
9154,Female,2,Melissa Cervantes,jean08
9155,Female,1,Danielle Campbell,rogerswilliam
9156,Female,1,Susan Wright,nmorris
9157,Male,2,Marc Allen,jonathan74
9158,Male,2,Erik James,andreawood
9159,Male,1,Justin Maxwell,zwilliams
9160,Female,2,Pamela Hill,brian71
9161,Male,1,Kevin Hughes,osbornstephen
9162,Male,1,Nicholas Moyer,robert81
9163,Female,2,Victoria Rivers,sanchezchristopher
9164,Male,2,Ronald Johnson,eugenehogan
9165,Female,1,Erika Clarke,andrea06
9166,Male,2,Dustin Jones,sbates
9167,Male,2,Martin Diaz,garciakaren
9168,Female,1,Kellie Dunn,andrewscolleen
9169,Female,1,Patricia Hunter,currymatthew
9170,Male,2,Kristopher Haynes,sshepard
9171,Female,2,Angela Cochran,janeparks
9172,Male,1,Keith Morales,jamesburns
9173,Male,1,Christopher Gray,castilloeric
9174,Male,1,Michael Hurst,perkinslisa
9175,Male,1,Matthew Mullins,lopezjoshua
9176,Male,2,Richard Kelley,barrerakevin
9177,Female,2,Christina Robinson,jacquelinedaniel
9178,Male,2,Michael Harris,omendoza
9179,Male,2,Shaun Andrews,danamitchell
9180,Female,2,Lori Gray,gregorypotts
9181,Female,1,Darlene Thompson,harrisabigail
9182,Female,1,Sarah Martinez,tracy03
9183,Female,2,Christine Lynn,margaret55
9184,Male,2,Richard Price,lhernandez
9185,Female,2,Rebecca Hicks,daniel97
9186,Male,1,James Jones,ethompson
9187,Male,1,Jose Durham,johnsonchristopher
9188,Male,1,Michael Rodriguez,bcamacho
9189,Male,1,Aaron Bishop,jamesaustin
9190,Male,2,Patrick Black,rosejoseph
9191,Male,2,Gregory Thompson,mooreerica
9192,Male,2,Timothy Henderson,ejarvis
9193,Male,2,Michael Jackson,ljuarez
9194,Female,1,Sharon Gray,njarvis
9195,Female,1,Kathleen Combs,bjones
9196,Male,2,Tyler Ayala,jimmyramirez
9197,Female,1,Lauren Gonzalez,rickymcintyre
9198,Female,1,Theresa Schmidt,michaelcruz
9199,Female,1,Laura Dean,uedwards
9200,Male,1,Mr. Troy Hill DDS,brian38
9201,Male,1,Steven Boyer,lindseyrandall
9202,Female,2,Shelby Adams,cynthia98
9203,Male,2,Joseph Hayes,hoodkeith
9204,Female,2,Jennifer Lopez,denisetaylor
9205,Male,2,Tom Morris,rebeccaatkins
9206,Male,2,Joshua Hoffman,gspencer
9207,Female,2,Leslie King,adamwilliams
9208,Female,2,Dawn Barnes,dclark
9209,Female,1,Dr. Lynn Maldonado,angela92
9210,Male,2,Dustin Dodson,mkeller
9211,Female,2,Heather Dixon,morganloretta
9212,Female,1,Tara Salazar,teresa12
9213,Female,1,Dorothy Villegas,hunter51
9214,Male,2,Craig Waller,christophergarcia
9215,Male,1,Joseph Wilson,kaitlynperkins
9216,Female,2,Jennifer Bryan,hendersonsandy
9217,Male,2,Connor Park,april44
9218,Female,2,Kelly Robertson,sabrina99
9219,Female,1,Jennifer Hayden,kimberly59
9220,Female,1,Denise Howell,ewingjohn
9221,Male,1,Matthew Wise,leerichard
9222,Female,1,Jill Carpenter,singhchristian
9223,Female,2,Linda Pena,jennifermoreno
9224,Female,1,Olivia Knapp,monique25
9225,Male,2,Daniel Cross,jamesgriffith
9226,Female,1,Rebecca Tapia,hardyelizabeth
9227,Male,2,Larry Parsons,william84
9228,Male,2,Richard Martinez,craigkevin
9229,Male,2,Luke Frye,shari81
9230,Male,1,Michael Oneill,griffithtodd
9231,Male,1,Aaron Spencer,pford
9232,Female,2,Lynn Lyons,jameshooper
9233,Male,1,Larry Anderson,jeffreyholt
9234,Male,1,Craig Wilson,jenniferjones
9235,Female,1,Megan Henry,steven03
9236,Male,2,Stephen Chung,whiteandrea
9237,Female,2,Jessica Simmons,terrence91
9238,Male,2,James Davis,vjones
9239,Female,1,Ann Terrell,ljordan
9240,Male,2,Scott Hansen,wendy99
9241,Male,2,Ronald Taylor,jonathan33
9242,Male,2,Johnny Stanley,bradley95
9243,Male,1,Richard Ortega,nelsonbrian
9244,Female,2,Gabrielle Murphy,davisdavid
9245,Female,2,Gabriella Murphy,cainjennifer
9246,Male,2,Jeff Preston,philip42
9247,Female,1,Barbara Morgan,valenciasally
9248,Male,1,Zachary Patterson,ashley68
9249,Male,2,Christopher Boyd,leemichael
9250,Female,1,Veronica Garcia,clinesara
9251,Female,1,Patricia Jones,jodi28
9252,Male,1,Jeffrey Sexton,darren85
9253,Male,1,Robert Barton,chaneymiguel
9254,Male,2,Mr. Tyler Johnson,brian51
9255,Male,1,Christopher Lee,lopezdonald
9256,Male,2,Steven Ramirez,rtate
9257,Male,2,Nathan Griffin,john42
9258,Male,1,Mitchell Charles,travismontoya
9259,Male,2,John Brewer,sburke
9260,Female,2,Breanna Allen,phillipssarah
9261,Female,1,Kelsey Mendez,jo44
9262,Male,1,Jeremiah Martinez,crystal00
9263,Female,2,Tiffany Holloway,vlowe
9264,Female,2,Alyssa Williams,zdudley
9265,Male,2,Gregory Castro,michaelkennedy
9266,Male,1,Mark Lyons,kfranklin
9267,Female,1,Tammy Schwartz,linda79
9268,Female,1,Teresa Hickman,qgreen
9269,Male,2,Nicholas Huff,davidholder
9270,Female,2,Meghan House,bonnie83
9271,Male,1,Richard Burton,richardsmith
9272,Male,1,Alexander Cobb,joseph35
9273,Female,2,Sharon Torres,ncobb
9274,Female,2,Kelly Smith,osilva
9275,Female,2,Christine Hutchinson,qneal
9276,Male,1,Eric Smith,jacob45
9277,Female,1,Krystal Ruiz,tammywillis
9278,Female,1,Kristi Morales,loricline
9279,Female,1,Laura Rivera,sheltonmary
9280,Female,1,Jean Hartman,taylorwilliams
9281,Female,2,Lisa Lewis,carrillojake
9282,Female,1,Lauren Smith,leslie21
9283,Female,1,Jacqueline Johnson,sandrasmith
9284,Male,1,Charles Reeves,donald66
9285,Male,2,Christopher Riddle,allison07
9286,Female,1,Emily Campbell,monicawheeler
9287,Male,1,John Williams,yhess
9288,Female,2,Molly Powell,fglenn
9289,Male,1,Jesse Brown,johnstonmarie
9290,Female,2,Michelle Stark,linda82
9291,Female,1,Theresa Carney,anthonyallen
9292,Female,2,Brandi Morton,wendy43
9293,Male,2,Curtis James,gbauer
9294,Male,2,Kenneth Bennett,collinssteven
9295,Male,1,Stephen Riggs,swade
9296,Female,1,Brittany Cooper,nicholascook
9297,Female,1,Michelle Owen,triciahouston
9298,Female,1,Abigail Thomas,burtonkyle
9299,Male,1,Jeffery Williams,popedave
9300,Male,2,Joshua Garcia,valerie97
9301,Male,2,Mark Parker,scottbrown
9302,Male,1,Thomas Dunn,hillemily
9303,Male,1,Ricardo Thompson,annabush
9304,Male,1,Tanner Steele,tfletcher
9305,Female,2,Julie Leon,mwalton
9306,Male,2,Collin Allen,david95
9307,Male,2,Thomas Rodriguez,aaron74
9308,Female,1,Patricia Snow,mmcintyre
9309,Male,2,Bradley Edwards,dawsonthomas
9310,Female,2,Brooke Paul MD,matthewsrachel
9311,Female,1,Stephanie Jennings,molly75
9312,Male,2,David Ramsey Jr.,colemary
9313,Male,2,Matthew Winters,jessicapittman
9314,Female,2,Margaret Flores,paynesandra
9315,Male,1,Robert Camacho,matthewgrant
9316,Female,2,Kelly Walker,millermelissa
9317,Female,2,Julie Peterson,xmclean
9318,Male,2,Andre Hickman,natalie14
9319,Female,2,Amanda Sanchez,jennifer73
9320,Female,1,Karen Wilson,angela12
9321,Female,2,Leah Gray,sarah91
9322,Male,2,Patrick Ball,ucarrillo
9323,Male,1,Joshua Hancock,jonathan02
9324,Female,1,Rebecca Hernandez,danielle11
9325,Female,2,Teresa Roberts,collinspatricia
9326,Female,2,Laurie Thompson,monica25
9327,Male,2,Nicholas Taylor,frankwilliam
9328,Male,2,Andres Cooper,ntapia
9329,Male,1,Brian Harrison,john26
9330,Female,1,Linda Coleman,simpsonkathryn
9331,Female,2,Sandra Smith,cooperdavid
9332,Female,2,Sierra Campbell,danielstacey
9333,Female,2,Lisa Lamb,cruzjoann
9334,Female,2,Joanna Lowe,frank97
9335,Female,2,Karen Nichols,ujones
9336,Female,1,Shelly Thompson,christinejones
9337,Female,1,Elizabeth Hooper,abigailmartin
9338,Male,2,Daniel Johnson,bowerscasey
9339,Male,1,Tyler Nguyen,john60
9340,Female,2,Diane Graham,tracymartin
9341,Male,2,Matthew Rice,kevinbarrett
9342,Female,2,Dawn George,alexandrasmith
9343,Female,1,Ashley Collins,davidgutierrez
9344,Female,2,Kelly Smith,oconnorjason
9345,Male,1,Dr. Paul Johnson,robertwallace
9346,Male,2,Matthew White,tiffanydavis
9347,Female,2,Amanda Dickerson,april42
9348,Male,1,Robert Flores,justin47
9349,Male,1,Edward Drake,jmcgee
9350,Male,1,David Thompson,amyrice
9351,Male,2,Samuel Singh,charles79
9352,Male,1,Travis Carter,diana71
9353,Female,2,Amy Mays,wdaniels
9354,Male,2,Jesus Weiss,jessica12
9355,Male,1,Peter Wilson,ocarter
9356,Female,2,Cheryl Reyes,barbaracruz
9357,Female,2,Ashley Graves,thomas30
9358,Male,2,Christopher Walker,matthew61
9359,Male,1,Jamie Nichols,louis94
9360,Male,2,Joshua Martin,sjensen
9361,Female,2,Abigail Coleman,hickmanjessica
9362,Female,1,Kathryn Vance,anthony04
9363,Male,1,Michael Santiago,hebertdylan
9364,Male,1,George Jacobs,lauren11
9365,Male,2,Christopher Smith,samuel15
9366,Female,2,Melanie Acevedo,michelle45
9367,Female,1,Alyssa Freeman,richard70
9368,Male,1,James Everett,thomassnow
9369,Female,2,Crystal Scott,jenniferbrown
9370,Female,1,Mary Duarte,james89
9371,Female,2,Nicole Berger,jonesmargaret
9372,Male,2,Larry Petersen,omarks
9373,Female,2,Lindsey Marquez,twilson
9374,Female,2,Valerie Aguilar,bowersjeremy
9375,Male,1,Christopher Jones,tim85
9376,Male,1,John Washington,timothyfritz
9377,Male,1,John Stewart,jasonmiller
9378,Male,2,David Lopez,boltoncatherine
9379,Male,2,Tim Goodwin,dcruz
9380,Female,1,Shannon Nelson,newtonteresa
9381,Female,2,Stacey Freeman,daniel84
9382,Female,2,Mandy Wu,svazquez
9383,Female,2,Kimberly Castillo,rodriguezsusan
9384,Female,1,Victoria Moore DVM,lynnchristy
9385,Female,2,Norma Castillo,nicolemyers
9386,Male,1,Carl Richard,jessica79
9387,Male,1,Mr. Derek Woods,pcarrillo
9388,Male,1,Dillon Hernandez,rachel05
9389,Male,2,Jay Sullivan,heather36
9390,Male,2,Brett Taylor,calebroth
9391,Male,1,Anthony Patterson,brandonjones
9392,Male,1,Robert Bauer,annajackson
9393,Female,1,Lisa Wright,uhansen
9394,Female,1,Tina Garcia,qschwartz
9395,Female,1,Elizabeth Powell,klewis
9396,Male,1,Paul Guerra,ocaldwell
9397,Male,2,Joseph Mills,elizabeth44
9398,Male,1,Paul Wilson,sandythompson
9399,Female,2,Amanda Reyes,hlee
9400,Male,1,Charles Wright,sean58
9401,Female,2,Jasmine Carrillo,ericksonrachael
9402,Male,2,Edward Black,cheyennekaufman
9403,Male,2,Johnny Shaw,ymercer
9404,Male,2,Mr. Matthew Harris,ysmith
9405,Male,1,Douglas Moore,dbowen
9406,Female,1,Ashley Mahoney,johnnycampbell
9407,Female,1,Erin Howell,tamaramcgrath
9408,Female,1,Ms. Kayla Baldwin,medinadominique
9409,Female,1,Jessica Ross,rasmussennicole
9410,Male,1,Dwayne Harmon,michelle48
9411,Female,1,Patricia Sanchez,martinrichard
9412,Female,2,Lindsay Harris,maxvasquez
9413,Female,1,Cindy Guzman,hillkayla
9414,Male,1,Jacob Taylor,vwhite
9415,Male,2,Brian Rivera,morenocheryl
9416,Male,2,Jeffrey Sweeney,shawndavis
9417,Female,2,Vanessa Lozano,romanlaura
9418,Male,1,Juan Carter,robertlewis
9419,Male,1,Richard Hart,jennifer12
9420,Male,2,Nathan Pruitt,ncoleman
9421,Male,2,Tyler Carr,ubailey
9422,Male,1,Maurice Dixon,jameshernandez
9423,Female,1,Toni Rivera,kellykelly
9424,Male,2,Darrell Hayes,jason12
9425,Male,2,Aaron White,juanhensley
9426,Female,1,Robin Nelson,kevinarias
9427,Female,1,Jessica Bennett,walkerlori
9428,Male,1,Christian Short,silvajames
9429,Female,1,Monique Snyder,xbrennan
9430,Female,1,Julie Figueroa,patriciagray
9431,Male,2,Michael Johnson,marissamoss
9432,Male,1,James Ortiz,valeriemendoza
9433,Female,1,Ariana Thomas,sheajessica
9434,Male,1,Eric Peters,harteric
9435,Male,1,Tyrone Hernandez,laura14
9436,Female,2,Erica Jones,johnsonjennifer
9437,Male,1,Nathan Smith,whitakerthomas
9438,Male,1,Randall Wise,chavezkaitlyn
9439,Female,2,Jackie Diaz,fordannette
9440,Male,1,Mark Green,teresaharris
9441,Male,1,Robert Miller,carmenewing
9442,Male,1,William Davis,brianevans
9443,Male,2,Shawn Abbott,hudsonsarah
9444,Female,1,Mary Molina,gmarquez
9445,Female,2,Sarah Archer,blackmelissa
9446,Male,2,Andrew Mcgrath,gutierrezgloria
9447,Male,1,Daniel Valdez,markgonzalez
9448,Female,2,Denise Ramirez,phayes
9449,Female,1,Amy Rowe,clarkekristen
9450,Male,1,Christopher Hooper,raymond58
9451,Male,1,Joshua Edwards,cassandra29
9452,Female,2,Nancy Salazar,dawn16
9453,Female,1,Olivia Benson,jennifer75
9454,Male,2,Wesley Wyatt,julie93
9455,Male,2,Ronald Walker,emily09
9456,Male,2,Willie Sims,nschneider
9457,Male,2,Christopher Mcdonald,jameshull
9458,Female,2,Mrs. Michelle Hansen,gonzaleznicole
9459,Male,2,Darrell Haas,tammy22
9460,Female,2,Andrea Brown,chelseacabrera
9461,Male,1,Steven Lee,smithmelissa
9462,Male,1,David Smith,nlucas
9463,Male,1,Randy Hall,calvindixon
9464,Female,1,Alexandra Fitzgerald,vegacrystal
9465,Female,1,Lydia Williams,john30
9466,Female,2,Sharon Lowe,peggy48
9467,Female,1,Patricia Roberson,michele42
9468,Female,1,Tiffany Terry,karawalker
9469,Male,2,James Arroyo,robinturner
9470,Male,2,John Johnson,adamsandoval
9471,Male,1,Richard Simon,daniel94
9472,Female,2,Amy Wright,rclark
9473,Male,1,Shawn Porter,heather38
9474,Female,2,Cassandra Smith,dorseydanielle
9475,Male,2,Jimmy Reed,ashleyherrera
9476,Male,2,Dylan Alvarez,bfernandez
9477,Female,1,Valerie Fisher,teresafleming
9478,Male,1,Joshua Mcmillan,xanderson
9479,Male,2,Michael Miller,angelica55
9480,Male,1,Bradley Matthews,briannajimenez
9481,Male,2,Ryan Gillespie,mary05
9482,Male,1,David Jackson,jwilson
9483,Female,1,Megan Galvan,hannahbrooks
9484,Male,1,Jeremy Rodriguez,colemansusan
9485,Female,1,Susan Randolph,timothylucero
9486,Female,1,Meredith Beasley,jamesanderson
9487,Male,2,James Alexander,vmiller
9488,Male,1,Michael Garrison,william21
9489,Male,2,Matthew Ward,flemingsabrina
9490,Male,2,Christopher Garcia,warrenblack
9491,Male,2,Dylan Martin,bruce64
9492,Male,2,Jared Booth,guzmanbeth
9493,Male,2,Ryan Shields,danielhernandez
9494,Female,2,Kaitlyn Wallace,williamskevin
9495,Male,1,Phillip Craig,kristi53
9496,Female,1,Mary Sanford,alyssa01
9497,Male,1,Melvin Jacobs,wsimpson
9498,Male,2,Derek Baker,gschultz
9499,Male,1,Dylan Alvarez,iking
9500,Female,2,Jessica Walton,moranjennifer
9501,Female,2,Emily Mcintosh,amy07
9502,Male,2,Craig Flores,ffigueroa
9503,Female,2,Evelyn Gilbert,amandaruiz
9504,Male,2,Michael Macdonald,paulyoung
9505,Female,2,Stephanie Bowman,blackjames
9506,Male,1,Cole Wilson,geoffrey67
9507,Female,2,Rachel Rivera,ashleymartinez
9508,Female,2,Nancy Jones,pscott
9509,Female,1,Shannon Elliott,patriciacontreras
9510,Female,2,Christina Fischer,albert26
9511,Male,1,Dr. Andrew Chang,johnsonmichael
9512,Female,1,Stephanie Suarez,haynesrachel
9513,Male,2,Wesley Morales,joseph84
9514,Male,2,Lucas Marquez,glennsandra
9515,Female,1,Vanessa Benson,josephdavid
9516,Male,1,Shawn Ross,albert50
9517,Male,2,Jose Kelly,gina70
9518,Female,2,Jodi Stanley,mjimenez
9519,Male,1,Steven Evans,jamesmccarthy
9520,Female,1,Carla Porter,katie65
9521,Male,1,Jeffrey Myers,melissaperry
9522,Male,1,Jose Meyer,pfaulkner
9523,Male,1,Michael Ryan,bellkevin
9524,Male,2,Julian Williams,joshuajones
9525,Female,1,Caroline Lowe,rwilliams
9526,Female,1,April Richardson,zowens
9527,Male,1,Brent Buchanan,harrisgabrielle
9528,Female,2,Patricia Cruz,moranjennifer
9529,Female,1,Carolyn Thomas,edwardstravis
9530,Female,1,Lori Reynolds,victoria60
9531,Female,2,Melissa Gonzalez,alyssa92
9532,Male,1,Eric Sims,kmcclain
9533,Male,2,Rodney Wheeler,ladams
9534,Female,1,Laura King,robin43
9535,Male,2,Christian Johnson,bill87
9536,Female,1,April Spencer,andersondana
9537,Female,1,Becky Hicks,catherine47
9538,Male,2,James Lee,megansimon
9539,Male,2,Daniel Kim,amy19
9540,Female,1,Mary Snow,richard62
9541,Male,2,Samuel Lucas,hannahrobinson
9542,Male,1,Daniel Rivera,dickersonapril
9543,Female,2,Mrs. Sarah Santos,alexanderortega
9544,Female,2,Allison Lewis,derrickmeadows
9545,Female,1,Mary Nelson,robert44
9546,Male,2,Robert Sanders,williamsdonald
9547,Male,2,Mr. Michael Robinson DVM,mcfarlandronald
9548,Female,1,Erin Mercado,shellyhill
9549,Male,2,Gary Zimmerman,petersonshawn
9550,Male,2,Jeremy Pham,brianflowers
9551,Male,2,Adam Brewer,marilyn39
9552,Female,2,Dana Harper,brittanymitchell
9553,Male,1,Keith Rodriguez,smithrandy
9554,Male,1,Jeffery Fleming,brian19
9555,Male,2,Jason Moore,ksimon
9556,Female,2,Vanessa Roberts,kharris
9557,Male,2,Spencer Greene,kphillips
9558,Female,2,Mary Chang,gonzalezcharles
9559,Female,1,Shelby Washington,brianjones
9560,Female,2,Diane Diaz,shelly12
9561,Female,1,Linda Hawkins,brownsteven
9562,Male,1,David Ortiz,walkeranthony
9563,Female,1,Mary Johnson,sjackson
9564,Male,2,Victor Copeland,john60
9565,Male,2,Kevin Martin,rothheather
9566,Female,2,Laura Hoffman,ashleybrown
9567,Female,2,Michaela Johnson,hhurley
9568,Female,2,Kristen Reyes,sbraun
9569,Male,1,Justin Wright,lewisbenjamin
9570,Male,2,Robert Anderson,aphillips
9571,Male,1,Jose Woods,gina50
9572,Female,2,Lisa Macdonald,marcus91
9573,Male,2,Thomas Russo,maryflores
9574,Female,1,Christina Johnson,kimberly17
9575,Male,1,Patrick Collins,wheelerkelly
9576,Male,1,David Anderson,ewright
9577,Male,1,Vincent Blankenship,vboyd
9578,Male,2,James Martinez,dominiqueschmidt
9579,Male,1,George Glenn,pmunoz
9580,Male,1,Caleb Carter,stephanie51
9581,Male,2,Christopher Rodriguez,christophermccormick
9582,Female,2,Brooke Oliver,webbkristin
9583,Male,1,Austin Young,bmitchell
9584,Female,1,Kelly Castro,leebryan
9585,Female,2,Michelle Black,chapmanamber
9586,Female,2,Heather Warren,khanmatthew
9587,Female,2,Tabitha Frye,kellybuchanan
9588,Female,2,Jenny Murphy,amanda07
9589,Male,1,Jeffrey Murphy,larsendenise
9590,Female,2,Elizabeth Warren,charleslawrence
9591,Female,1,Anna Deleon,qdaniels
9592,Male,1,Mr. Sean Hernandez,mpeters
9593,Male,1,Trevor Conrad,brennandiana
9594,Male,1,Bryan Brown,xvalencia
9595,Female,1,Maria Miller,lruiz
9596,Male,1,Joe Mason,ofernandez
9597,Male,1,Mark Wolf,zoe27
9598,Female,2,Pam Brennan PhD,sarah96
9599,Male,1,Ralph Lopez,jessicaacosta
9600,Female,2,Leslie Shaw,starkkevin
9601,Female,2,Mary Davis,sarahroy
9602,Female,2,Laura Velez,carlyhampton
9603,Male,1,Andre Jimenez,froach
9604,Female,1,Colleen Johnson,martinezkathryn
9605,Male,1,Stephen Snyder,john75
9606,Male,2,Alejandro Burch,davidwalters
9607,Female,1,Stacey Johnson,amychoi
9608,Female,2,Lisa Mills,carrierogers
9609,Male,2,Matthew Barnett,gouldshane
9610,Male,2,Frank Collins,glewis
9611,Male,1,Neil Mcdonald,gbowen
9612,Male,2,Johnny Daniels,dianaquinn
9613,Male,2,Derek Miller,kimberly57
9614,Male,1,James Watson,brockconnie
9615,Male,2,Bryan Cabrera,mary41
9616,Female,2,Mrs. Andrea Mcconnell,michael86
9617,Male,1,Robert Young,denisegomez
9618,Female,2,Samantha Patel,ernestweber
9619,Male,1,Bryce White,kfry
9620,Female,2,Shelby Patterson,craigsingh
9621,Female,1,Karen Gallegos,smithheather
9622,Male,2,Michael Choi,marc93
9623,Female,1,Jennifer Medina,ronaldwest
9624,Female,1,Amanda Pierce,gpham
9625,Male,2,Scott Taylor,thomas78
9626,Male,1,Bryan Morse,walkerchristopher
9627,Female,1,Elizabeth Griffin,ldickerson
9628,Male,1,Robert Pena,petersonteresa
9629,Female,1,Kathryn Rios,debra68
9630,Male,1,Michael Garcia,ahughes
9631,Male,2,Shannon Johnson,jacksonheather
9632,Female,1,Stephanie Cantu,richardlopez
9633,Male,1,Christopher Rogers,michelle35
9634,Male,1,Alexander Hartman,stephentravis
9635,Female,1,Kaitlin Murphy,glambert
9636,Male,2,Ronnie Smith,jesusbrooks
9637,Female,2,Caitlin Krause,huntsarah
9638,Male,1,Stephen Yoder,johnsonrobert
9639,Male,1,David Oneill,dylan90
9640,Male,1,Brian Cooper,joanlucero
9641,Female,1,Amber Miller,michaelstanley
9642,Female,2,Paula Sanchez,seanberry
9643,Male,2,Larry Chase,scottmccall
9644,Male,1,Christopher Fisher,kathleensantana
9645,Male,1,David Martinez,uwalton
9646,Male,2,Brandon Anderson,michelleramirez
9647,Male,2,James Fitzgerald,troy70
9648,Female,2,Tammy Fleming MD,jennajackson
9649,Male,2,Christopher Williams,robertsongregory
9650,Male,1,Jason Nelson,ballcharles
9651,Male,1,William Aguilar,zknapp
9652,Female,1,Robin Romero,vbarr
9653,Female,1,Jennifer Patterson,renee56
9654,Male,1,Dr. Ernest Jones MD,wwallace
9655,Male,2,David Gonzales,richmondmarco
9656,Male,2,Matthew Marquez,omorris
9657,Male,2,Michael Gallagher,gallegosbrett
9658,Male,2,Eric Jones,johnrowe
9659,Male,2,Jason Hendricks,barbara79
9660,Female,2,Shelby Baldwin,cjackson
9661,Female,1,Katrina Moore,davismorgan
9662,Female,1,Misty Jimenez,rtaylor
9663,Male,2,John Donaldson,christinesmith
9664,Female,1,Laura George,ofreeman
9665,Male,2,Stephen Adams,nwise
9666,Female,2,Kristine Taylor,elizabeth91
9667,Female,1,Pamela Taylor,susanhutchinson
9668,Male,1,John Arnold,mwillis
9669,Male,1,Luis Gregory,scottwashington
9670,Male,1,Patrick Hughes,hectorbailey
9671,Female,1,Misty Lutz,millschelsea
9672,Female,2,Debra Madden,kjones
9673,Male,1,Mr. Matthew Smith MD,cblack
9674,Male,1,Christopher Bender,keymelissa
9675,Female,1,Laura Adams,dwaters
9676,Female,1,Brooke Heath,kennethduncan
9677,Male,2,Thomas Williams,bbrown
9678,Male,1,Larry Savage,briannahorton
9679,Female,1,Erica Bennett,williamwilliams
9680,Female,1,Christine Gibson,tammybird
9681,Female,1,Jodi Hall,andrealambert
9682,Male,2,Michael Williams,evanscynthia
9683,Female,1,Stacey Gonzalez,garciatroy
9684,Male,2,Justin Whitehead,georgekimberly
9685,Female,2,Morgan Green,robert35
9686,Male,2,Jacob Ochoa,garciachad
9687,Male,2,Terrance Smith,anthonyjackson
9688,Male,2,Dr. William Duncan MD,uramirez
9689,Male,2,Kenneth Armstrong,kimberly69
9690,Female,1,Jennifer Carter,berrynathaniel
9691,Male,2,Matthew Lindsey,enixon
9692,Male,2,Steven Kelly,emiller
9693,Male,1,Daniel Ford,richardsonelizabeth
9694,Male,2,David Smith,andrew28
9695,Male,1,Charles Harris,shelly38
9696,Male,1,Nicholas Brown,quinnmonica
9697,Female,2,Nancy Sanchez,josephbriggs
9698,Female,2,Jessica Barnes,jscott
9699,Female,2,Lauren Flores MD,stewartconnie
9700,Male,2,Paul Gordon,pdennis
9701,Female,1,Catherine Mendoza,oneillangela
9702,Male,1,Blake Miller,myersallen
9703,Female,1,Jenny Herrera,deborahjohnson
9704,Male,1,Christopher Lee,christina20
9705,Male,1,Jason Burns,larsonphilip
9706,Male,2,James Bowers MD,cmcclain
9707,Female,1,Ruth Sanchez,fnielsen
9708,Male,2,Tony Smith,lauranichols
9709,Female,1,Paige Howell,charlesbeasley
9710,Female,1,Sabrina Garcia,stokesnicholas
9711,Female,2,Rhonda Wang,helengeorge
9712,Male,2,Keith Sanchez,masonbradley
9713,Male,1,Cody Williamson,tyler61
9714,Male,1,Joseph Mayer,collinswesley
9715,Female,1,Deborah Anderson,eric17
9716,Female,2,Teresa Weaver,kimberlyreeves
9717,Female,1,Breanna Fitzgerald,april69
9718,Female,2,Stacey Bowen,waderyan
9719,Female,1,Katherine Whitehead,whitekathleen
9720,Male,1,Justin Deleon,radams
9721,Male,2,Mr. Daniel Pierce,gerickson
9722,Female,2,Angel Hunter,dianemiller
9723,Male,2,Scott Wilkinson,watsonlaura
9724,Female,1,Stephanie Cannon,kurtnash
9725,Female,2,Christine Morton,benjaminmeyer
9726,Female,2,Stephanie Jarvis,gilbert68
9727,Male,2,Michael Woodward,chloetaylor
9728,Male,2,Christopher Bradley,beardeileen
9729,Female,2,Laurie Nelson,edoyle
9730,Female,1,Alexis Meyers,amber10
9731,Female,2,Stacy Roberts,edwardblack
9732,Male,2,Jason Wright,hhernandez
9733,Male,2,Christian Vang,smithchristopher
9734,Male,2,Shawn Duke,michaela21
9735,Female,1,Joan Jones,arthurpatterson
9736,Male,2,Michael Anthony,michael31
9737,Male,2,Todd Mccoy,christina04
9738,Female,2,Jasmine Whitaker,nathanjones
9739,Male,1,Bruce Brandt,richard42
9740,Male,1,Robert Perez,christopher41
9741,Male,1,Bobby Martin,zvang
9742,Male,1,Christopher Arnold,patrickanthony
9743,Male,2,Rodney Webster,steelemichael
9744,Male,1,Ronald Davidson,jade95
9745,Female,1,Patricia Smith,snyderdana
9746,Male,2,Benjamin Williams,jessica96
9747,Female,2,Jillian Tran,williamblack
9748,Male,2,Robert Cochran,christy06
9749,Male,1,Erik Turner,gallagherdaniel
9750,Female,2,Stephanie Smith,wsmith
9751,Female,1,Katherine Boyle,barreraeric
9752,Male,1,James Pearson,jamesfreeman
9753,Male,2,Jeffrey Hancock,emartin
9754,Male,1,Jordan Castillo,matthew11
9755,Male,1,Robert Barnes,tlang
9756,Female,1,Brenda Carter,robertgonzalez
9757,Male,1,Christopher Roberts,parkerbrandon
9758,Female,1,Amanda Love,dean71
9759,Male,1,James Williams,lcummings
9760,Male,2,Henry Rivera,mvasquez
9761,Female,1,Nancy Mcpherson,kgregory
9762,Male,1,Robert Taylor,sylvia37
9763,Male,2,Zachary Martinez,yodertracy
9764,Female,2,Kristy Bennett,frankfrank
9765,Female,2,Tammy Cooper DDS,olynn
9766,Female,2,Ann Harrington,travis16
9767,Female,1,Amy Conrad,erinferrell
9768,Male,2,Eugene Palmer,calebcarpenter
9769,Female,1,Michelle Nichols,jeffrey47
9770,Female,1,Jennifer Crawford,smithrebekah
9771,Female,1,Aimee Campbell,jwood
9772,Female,2,Teresa Johnson,gwyatt
9773,Male,1,Michael Williams,lholland
9774,Male,2,Joseph Barron,randallsherman
9775,Female,1,Nicole Powell,scott66
9776,Male,1,Jeffrey Donovan,michael51
9777,Male,2,Gary Coleman,eandersen
9778,Female,2,Elizabeth Page,bcampbell
9779,Male,2,Parker Hull,heather61
9780,Male,2,James Burgess,kgonzalez
9781,Female,1,Danielle Miles,samanthathompson
9782,Female,2,Rebecca Leonard,edwardssherri
9783,Male,2,Bryan Jackson,melissa91
9784,Female,1,Regina Conrad,hoffmanbrian
9785,Male,1,William Manning,phillipsgregory
9786,Male,2,Cristian Morris IV,harrisondonna
9787,Male,1,Richard Walsh,kbass
9788,Female,1,Lindsey Ramirez,sonyalarson
9789,Male,1,Robert Bass,xallen
9790,Female,2,Julia Hawkins,adrianthompson
9791,Female,1,Patricia Gibson,terryrachel
9792,Male,2,Spencer Tran,shill
9793,Male,1,Justin Dominguez,jimenezcorey
9794,Female,2,Heather Williams,cole12
9795,Female,1,Mary Lee,ryan22
9796,Male,1,David Robinson,gwagner
9797,Female,2,Susan Schmidt,david28
9798,Female,1,Susan Powers,jenningsamber
9799,Male,1,Mark Foster,tonya68
9800,Male,2,Seth Bryant,perkinsjennifer
9801,Male,2,Paul Porter,ibutler
9802,Female,2,Ashley Callahan,powerscharles
9803,Male,1,Jack Sosa,mark88
9804,Female,1,Amy White,dweaver
9805,Female,1,Savannah Mitchell,asimpson
9806,Female,1,Jodi Young,mathewsjohn
9807,Female,1,Linda White,kennethtucker
9808,Female,1,Andrea Tate,sarah10
9809,Female,2,Melissa Murray,dshaw
9810,Female,1,Michelle Chen,ramosconnie
9811,Female,2,Rita Moore,brittany14
9812,Female,1,Sheila Phillips,whitakerlance
9813,Female,2,Sally Goodman,alejandramendez
9814,Male,2,Oscar Smith,ubauer
9815,Male,1,Jeremiah Clark,scottjackson
9816,Female,1,Kristi Brown,hrodriguez
9817,Male,1,Martin Soto,pclark
9818,Female,2,Julie Black,jenniferwalton
9819,Female,1,Sara Richardson,ystokes
9820,Male,2,Gregory Reynolds,wjohnston
9821,Female,2,Mary Wang,cherylfox
9822,Female,1,Christina Jones,yharrington
9823,Female,2,Kelly Gibbs,alisonmeza
9824,Male,1,Steven Pugh,lisalynch
9825,Male,2,Ethan Randolph,flemingpatrick
9826,Male,1,Randy Edwards,huntmichelle
9827,Female,1,Lisa Collins,rogerssamantha
9828,Female,2,Laura Huffman,lisa57
9829,Female,1,Tina Green,nbrooks
9830,Male,2,Timothy Warren,yreyes
9831,Male,2,Aaron Rogers,alexander99
9832,Male,1,Jack Terry,hrandolph
9833,Female,2,Kelly Cook,kevingould
9834,Male,2,David Parker,tcontreras
9835,Female,1,Monica Harvey,markortiz
9836,Male,1,Robert Greer,richardsondouglas
9837,Male,2,Joe Daniels,sarahjackson
9838,Female,1,Caitlin Patrick,taylorparker
9839,Male,2,William Rivera,andersonbeth
9840,Male,2,Scott Wheeler,troyking
9841,Female,1,Mrs. Christina Martin,smithmatthew
9842,Male,1,Andrew Allen,vclark
9843,Male,1,Robert Chambers,tonygarcia
9844,Female,2,Wanda Taylor,katherine93
9845,Female,1,Stephanie Owens,gregorylisa
9846,Male,1,Spencer Blankenship,swilliams
9847,Male,1,Jason Garcia,pittmanscott
9848,Female,1,Sheri Tanner,karen44
9849,Female,1,Dana Ross,slopez
9850,Female,2,Katie Underwood,ricethomas
9851,Male,2,Casey Rojas,carrie40
9852,Male,1,Nathan Bean,xfrancis
9853,Female,2,Christine Pugh,gonzalezfelicia
9854,Female,2,Faith Sanders,danielmorales
9855,Male,1,John Rangel,sparksmarissa
9856,Male,2,Francisco Dalton,spearsjessica
9857,Male,2,Alan Hunter,david98
9858,Male,1,Jim Byrd,tranderek
9859,Female,2,Jessica Nielsen,michelle19
9860,Male,1,Michael Avery,josephbrandon
9861,Male,1,Jeffrey Ray,wyatthunt
9862,Male,1,Paul Hansen,fturner
9863,Female,2,Christy Stanton,baileysusan
9864,Male,1,Jonathan Fleming,megan28
9865,Female,1,Barbara Greene,wsimmons
9866,Female,2,Sarah Daugherty,cherylkim
9867,Female,1,Destiny Morton,kelly19
9868,Female,1,Deborah Harris,figueroashirley
9869,Female,1,Rachel Shaffer,christie65
9870,Female,2,Carolyn Daniels,destinywashington
9871,Male,1,Jose Yu,zachary64
9872,Female,1,Carol Page,yjackson
9873,Female,2,Anna Williams,ajohnson
9874,Female,1,Alison Howell,danielle04
9875,Female,1,Gina Ward,duncanjanet
9876,Male,2,Brandon Robinson,stephanie10
9877,Female,1,Amanda Glenn,amberbowers
9878,Female,2,Rhonda Gallegos,jenkinsrobert
9879,Female,1,Mary Turner,michelle08
9880,Female,1,Sarah Sanchez,darren96
9881,Male,1,Joseph Thomas,josephrusso
9882,Female,1,Brenda Buckley,kathleenmartin
9883,Male,1,Russell Armstrong,keith47
9884,Female,1,Jennifer Harris,stephanie54
9885,Female,1,Brenda Hayes,brandonwhite
9886,Male,1,Kevin Brennan,andrelewis
9887,Female,1,Felicia Bryant,hickmanphyllis
9888,Female,1,Lisa Bowen,melanie70
9889,Female,1,Jessica Jones,wramirez
9890,Male,1,Mr. Matthew Morgan,michael86
9891,Male,1,Steven Bowman,thomas24
9892,Female,2,Stacy Mclaughlin,wheelerdonald
9893,Male,2,Eric Patton DVM,chasecolon
9894,Female,1,Christina Miller,feverett
9895,Female,1,Tiffany Andrews,tranbarbara
9896,Female,1,Kimberly Ford,michaelpham
9897,Male,2,Christopher Wallace,cramos
9898,Male,1,Craig Gonzalez,noah17
9899,Male,1,Joel Alexander,holmesraymond
9900,Male,2,Daniel Gonzalez,robertsshane
9901,Male,2,Corey Bond,mcmillanlori
9902,Male,2,Jorge Wheeler,rbass
9903,Male,2,Jerry Cervantes,patrickjohnson
9904,Female,1,Victoria Lynn,william04
9905,Male,1,Timothy King,linda74
9906,Female,1,Jill Miller,brittanygarza
9907,Male,2,Michael House,jtran
9908,Male,1,Patrick Whitaker,gomeztyler
9909,Male,1,Spencer Anderson,mejiatimothy
9910,Male,2,Adam Jones,kporter
9911,Male,1,Jeffrey English,haydenjohnson
9912,Female,1,Michelle Johnson,randalljones
9913,Female,1,Rebecca Smith,pricetiffany
9914,Female,1,Sarah Gill,gcampbell
9915,Female,1,Katherine Winters,darlene33
9916,Female,2,Bailey Jones,brandi36
9917,Female,2,Mary Mathis,tmartinez
9918,Male,1,James Fisher,campbellthomas
9919,Male,1,Joshua Lopez,waltontiffany
9920,Female,2,Melissa Kirk,davidcollins
9921,Female,1,Rachel Smith,meganjones
9922,Male,2,Joshua Carrillo,jamiecampbell
9923,Female,2,Sydney Wyatt,reginald38
9924,Female,1,Sarah Long,christina62
9925,Female,2,Elizabeth Bentley,angelagonzalez
9926,Female,2,Donna Rios,christopherporter
9927,Male,1,Jonathan Garza,omitchell
9928,Male,2,Alexander Fisher,waltersdebbie
9929,Female,1,Courtney Mendoza,lporter
9930,Male,1,Jason Bender,jessica86
9931,Female,2,Amanda Weber,robertowens
9932,Male,1,Brett Bennett,nicholsonchristopher
9933,Female,1,Christina Franco,torresashley
9934,Female,1,Abigail Cowan,marilyn19
9935,Male,2,Michael Taylor,marctapia
9936,Female,2,Kathleen Thomas,jacob63
9937,Male,2,Jeff Wu,janetlowery
9938,Female,2,Sherry Morgan,vmiller
9939,Female,2,Catherine Vasquez,simpsondarren
9940,Male,2,James Spencer,xgreen
9941,Male,1,Daryl White,griffindaniel
9942,Male,2,Jason Leonard,jacksonpamela
9943,Male,1,Lawrence Reed,jarvisjames
9944,Female,2,Shannon Brown,rmorris
9945,Female,1,Ann Montoya,gibbsmichelle
9946,Male,1,Jordan Powell,johnaguirre
9947,Female,2,Mrs. Erin Avila DDS,vcook
9948,Female,2,Nicole Davis,vgibson
9949,Male,2,John Paul,levinecassandra
9950,Male,2,Mr. Travis Curtis,michael55
9951,Female,1,Phyllis Maldonado,laurenbennett
9952,Female,1,Shannon May,robert07
9953,Male,1,Robert Patton Jr.,stewartrobert
9954,Female,1,Crystal Carpenter,qrangel
9955,Female,2,Amy Daniels,qbridges
9956,Male,2,John Chapman,hintonpaul
9957,Female,1,Catherine Raymond,toddjoy
9958,Male,2,David Edwards,cody76
9959,Male,1,Ross Garcia,shelly20
9960,Male,1,Dillon Banks,ulane
9961,Male,2,Jason Baker,bakerlauren
9962,Female,2,Victoria Hodge,lori08
9963,Female,1,Jill Reyes,krista00
9964,Female,1,Mia Lee,molly96
9965,Female,2,Miss Maria Kane DDS,kenneth52
9966,Male,1,Shane Sutton,frostjoy
9967,Female,2,Kaitlyn Jenkins,christinegarrett
9968,Female,1,Jacqueline King,qpeters
9969,Male,1,Dennis Pratt,gwendolynthompson
9970,Female,1,Kathryn Torres,shortstacey
9971,Female,2,Pamela Williams,jonathan69
9972,Male,2,Sergio Hernandez,wangmargaret
9973,Female,2,Stephanie Kerr,amygarcia
9974,Male,1,Matthew Silva,jamessantos
9975,Female,1,Rebecca Bennett MD,acevedokevin
9976,Male,1,Jesse Fleming,csmith
9977,Female,2,Sheryl Sellers,juliemckenzie
9978,Male,1,Patrick Webb,wjones
9979,Male,1,David Gibson,heather15
9980,Male,1,Noah Pierce,michael17
9981,Male,2,Tim Sutton,monica10
9982,Female,2,Jessica Miller,timothy50
9983,Female,2,Susan Hudson DDS,bkemp
9984,Female,2,Deborah Brown,griffinlisa
9985,Male,2,Dwayne Nelson,harristimothy
9986,Male,1,Daniel Escobar,holly90
9987,Male,1,Cameron Becker,perezmichael
9988,Female,1,Margaret Carr,vasquezjustin
9989,Male,1,Paul Butler,fferguson
9990,Female,1,Taylor Gomez,hawkinsalexandra
9991,Female,1,Heather Walker,cody67
9992,Female,2,Lauren Robbins,rodriguezchristian
9993,Male,2,Clifford Tran,ebony04
9994,Male,2,James Griffin,andersonjoseph
9995,Female,1,Melissa Pittman,robert70
9996,Male,1,John Wolf,natasha06
9997,Female,2,Andrea Holland,drobertson
9998,Male,1,Gregory Meza,camposscott
9999,Male,1,Hunter Nelson,cbernard
